text_idx,gt_rank,recall@1,precision@1,recall@5,precision@5,recall@10,precision@10,recall@50,precision@50
1,479,0,0.0,0,0.0,0,0.0,0,0.0
1,398,0,0.0,0,0.0,0,0.0,0,0.0
1,516,0,0.0,0,0.0,0,0.0,0,0.0
1,389,0,0.0,0,0.0,0,0.0,0,0.0
1,1005,0,0.0,0,0.0,0,0.0,0,0.0
15,20,0,0.0,0,0.0,0,0.0,1,0.1
15,10,0,0.0,0,0.0,0,0.0,1,0.1
15,25,0,0.0,0,0.0,0,0.0,1,0.1
15,10,0,0.0,0,0.0,0,0.0,1,0.1
15,88,0,0.0,0,0.0,0,0.0,0,0.0
30,264,0,0.0,0,0.0,0,0.0,0,0.0
30,30,0,0.0,0,0.0,0,0.0,1,0.1
30,67,0,0.0,0,0.0,0,0.0,0,0.0
30,177,0,0.0,0,0.0,0,0.0,0,0.0
30,23,0,0.0,0,0.0,0,0.0,1,0.1
40,201,0,0.0,0,0.0,0,0.0,0,0.0
40,489,0,0.0,0,0.0,0,0.0,0,0.0
40,217,0,0.0,0,0.0,0,0.0,0,0.0
40,346,0,0.0,0,0.0,0,0.0,0,0.0
40,285,0,0.0,0,0.0,0,0.0,0,0.0
52,190,0,0.0,0,0.0,0,0.0,0,0.0
52,694,0,0.0,0,0.0,0,0.0,0,0.0
52,386,0,0.0,0,0.0,0,0.0,0,0.0
52,387,0,0.0,0,0.0,0,0.0,0,0.0
52,170,0,0.0,0,0.0,0,0.0,0,0.0
59,35,0,0.0,0,0.0,0,0.0,1,0.1
59,72,0,0.0,0,0.0,0,0.0,0,0.0
59,172,0,0.0,0,0.0,0,0.0,0,0.0
59,24,0,0.0,0,0.0,0,0.0,1,0.1
59,82,0,0.0,0,0.0,0,0.0,0,0.0
70,356,0,0.0,0,0.0,0,0.0,0,0.0
70,141,0,0.0,0,0.0,0,0.0,0,0.0
70,5,0,0.0,0,0.0,1,0.5,1,0.1
70,0,1,1.0,1,1.0,1,0.5,1,0.1
70,0,1,1.0,1,1.0,1,0.5,1,0.1
98,39,0,0.0,0,0.0,0,0.0,1,0.1
98,219,0,0.0,0,0.0,0,0.0,0,0.0
98,64,0,0.0,0,0.0,0,0.0,0,0.0
98,5,0,0.0,0,0.0,1,0.5,1,0.1
98,221,0,0.0,0,0.0,0,0.0,0,0.0
108,33,0,0.0,0,0.0,0,0.0,1,0.1
108,46,0,0.0,0,0.0,0,0.0,1,0.08
108,24,0,0.0,0,0.0,0,0.0,1,0.1
108,56,0,0.0,0,0.0,0,0.0,0,0.0
108,33,0,0.0,0,0.0,0,0.0,1,0.1
120,0,1,1.0,1,1.0,1,0.5,1,0.1
120,160,0,0.0,0,0.0,0,0.0,0,0.0
120,30,0,0.0,0,0.0,0,0.0,1,0.1
120,43,0,0.0,0,0.0,0,0.0,1,0.1
120,63,0,0.0,0,0.0,0,0.0,0,0.0
121,439,0,0.0,0,0.0,0,0.0,0,0.0
121,0,1,1.0,1,1.0,1,0.5,1,0.1
121,0,1,1.0,1,1.0,1,0.5,1,0.1
121,109,0,0.0,0,0.0,0,0.0,0,0.0
121,17,0,0.0,0,0.0,0,0.0,1,0.1
123,24,0,0.0,0,0.0,0,0.0,1,0.1
123,352,0,0.0,0,0.0,0,0.0,0,0.0
123,67,0,0.0,0,0.0,0,0.0,0,0.0
123,24,0,0.0,0,0.0,0,0.0,1,0.1
123,29,0,0.0,0,0.0,0,0.0,1,0.1
126,64,0,0.0,0,0.0,0,0.0,0,0.0
126,9,0,0.0,0,0.0,1,0.1,1,0.1
126,5,0,0.0,0,0.0,1,0.5,1,0.1
126,29,0,0.0,0,0.0,0,0.0,1,0.1
126,5,0,0.0,0,0.0,1,0.5,1,0.1
129,42,0,0.0,0,0.0,0,0.0,1,0.1
129,78,0,0.0,0,0.0,0,0.0,0,0.0
129,34,0,0.0,0,0.0,0,0.0,1,0.1
129,43,0,0.0,0,0.0,0,0.0,1,0.1
129,29,0,0.0,0,0.0,0,0.0,1,0.1
168,4,0,0.0,1,0.2,1,0.5,1,0.1
168,4,0,0.0,1,0.2,1,0.5,1,0.1
168,0,1,1.0,1,1.0,1,0.5,1,0.1
168,4,0,0.0,1,0.2,1,0.5,1,0.1
168,29,0,0.0,0,0.0,0,0.0,1,0.1
201,5,0,0.0,0,0.0,1,0.5,1,0.1
201,81,0,0.0,0,0.0,0,0.0,0,0.0
201,100,0,0.0,0,0.0,0,0.0,0,0.0
201,5,0,0.0,0,0.0,1,0.5,1,0.1
201,352,0,0.0,0,0.0,0,0.0,0,0.0
204,54,0,0.0,0,0.0,0,0.0,0,0.0
204,28,0,0.0,0,0.0,0,0.0,1,0.1
204,144,0,0.0,0,0.0,0,0.0,0,0.0
204,54,0,0.0,0,0.0,0,0.0,0,0.0
204,58,0,0.0,0,0.0,0,0.0,0,0.0
212,89,0,0.0,0,0.0,0,0.0,0,0.0
212,219,0,0.0,0,0.0,0,0.0,0,0.0
212,152,0,0.0,0,0.0,0,0.0,0,0.0
212,506,0,0.0,0,0.0,0,0.0,0,0.0
212,814,0,0.0,0,0.0,0,0.0,0,0.0
217,889,0,0.0,0,0.0,0,0.0,0,0.0
217,912,0,0.0,0,0.0,0,0.0,0,0.0
217,216,0,0.0,0,0.0,0,0.0,0,0.0
217,561,0,0.0,0,0.0,0,0.0,0,0.0
217,514,0,0.0,0,0.0,0,0.0,0,0.0
223,1100,0,0.0,0,0.0,0,0.0,0,0.0
223,947,0,0.0,0,0.0,0,0.0,0,0.0
223,1135,0,0.0,0,0.0,0,0.0,0,0.0
223,593,0,0.0,0,0.0,0,0.0,0,0.0
223,409,0,0.0,0,0.0,0,0.0,0,0.0
234,69,0,0.0,0,0.0,0,0.0,0,0.0
234,59,0,0.0,0,0.0,0,0.0,0,0.0
234,0,1,1.0,1,1.0,1,0.5,1,0.1
234,44,0,0.0,0,0.0,0,0.0,1,0.1
234,5,0,0.0,0,0.0,1,0.5,1,0.1
239,0,1,1.0,1,0.8,1,0.4,1,0.08
239,50,0,0.0,0,0.0,0,0.0,0,0.0
239,238,0,0.0,0,0.0,0,0.0,0,0.0
239,5,0,0.0,0,0.0,1,0.4,1,0.08
248,29,0,0.0,0,0.0,0,0.0,1,0.1
248,58,0,0.0,0,0.0,0,0.0,0,0.0
248,854,0,0.0,0,0.0,0,0.0,0,0.0
248,141,0,0.0,0,0.0,0,0.0,0,0.0
248,590,0,0.0,0,0.0,0,0.0,0,0.0
254,19,0,0.0,0,0.0,0,0.0,1,0.1
254,9,0,0.0,0,0.0,1,0.1,1,0.1
254,19,0,0.0,0,0.0,0,0.0,1,0.1
254,10,0,0.0,0,0.0,0,0.0,1,0.1
254,9,0,0.0,0,0.0,1,0.1,1,0.1
266,105,0,0.0,0,0.0,0,0.0,0,0.0
266,20,0,0.0,0,0.0,0,0.0,1,0.1
266,36,0,0.0,0,0.0,0,0.0,1,0.1
266,210,0,0.0,0,0.0,0,0.0,0,0.0
266,24,0,0.0,0,0.0,0,0.0,1,0.1
301,10,0,0.0,0,0.0,0,0.0,1,0.1
301,10,0,0.0,0,0.0,0,0.0,1,0.1
301,15,0,0.0,0,0.0,0,0.0,1,0.1
301,10,0,0.0,0,0.0,0,0.0,1,0.1
301,50,0,0.0,0,0.0,0,0.0,0,0.0
306,10,0,0.0,0,0.0,0,0.0,1,0.08
306,10,0,0.0,0,0.0,0,0.0,1,0.08
306,0,1,1.0,1,0.8,1,0.4,1,0.08
306,0,1,1.0,1,0.8,1,0.4,1,0.08
323,5,0,0.0,0,0.0,1,0.5,1,0.1
323,0,1,1.0,1,1.0,1,0.5,1,0.1
323,0,1,1.0,1,1.0,1,0.5,1,0.1
323,0,1,1.0,1,1.0,1,0.5,1,0.1
323,0,1,1.0,1,1.0,1,0.5,1,0.1
341,0,1,1.0,1,1.0,1,0.5,1,0.1
341,24,0,0.0,0,0.0,0,0.0,1,0.1
341,33,0,0.0,0,0.0,0,0.0,1,0.1
341,93,0,0.0,0,0.0,0,0.0,0,0.0
341,0,1,1.0,1,1.0,1,0.5,1,0.1
345,736,0,0.0,0,0.0,0,0.0,0,0.0
345,5,0,0.0,0,0.0,1,0.5,1,0.1
345,204,0,0.0,0,0.0,0,0.0,0,0.0
345,5,0,0.0,0,0.0,1,0.5,1,0.1
345,0,1,1.0,1,1.0,1,0.5,1,0.1
348,44,0,0.0,0,0.0,0,0.0,1,0.08
348,0,1,1.0,1,0.8,1,0.4,1,0.08
348,10,0,0.0,0,0.0,0,0.0,1,0.08
348,0,1,1.0,1,0.8,1,0.4,1,0.08
363,673,0,0.0,0,0.0,0,0.0,0,0.0
363,147,0,0.0,0,0.0,0,0.0,0,0.0
363,98,0,0.0,0,0.0,0,0.0,0,0.0
363,148,0,0.0,0,0.0,0,0.0,0,0.0
375,107,0,0.0,0,0.0,0,0.0,0,0.0
375,0,1,1.0,1,1.0,1,0.5,1,0.1
375,0,1,1.0,1,1.0,1,0.5,1,0.1
375,0,1,1.0,1,1.0,1,0.5,1,0.1
375,0,1,1.0,1,1.0,1,0.5,1,0.1
391,102,0,0.0,0,0.0,0,0.0,0,0.0
391,64,0,0.0,0,0.0,0,0.0,0,0.0
391,850,0,0.0,0,0.0,0,0.0,0,0.0
391,171,0,0.0,0,0.0,0,0.0,0,0.0
391,155,0,0.0,0,0.0,0,0.0,0,0.0
394,122,0,0.0,0,0.0,0,0.0,0,0.0
394,44,0,0.0,0,0.0,0,0.0,1,0.08
394,0,1,1.0,1,0.8,1,0.4,1,0.08
394,113,0,0.0,0,0.0,0,0.0,0,0.0
401,0,1,1.0,1,1.0,1,0.5,1,0.1
401,5,0,0.0,0,0.0,1,0.5,1,0.1
401,5,0,0.0,0,0.0,1,0.5,1,0.1
401,5,0,0.0,0,0.0,1,0.5,1,0.1
401,131,0,0.0,0,0.0,0,0.0,0,0.0
409,167,0,0.0,0,0.0,0,0.0,0,0.0
409,236,0,0.0,0,0.0,0,0.0,0,0.0
409,340,0,0.0,0,0.0,0,0.0,0,0.0
409,72,0,0.0,0,0.0,0,0.0,0,0.0
421,136,0,0.0,0,0.0,0,0.0,0,0.0
421,66,0,0.0,0,0.0,0,0.0,0,0.0
421,101,0,0.0,0,0.0,0,0.0,0,0.0
421,46,0,0.0,0,0.0,0,0.0,1,0.08
421,125,0,0.0,0,0.0,0,0.0,0,0.0
423,424,0,0.0,0,0.0,0,0.0,0,0.0
423,133,0,0.0,0,0.0,0,0.0,0,0.0
423,46,0,0.0,0,0.0,0,0.0,1,0.08
423,252,0,0.0,0,0.0,0,0.0,0,0.0
423,19,0,0.0,0,0.0,0,0.0,1,0.1
424,10,0,0.0,0,0.0,0,0.0,1,0.1
424,62,0,0.0,0,0.0,0,0.0,0,0.0
424,20,0,0.0,0,0.0,0,0.0,1,0.1
424,412,0,0.0,0,0.0,0,0.0,0,0.0
424,222,0,0.0,0,0.0,0,0.0,0,0.0
426,83,0,0.0,0,0.0,0,0.0,0,0.0
426,310,0,0.0,0,0.0,0,0.0,0,0.0
426,34,0,0.0,0,0.0,0,0.0,1,0.1
426,8,0,0.0,0,0.0,1,0.2,1,0.1
426,374,0,0.0,0,0.0,0,0.0,0,0.0
428,10,0,0.0,0,0.0,0,0.0,1,0.08
428,0,1,1.0,1,0.8,1,0.4,1,0.08
428,15,0,0.0,0,0.0,0,0.0,1,0.08
428,71,0,0.0,0,0.0,0,0.0,0,0.0
438,0,1,1.0,1,1.0,1,0.5,1,0.1
438,20,0,0.0,0,0.0,0,0.0,1,0.1
438,372,0,0.0,0,0.0,0,0.0,0,0.0
438,0,1,1.0,1,1.0,1,0.5,1,0.1
438,82,0,0.0,0,0.0,0,0.0,0,0.0
444,0,1,1.0,1,1.0,1,0.5,1,0.1
444,159,0,0.0,0,0.0,0,0.0,0,0.0
444,353,0,0.0,0,0.0,0,0.0,0,0.0
444,18,0,0.0,0,0.0,0,0.0,1,0.1
444,3,0,0.0,1,0.4,1,0.5,1,0.1
447,15,0,0.0,0,0.0,0,0.0,1,0.1
447,45,0,0.0,0,0.0,0,0.0,1,0.1
447,189,0,0.0,0,0.0,0,0.0,0,0.0
447,60,0,0.0,0,0.0,0,0.0,0,0.0
447,19,0,0.0,0,0.0,0,0.0,1,0.1
448,44,0,0.0,0,0.0,0,0.0,1,0.08
448,5,0,0.0,0,0.0,1,0.4,1,0.08
448,28,0,0.0,0,0.0,0,0.0,1,0.08
448,0,1,1.0,1,0.8,1,0.4,1,0.08
461,15,0,0.0,0,0.0,0,0.0,1,0.1
461,15,0,0.0,0,0.0,0,0.0,1,0.1
461,10,0,0.0,0,0.0,0,0.0,1,0.1
461,15,0,0.0,0,0.0,0,0.0,1,0.1
461,0,1,1.0,1,1.0,1,0.5,1,0.1
486,430,0,0.0,0,0.0,0,0.0,0,0.0
486,315,0,0.0,0,0.0,0,0.0,0,0.0
486,323,0,0.0,0,0.0,0,0.0,0,0.0
486,664,0,0.0,0,0.0,0,0.0,0,0.0
486,195,0,0.0,0,0.0,0,0.0,0,0.0
495,298,0,0.0,0,0.0,0,0.0,0,0.0
495,100,0,0.0,0,0.0,0,0.0,0,0.0
495,123,0,0.0,0,0.0,0,0.0,0,0.0
495,45,0,0.0,0,0.0,0,0.0,1,0.1
495,707,0,0.0,0,0.0,0,0.0,0,0.0
499,302,0,0.0,0,0.0,0,0.0,0,0.0
499,23,0,0.0,0,0.0,0,0.0,1,0.08
499,63,0,0.0,0,0.0,0,0.0,0,0.0
499,124,0,0.0,0,0.0,0,0.0,0,0.0
517,0,1,1.0,1,1.0,1,0.5,1,0.1
517,229,0,0.0,0,0.0,0,0.0,0,0.0
517,92,0,0.0,0,0.0,0,0.0,0,0.0
517,25,0,0.0,0,0.0,0,0.0,1,0.1
517,5,0,0.0,0,0.0,1,0.5,1,0.1
519,25,0,0.0,0,0.0,0,0.0,1,0.1
519,88,0,0.0,0,0.0,0,0.0,0,0.0
519,49,0,0.0,0,0.0,0,0.0,1,0.02
519,10,0,0.0,0,0.0,0,0.0,1,0.1
519,34,0,0.0,0,0.0,0,0.0,1,0.1
520,69,0,0.0,0,0.0,0,0.0,0,0.0
520,1064,0,0.0,0,0.0,0,0.0,0,0.0
520,15,0,0.0,0,0.0,0,0.0,1,0.1
520,301,0,0.0,0,0.0,0,0.0,0,0.0
520,66,0,0.0,0,0.0,0,0.0,0,0.0
523,522,0,0.0,0,0.0,0,0.0,0,0.0
523,5,0,0.0,0,0.0,1,0.5,1,0.1
523,621,0,0.0,0,0.0,0,0.0,0,0.0
523,89,0,0.0,0,0.0,0,0.0,0,0.0
523,219,0,0.0,0,0.0,0,0.0,0,0.0
535,8,0,0.0,0,0.0,1,0.2,1,0.08
535,38,0,0.0,0,0.0,0,0.0,1,0.08
535,15,0,0.0,0,0.0,0,0.0,1,0.08
535,41,0,0.0,0,0.0,0,0.0,1,0.08
537,5,0,0.0,0,0.0,1,0.5,1,0.1
537,0,1,1.0,1,1.0,1,0.5,1,0.1
537,0,1,1.0,1,1.0,1,0.5,1,0.1
537,9,0,0.0,0,0.0,1,0.1,1,0.1
537,20,0,0.0,0,0.0,0,0.0,1,0.1
541,575,0,0.0,0,0.0,0,0.0,0,0.0
541,769,0,0.0,0,0.0,0,0.0,0,0.0
541,769,0,0.0,0,0.0,0,0.0,0,0.0
541,484,0,0.0,0,0.0,0,0.0,0,0.0
543,217,0,0.0,0,0.0,0,0.0,0,0.0
543,258,0,0.0,0,0.0,0,0.0,0,0.0
543,608,0,0.0,0,0.0,0,0.0,0,0.0
543,787,0,0.0,0,0.0,0,0.0,0,0.0
580,204,0,0.0,0,0.0,0,0.0,0,0.0
580,161,0,0.0,0,0.0,0,0.0,0,0.0
580,5,0,0.0,0,0.0,1,0.5,1,0.1
580,301,0,0.0,0,0.0,0,0.0,0,0.0
580,394,0,0.0,0,0.0,0,0.0,0,0.0
590,39,0,0.0,0,0.0,0,0.0,1,0.1
590,54,0,0.0,0,0.0,0,0.0,0,0.0
590,5,0,0.0,0,0.0,1,0.5,1,0.1
590,54,0,0.0,0,0.0,0,0.0,0,0.0
590,0,1,1.0,1,1.0,1,0.5,1,0.1
616,85,0,0.0,0,0.0,0,0.0,0,0.0
616,10,0,0.0,0,0.0,0,0.0,1,0.1
616,5,0,0.0,0,0.0,1,0.5,1,0.1
616,43,0,0.0,0,0.0,0,0.0,1,0.1
616,9,0,0.0,0,0.0,1,0.1,1,0.1
626,201,0,0.0,0,0.0,0,0.0,0,0.0
626,15,0,0.0,0,0.0,0,0.0,1,0.1
626,60,0,0.0,0,0.0,0,0.0,0,0.0
626,407,0,0.0,0,0.0,0,0.0,0,0.0
626,10,0,0.0,0,0.0,0,0.0,1,0.1
629,499,0,0.0,0,0.0,0,0.0,0,0.0
629,303,0,0.0,0,0.0,0,0.0,0,0.0
629,66,0,0.0,0,0.0,0,0.0,0,0.0
629,102,0,0.0,0,0.0,0,0.0,0,0.0
629,92,0,0.0,0,0.0,0,0.0,0,0.0
646,245,0,0.0,0,0.0,0,0.0,0,0.0
646,399,0,0.0,0,0.0,0,0.0,0,0.0
646,24,0,0.0,0,0.0,0,0.0,1,0.1
646,170,0,0.0,0,0.0,0,0.0,0,0.0
646,0,1,1.0,1,1.0,1,0.5,1,0.1
652,36,0,0.0,0,0.0,0,0.0,1,0.1
652,8,0,0.0,0,0.0,1,0.2,1,0.1
652,11,0,0.0,0,0.0,0,0.0,1,0.1
652,8,0,0.0,0,0.0,1,0.2,1,0.1
652,18,0,0.0,0,0.0,0,0.0,1,0.1
655,199,0,0.0,0,0.0,0,0.0,0,0.0
655,189,0,0.0,0,0.0,0,0.0,0,0.0
655,422,0,0.0,0,0.0,0,0.0,0,0.0
655,34,0,0.0,0,0.0,0,0.0,1,0.1
655,184,0,0.0,0,0.0,0,0.0,0,0.0
665,80,0,0.0,0,0.0,0,0.0,0,0.0
665,15,0,0.0,0,0.0,0,0.0,1,0.1
665,10,0,0.0,0,0.0,0,0.0,1,0.1
665,10,0,0.0,0,0.0,0,0.0,1,0.1
665,35,0,0.0,0,0.0,0,0.0,1,0.1
672,51,0,0.0,0,0.0,0,0.0,0,0.0
672,178,0,0.0,0,0.0,0,0.0,0,0.0
672,73,0,0.0,0,0.0,0,0.0,0,0.0
672,1671,0,0.0,0,0.0,0,0.0,0,0.0
672,261,0,0.0,0,0.0,0,0.0,0,0.0
677,23,0,0.0,0,0.0,0,0.0,1,0.1
677,110,0,0.0,0,0.0,0,0.0,0,0.0
677,0,1,1.0,1,1.0,1,0.5,1,0.1
677,13,0,0.0,0,0.0,0,0.0,1,0.1
677,10,0,0.0,0,0.0,0,0.0,1,0.1
680,203,0,0.0,0,0.0,0,0.0,0,0.0
680,1078,0,0.0,0,0.0,0,0.0,0,0.0
680,1744,0,0.0,0,0.0,0,0.0,0,0.0
680,10,0,0.0,0,0.0,0,0.0,1,0.1
680,1518,0,0.0,0,0.0,0,0.0,0,0.0
691,14,0,0.0,0,0.0,0,0.0,1,0.1
691,5,0,0.0,0,0.0,1,0.5,1,0.1
691,14,0,0.0,0,0.0,0,0.0,1,0.1
691,10,0,0.0,0,0.0,0,0.0,1,0.1
691,5,0,0.0,0,0.0,1,0.5,1,0.1
703,119,0,0.0,0,0.0,0,0.0,0,0.0
703,743,0,0.0,0,0.0,0,0.0,0,0.0
703,107,0,0.0,0,0.0,0,0.0,0,0.0
703,180,0,0.0,0,0.0,0,0.0,0,0.0
703,181,0,0.0,0,0.0,0,0.0,0,0.0
748,317,0,0.0,0,0.0,0,0.0,0,0.0
748,484,0,0.0,0,0.0,0,0.0,0,0.0
748,174,0,0.0,0,0.0,0,0.0,0,0.0
748,502,0,0.0,0,0.0,0,0.0,0,0.0
748,15,0,0.0,0,0.0,0,0.0,1,0.1
779,5,0,0.0,0,0.0,1,0.5,1,0.1
779,24,0,0.0,0,0.0,0,0.0,1,0.1
779,47,0,0.0,0,0.0,0,0.0,1,0.06
779,0,1,1.0,1,1.0,1,0.5,1,0.1
779,0,1,1.0,1,1.0,1,0.5,1,0.1
790,133,0,0.0,0,0.0,0,0.0,0,0.0
790,242,0,0.0,0,0.0,0,0.0,0,0.0
790,60,0,0.0,0,0.0,0,0.0,0,0.0
790,65,0,0.0,0,0.0,0,0.0,0,0.0
790,60,0,0.0,0,0.0,0,0.0,0,0.0
801,115,0,0.0,0,0.0,0,0.0,0,0.0
801,20,0,0.0,0,0.0,0,0.0,1,0.1
801,347,0,0.0,0,0.0,0,0.0,0,0.0
801,10,0,0.0,0,0.0,0,0.0,1,0.1
801,15,0,0.0,0,0.0,0,0.0,1,0.1
808,5,0,0.0,0,0.0,1,0.5,1,0.1
808,0,1,1.0,1,1.0,1,0.5,1,0.1
808,19,0,0.0,0,0.0,0,0.0,1,0.1
808,66,0,0.0,0,0.0,0,0.0,0,0.0
808,5,0,0.0,0,0.0,1,0.5,1,0.1
824,142,0,0.0,0,0.0,0,0.0,0,0.0
824,24,0,0.0,0,0.0,0,0.0,1,0.1
824,5,0,0.0,0,0.0,1,0.5,1,0.1
824,0,1,1.0,1,1.0,1,0.5,1,0.1
824,25,0,0.0,0,0.0,0,0.0,1,0.1
826,17,0,0.0,0,0.0,0,0.0,1,0.1
826,109,0,0.0,0,0.0,0,0.0,0,0.0
826,5,0,0.0,0,0.0,1,0.5,1,0.1
826,18,0,0.0,0,0.0,0,0.0,1,0.1
826,0,1,1.0,1,1.0,1,0.5,1,0.1
829,55,0,0.0,0,0.0,0,0.0,0,0.0
829,113,0,0.0,0,0.0,0,0.0,0,0.0
829,797,0,0.0,0,0.0,0,0.0,0,0.0
829,8,0,0.0,0,0.0,1,0.2,1,0.08
868,8,0,0.0,0,0.0,1,0.2,1,0.1
868,33,0,0.0,0,0.0,0,0.0,1,0.1
868,28,0,0.0,0,0.0,0,0.0,1,0.1
868,38,0,0.0,0,0.0,0,0.0,1,0.1
868,25,0,0.0,0,0.0,0,0.0,1,0.1
869,346,0,0.0,0,0.0,0,0.0,0,0.0
869,53,0,0.0,0,0.0,0,0.0,0,0.0
869,277,0,0.0,0,0.0,0,0.0,0,0.0
869,38,0,0.0,0,0.0,0,0.0,1,0.1
869,257,0,0.0,0,0.0,0,0.0,0,0.0
872,188,0,0.0,0,0.0,0,0.0,0,0.0
872,238,0,0.0,0,0.0,0,0.0,0,0.0
872,248,0,0.0,0,0.0,0,0.0,0,0.0
872,440,0,0.0,0,0.0,0,0.0,0,0.0
872,227,0,0.0,0,0.0,0,0.0,0,0.0
904,73,0,0.0,0,0.0,0,0.0,0,0.0
904,42,0,0.0,0,0.0,0,0.0,1,0.1
904,349,0,0.0,0,0.0,0,0.0,0,0.0
904,41,0,0.0,0,0.0,0,0.0,1,0.1
904,42,0,0.0,0,0.0,0,0.0,1,0.1
920,10,0,0.0,0,0.0,0,0.0,1,0.1
920,142,0,0.0,0,0.0,0,0.0,0,0.0
920,0,1,1.0,1,1.0,1,0.5,1,0.1
920,19,0,0.0,0,0.0,0,0.0,1,0.1
920,60,0,0.0,0,0.0,0,0.0,0,0.0
923,355,0,0.0,0,0.0,0,0.0,0,0.0
923,132,0,0.0,0,0.0,0,0.0,0,0.0
923,0,1,1.0,1,0.8,1,0.4,1,0.08
923,0,1,1.0,1,0.8,1,0.4,1,0.08
931,29,0,0.0,0,0.0,0,0.0,1,0.1
931,59,0,0.0,0,0.0,0,0.0,0,0.0
931,95,0,0.0,0,0.0,0,0.0,0,0.0
931,34,0,0.0,0,0.0,0,0.0,1,0.1
931,34,0,0.0,0,0.0,0,0.0,1,0.1
941,22,0,0.0,0,0.0,0,0.0,1,0.08
941,0,1,1.0,1,0.8,1,0.4,1,0.08
941,0,1,1.0,1,0.8,1,0.4,1,0.08
941,0,1,1.0,1,0.8,1,0.4,1,0.08
967,261,0,0.0,0,0.0,0,0.0,0,0.0
967,25,0,0.0,0,0.0,0,0.0,1,0.08
967,0,1,1.0,1,0.8,1,0.4,1,0.08
967,0,1,1.0,1,0.8,1,0.4,1,0.08
972,62,0,0.0,0,0.0,0,0.0,0,0.0
972,225,0,0.0,0,0.0,0,0.0,0,0.0
972,340,0,0.0,0,0.0,0,0.0,0,0.0
972,24,0,0.0,0,0.0,0,0.0,1,0.1
972,126,0,0.0,0,0.0,0,0.0,0,0.0
975,55,0,0.0,0,0.0,0,0.0,0,0.0
975,90,0,0.0,0,0.0,0,0.0,0,0.0
975,64,0,0.0,0,0.0,0,0.0,0,0.0
975,25,0,0.0,0,0.0,0,0.0,1,0.08
1004,25,0,0.0,0,0.0,0,0.0,1,0.1
1004,10,0,0.0,0,0.0,0,0.0,1,0.1
1004,54,0,0.0,0,0.0,0,0.0,0,0.0
1004,15,0,0.0,0,0.0,0,0.0,1,0.1
1004,40,0,0.0,0,0.0,0,0.0,1,0.1
1008,35,0,0.0,0,0.0,0,0.0,1,0.1
1008,126,0,0.0,0,0.0,0,0.0,0,0.0
1008,0,1,1.0,1,1.0,1,0.5,1,0.1
1008,5,0,0.0,0,0.0,1,0.5,1,0.1
1008,34,0,0.0,0,0.0,0,0.0,1,0.1
1019,106,0,0.0,0,0.0,0,0.0,0,0.0
1019,160,0,0.0,0,0.0,0,0.0,0,0.0
1019,74,0,0.0,0,0.0,0,0.0,0,0.0
1019,95,0,0.0,0,0.0,0,0.0,0,0.0
1019,240,0,0.0,0,0.0,0,0.0,0,0.0
1034,5,0,0.0,0,0.0,1,0.5,1,0.1
1034,57,0,0.0,0,0.0,0,0.0,0,0.0
1034,35,0,0.0,0,0.0,0,0.0,1,0.1
1034,50,0,0.0,0,0.0,0,0.0,0,0.0
1034,25,0,0.0,0,0.0,0,0.0,1,0.1
1064,0,1,1.0,1,1.0,1,0.5,1,0.1
1064,10,0,0.0,0,0.0,0,0.0,1,0.1
1064,24,0,0.0,0,0.0,0,0.0,1,0.1
1064,63,0,0.0,0,0.0,0,0.0,0,0.0
1064,0,1,1.0,1,1.0,1,0.5,1,0.1
1077,20,0,0.0,0,0.0,0,0.0,1,0.1
1077,254,0,0.0,0,0.0,0,0.0,0,0.0
1077,20,0,0.0,0,0.0,0,0.0,1,0.1
1077,5,0,0.0,0,0.0,1,0.5,1,0.1
1077,10,0,0.0,0,0.0,0,0.0,1,0.1
1079,33,0,0.0,0,0.0,0,0.0,1,0.1
1079,30,0,0.0,0,0.0,0,0.0,1,0.1
1079,25,0,0.0,0,0.0,0,0.0,1,0.1
1079,72,0,0.0,0,0.0,0,0.0,0,0.0
1079,35,0,0.0,0,0.0,0,0.0,1,0.1
1095,38,0,0.0,0,0.0,0,0.0,1,0.1
1095,10,0,0.0,0,0.0,0,0.0,1,0.1
1095,657,0,0.0,0,0.0,0,0.0,0,0.0
1095,5,0,0.0,0,0.0,1,0.5,1,0.1
1095,5,0,0.0,0,0.0,1,0.5,1,0.1
1103,135,0,0.0,0,0.0,0,0.0,0,0.0
1103,47,0,0.0,0,0.0,0,0.0,1,0.06
1103,48,0,0.0,0,0.0,0,0.0,1,0.04
1103,168,0,0.0,0,0.0,0,0.0,0,0.0
1103,143,0,0.0,0,0.0,0,0.0,0,0.0
1116,5,0,0.0,0,0.0,1,0.4,1,0.08
1116,15,0,0.0,0,0.0,0,0.0,1,0.08
1116,5,0,0.0,0,0.0,1,0.4,1,0.08
1116,28,0,0.0,0,0.0,0,0.0,1,0.08
1138,119,0,0.0,0,0.0,0,0.0,0,0.0
1138,0,1,1.0,1,1.0,1,0.5,1,0.1
1138,0,1,1.0,1,1.0,1,0.5,1,0.1
1138,0,1,1.0,1,1.0,1,0.5,1,0.1
1138,0,1,1.0,1,1.0,1,0.5,1,0.1
1149,105,0,0.0,0,0.0,0,0.0,0,0.0
1149,34,0,0.0,0,0.0,0,0.0,1,0.1
1149,135,0,0.0,0,0.0,0,0.0,0,0.0
1149,91,0,0.0,0,0.0,0,0.0,0,0.0
1149,267,0,0.0,0,0.0,0,0.0,0,0.0
1155,9,0,0.0,0,0.0,1,0.1,1,0.1
1155,0,1,1.0,1,1.0,1,0.5,1,0.1
1155,23,0,0.0,0,0.0,0,0.0,1,0.1
1155,0,1,1.0,1,1.0,1,0.5,1,0.1
1155,58,0,0.0,0,0.0,0,0.0,0,0.0
1160,195,0,0.0,0,0.0,0,0.0,0,0.0
1160,100,0,0.0,0,0.0,0,0.0,0,0.0
1160,5,0,0.0,0,0.0,1,0.5,1,0.1
1160,119,0,0.0,0,0.0,0,0.0,0,0.0
1160,149,0,0.0,0,0.0,0,0.0,0,0.0
1165,19,0,0.0,0,0.0,0,0.0,1,0.1
1165,10,0,0.0,0,0.0,0,0.0,1,0.1
1165,4,0,0.0,1,0.2,1,0.5,1,0.1
1165,34,0,0.0,0,0.0,0,0.0,1,0.1
1165,4,0,0.0,1,0.2,1,0.5,1,0.1
1172,25,0,0.0,0,0.0,0,0.0,1,0.1
1172,5,0,0.0,0,0.0,1,0.5,1,0.1
1172,19,0,0.0,0,0.0,0,0.0,1,0.1
1172,35,0,0.0,0,0.0,0,0.0,1,0.1
1172,20,0,0.0,0,0.0,0,0.0,1,0.1
1185,13,0,0.0,0,0.0,0,0.0,1,0.1
1185,0,1,1.0,1,1.0,1,0.5,1,0.1
1185,5,0,0.0,0,0.0,1,0.5,1,0.1
1185,13,0,0.0,0,0.0,0,0.0,1,0.1
1185,20,0,0.0,0,0.0,0,0.0,1,0.1
1188,5,0,0.0,0,0.0,1,0.5,1,0.1
1188,5,0,0.0,0,0.0,1,0.5,1,0.1
1188,10,0,0.0,0,0.0,0,0.0,1,0.1
1188,68,0,0.0,0,0.0,0,0.0,0,0.0
1188,54,0,0.0,0,0.0,0,0.0,0,0.0
1193,702,0,0.0,0,0.0,0,0.0,0,0.0
1193,93,0,0.0,0,0.0,0,0.0,0,0.0
1193,40,0,0.0,0,0.0,0,0.0,1,0.1
1193,286,0,0.0,0,0.0,0,0.0,0,0.0
1193,56,0,0.0,0,0.0,0,0.0,0,0.0
1197,117,0,0.0,0,0.0,0,0.0,0,0.0
1197,66,0,0.0,0,0.0,0,0.0,0,0.0
1197,10,0,0.0,0,0.0,0,0.0,1,0.1
1197,84,0,0.0,0,0.0,0,0.0,0,0.0
1197,20,0,0.0,0,0.0,0,0.0,1,0.1
1202,0,1,1.0,1,1.0,1,0.5,1,0.1
1202,20,0,0.0,0,0.0,0,0.0,1,0.1
1202,0,1,1.0,1,1.0,1,0.5,1,0.1
1202,20,0,0.0,0,0.0,0,0.0,1,0.1
1202,0,1,1.0,1,1.0,1,0.5,1,0.1
1207,30,0,0.0,0,0.0,0,0.0,1,0.1
1207,5,0,0.0,0,0.0,1,0.5,1,0.1
1207,0,1,1.0,1,1.0,1,0.5,1,0.1
1207,216,0,0.0,0,0.0,0,0.0,0,0.0
1207,194,0,0.0,0,0.0,0,0.0,0,0.0
1210,79,0,0.0,0,0.0,0,0.0,0,0.0
1210,144,0,0.0,0,0.0,0,0.0,0,0.0
1210,30,0,0.0,0,0.0,0,0.0,1,0.1
1210,25,0,0.0,0,0.0,0,0.0,1,0.1
1210,990,0,0.0,0,0.0,0,0.0,0,0.0
1227,10,0,0.0,0,0.0,0,0.0,1,0.1
1227,10,0,0.0,0,0.0,0,0.0,1,0.1
1227,25,0,0.0,0,0.0,0,0.0,1,0.1
1227,40,0,0.0,0,0.0,0,0.0,1,0.1
1227,25,0,0.0,0,0.0,0,0.0,1,0.1
1233,93,0,0.0,0,0.0,0,0.0,0,0.0
1233,93,0,0.0,0,0.0,0,0.0,0,0.0
1233,87,0,0.0,0,0.0,0,0.0,0,0.0
1233,88,0,0.0,0,0.0,0,0.0,0,0.0
1233,10,0,0.0,0,0.0,0,0.0,1,0.1
1246,15,0,0.0,0,0.0,0,0.0,1,0.1
1246,25,0,0.0,0,0.0,0,0.0,1,0.1
1246,10,0,0.0,0,0.0,0,0.0,1,0.1
1246,20,0,0.0,0,0.0,0,0.0,1,0.1
1246,29,0,0.0,0,0.0,0,0.0,1,0.1
1271,24,0,0.0,0,0.0,0,0.0,1,0.08
1271,5,0,0.0,0,0.0,1,0.4,1,0.08
1271,10,0,0.0,0,0.0,0,0.0,1,0.08
1271,5,0,0.0,0,0.0,1,0.4,1,0.08
1276,20,0,0.0,0,0.0,0,0.0,1,0.1
1276,160,0,0.0,0,0.0,0,0.0,0,0.0
1276,307,0,0.0,0,0.0,0,0.0,0,0.0
1276,4,0,0.0,1,0.2,1,0.5,1,0.1
1276,68,0,0.0,0,0.0,0,0.0,0,0.0
1300,185,0,0.0,0,0.0,0,0.0,0,0.0
1300,273,0,0.0,0,0.0,0,0.0,0,0.0
1300,60,0,0.0,0,0.0,0,0.0,0,0.0
1300,142,0,0.0,0,0.0,0,0.0,0,0.0
1300,123,0,0.0,0,0.0,0,0.0,0,0.0
1324,39,0,0.0,0,0.0,0,0.0,1,0.1
1324,648,0,0.0,0,0.0,0,0.0,0,0.0
1324,2389,0,0.0,0,0.0,0,0.0,0,0.0
1324,368,0,0.0,0,0.0,0,0.0,0,0.0
1324,107,0,0.0,0,0.0,0,0.0,0,0.0
1331,99,0,0.0,0,0.0,0,0.0,0,0.0
1331,296,0,0.0,0,0.0,0,0.0,0,0.0
1331,85,0,0.0,0,0.0,0,0.0,0,0.0
1331,660,0,0.0,0,0.0,0,0.0,0,0.0
1331,177,0,0.0,0,0.0,0,0.0,0,0.0
1336,25,0,0.0,0,0.0,0,0.0,1,0.1
1336,30,0,0.0,0,0.0,0,0.0,1,0.1
1336,272,0,0.0,0,0.0,0,0.0,0,0.0
1336,35,0,0.0,0,0.0,0,0.0,1,0.1
1336,835,0,0.0,0,0.0,0,0.0,0,0.0
1350,92,0,0.0,0,0.0,0,0.0,0,0.0
1350,136,0,0.0,0,0.0,0,0.0,0,0.0
1350,185,0,0.0,0,0.0,0,0.0,0,0.0
1350,439,0,0.0,0,0.0,0,0.0,0,0.0
1350,467,0,0.0,0,0.0,0,0.0,0,0.0
1366,80,0,0.0,0,0.0,0,0.0,0,0.0
1366,25,0,0.0,0,0.0,0,0.0,1,0.1
1366,326,0,0.0,0,0.0,0,0.0,0,0.0
1366,30,0,0.0,0,0.0,0,0.0,1,0.1
1366,25,0,0.0,0,0.0,0,0.0,1,0.1
1411,564,0,0.0,0,0.0,0,0.0,0,0.0
1411,75,0,0.0,0,0.0,0,0.0,0,0.0
1411,153,0,0.0,0,0.0,0,0.0,0,0.0
1411,23,0,0.0,0,0.0,0,0.0,1,0.08
1413,387,0,0.0,0,0.0,0,0.0,0,0.0
1413,24,0,0.0,0,0.0,0,0.0,1,0.1
1413,210,0,0.0,0,0.0,0,0.0,0,0.0
1413,793,0,0.0,0,0.0,0,0.0,0,0.0
1413,107,0,0.0,0,0.0,0,0.0,0,0.0
1431,250,0,0.0,0,0.0,0,0.0,0,0.0
1431,1036,0,0.0,0,0.0,0,0.0,0,0.0
1431,396,0,0.0,0,0.0,0,0.0,0,0.0
1431,283,0,0.0,0,0.0,0,0.0,0,0.0
1431,780,0,0.0,0,0.0,0,0.0,0,0.0
1438,154,0,0.0,0,0.0,0,0.0,0,0.0
1438,9,0,0.0,0,0.0,1,0.1,1,0.1
1438,16,0,0.0,0,0.0,0,0.0,1,0.1
1438,17,0,0.0,0,0.0,0,0.0,1,0.1
1438,19,0,0.0,0,0.0,0,0.0,1,0.1
1444,146,0,0.0,0,0.0,0,0.0,0,0.0
1444,49,0,0.0,0,0.0,0,0.0,1,0.02
1444,152,0,0.0,0,0.0,0,0.0,0,0.0
1444,107,0,0.0,0,0.0,0,0.0,0,0.0
1455,422,0,0.0,0,0.0,0,0.0,0,0.0
1455,72,0,0.0,0,0.0,0,0.0,0,0.0
1455,1152,0,0.0,0,0.0,0,0.0,0,0.0
1455,0,1,1.0,1,1.0,1,0.5,1,0.1
1455,0,1,1.0,1,1.0,1,0.5,1,0.1
1457,66,0,0.0,0,0.0,0,0.0,0,0.0
1457,377,0,0.0,0,0.0,0,0.0,0,0.0
1457,330,0,0.0,0,0.0,0,0.0,0,0.0
1457,63,0,0.0,0,0.0,0,0.0,0,0.0
1457,39,0,0.0,0,0.0,0,0.0,1,0.1
1463,10,0,0.0,0,0.0,0,0.0,1,0.1
1463,10,0,0.0,0,0.0,0,0.0,1,0.1
1463,231,0,0.0,0,0.0,0,0.0,0,0.0
1463,25,0,0.0,0,0.0,0,0.0,1,0.1
1463,490,0,0.0,0,0.0,0,0.0,0,0.0
1465,54,0,0.0,0,0.0,0,0.0,0,0.0
1465,24,0,0.0,0,0.0,0,0.0,1,0.1
1465,14,0,0.0,0,0.0,0,0.0,1,0.1
1465,34,0,0.0,0,0.0,0,0.0,1,0.1
1465,9,0,0.0,0,0.0,1,0.1,1,0.1
1471,15,0,0.0,0,0.0,0,0.0,1,0.1
1471,309,0,0.0,0,0.0,0,0.0,0,0.0
1471,74,0,0.0,0,0.0,0,0.0,0,0.0
1471,5,0,0.0,0,0.0,1,0.5,1,0.1
1471,268,0,0.0,0,0.0,0,0.0,0,0.0
1476,0,1,1.0,1,1.0,1,0.5,1,0.1
1476,466,0,0.0,0,0.0,0,0.0,0,0.0
1476,147,0,0.0,0,0.0,0,0.0,0,0.0
1476,192,0,0.0,0,0.0,0,0.0,0,0.0
1476,0,1,1.0,1,1.0,1,0.5,1,0.1
1481,20,0,0.0,0,0.0,0,0.0,1,0.1
1481,90,0,0.0,0,0.0,0,0.0,0,0.0
1481,63,0,0.0,0,0.0,0,0.0,0,0.0
1481,52,0,0.0,0,0.0,0,0.0,0,0.0
1481,28,0,0.0,0,0.0,0,0.0,1,0.1
1504,151,0,0.0,0,0.0,0,0.0,0,0.0
1504,92,0,0.0,0,0.0,0,0.0,0,0.0
1504,103,0,0.0,0,0.0,0,0.0,0,0.0
1504,90,0,0.0,0,0.0,0,0.0,0,0.0
1536,329,0,0.0,0,0.0,0,0.0,0,0.0
1536,391,0,0.0,0,0.0,0,0.0,0,0.0
1536,54,0,0.0,0,0.0,0,0.0,0,0.0
1536,40,0,0.0,0,0.0,0,0.0,1,0.1
1536,85,0,0.0,0,0.0,0,0.0,0,0.0
1553,15,0,0.0,0,0.0,0,0.0,1,0.08
1553,10,0,0.0,0,0.0,0,0.0,1,0.08
1553,10,0,0.0,0,0.0,0,0.0,1,0.08
1553,154,0,0.0,0,0.0,0,0.0,0,0.0
1559,108,0,0.0,0,0.0,0,0.0,0,0.0
1559,0,1,1.0,1,1.0,1,0.5,1,0.1
1559,5,0,0.0,0,0.0,1,0.5,1,0.1
1559,5,0,0.0,0,0.0,1,0.5,1,0.1
1559,24,0,0.0,0,0.0,0,0.0,1,0.1
1572,70,0,0.0,0,0.0,0,0.0,0,0.0
1572,140,0,0.0,0,0.0,0,0.0,0,0.0
1572,40,0,0.0,0,0.0,0,0.0,1,0.1
1572,46,0,0.0,0,0.0,0,0.0,1,0.08
1572,45,0,0.0,0,0.0,0,0.0,1,0.1
1581,96,0,0.0,0,0.0,0,0.0,0,0.0
1581,0,1,1.0,1,1.0,1,0.5,1,0.1
1581,79,0,0.0,0,0.0,0,0.0,0,0.0
1581,115,0,0.0,0,0.0,0,0.0,0,0.0
1581,5,0,0.0,0,0.0,1,0.5,1,0.1
1591,10,0,0.0,0,0.0,0,0.0,1,0.1
1591,5,0,0.0,0,0.0,1,0.5,1,0.1
1591,174,0,0.0,0,0.0,0,0.0,0,0.0
1591,15,0,0.0,0,0.0,0,0.0,1,0.1
1591,15,0,0.0,0,0.0,0,0.0,1,0.1
1594,29,0,0.0,0,0.0,0,0.0,1,0.1
1594,0,1,1.0,1,1.0,1,0.5,1,0.1
1594,0,1,1.0,1,1.0,1,0.5,1,0.1
1594,235,0,0.0,0,0.0,0,0.0,0,0.0
1594,0,1,1.0,1,1.0,1,0.5,1,0.1
1595,171,0,0.0,0,0.0,0,0.0,0,0.0
1595,27,0,0.0,0,0.0,0,0.0,1,0.08
1595,27,0,0.0,0,0.0,0,0.0,1,0.08
1595,13,0,0.0,0,0.0,0,0.0,1,0.08
1596,0,1,1.0,1,1.0,1,0.5,1,0.1
1596,4,0,0.0,1,0.2,1,0.5,1,0.1
1596,24,0,0.0,0,0.0,0,0.0,1,0.1
1596,468,0,0.0,0,0.0,0,0.0,0,0.0
1596,0,1,1.0,1,1.0,1,0.5,1,0.1
1613,354,0,0.0,0,0.0,0,0.0,0,0.0
1613,387,0,0.0,0,0.0,0,0.0,0,0.0
1613,50,0,0.0,0,0.0,0,0.0,0,0.0
1613,29,0,0.0,0,0.0,0,0.0,1,0.1
1613,15,0,0.0,0,0.0,0,0.0,1,0.1
1638,0,1,1.0,1,1.0,1,0.5,1,0.1
1638,0,1,1.0,1,1.0,1,0.5,1,0.1
1638,5,0,0.0,0,0.0,1,0.5,1,0.1
1638,0,1,1.0,1,1.0,1,0.5,1,0.1
1638,0,1,1.0,1,1.0,1,0.5,1,0.1
1658,77,0,0.0,0,0.0,0,0.0,0,0.0
1658,19,0,0.0,0,0.0,0,0.0,1,0.1
1658,121,0,0.0,0,0.0,0,0.0,0,0.0
1658,66,0,0.0,0,0.0,0,0.0,0,0.0
1658,98,0,0.0,0,0.0,0,0.0,0,0.0
1664,229,0,0.0,0,0.0,0,0.0,0,0.0
1664,0,1,1.0,1,1.0,1,0.5,1,0.1
1664,0,1,1.0,1,1.0,1,0.5,1,0.1
1664,48,0,0.0,0,0.0,0,0.0,1,0.04
1664,0,1,1.0,1,1.0,1,0.5,1,0.1
1681,32,0,0.0,0,0.0,0,0.0,1,0.1
1681,5,0,0.0,0,0.0,1,0.5,1,0.1
1681,42,0,0.0,0,0.0,0,0.0,1,0.1
1681,66,0,0.0,0,0.0,0,0.0,0,0.0
1681,5,0,0.0,0,0.0,1,0.5,1,0.1
1738,349,0,0.0,0,0.0,0,0.0,0,0.0
1738,0,1,1.0,1,1.0,1,0.5,1,0.1
1738,9,0,0.0,0,0.0,1,0.1,1,0.1
1738,0,1,1.0,1,1.0,1,0.5,1,0.1
1738,69,0,0.0,0,0.0,0,0.0,0,0.0
1743,24,0,0.0,0,0.0,0,0.0,1,0.1
1743,0,1,1.0,1,1.0,1,0.5,1,0.1
1743,9,0,0.0,0,0.0,1,0.1,1,0.1
1743,0,1,1.0,1,1.0,1,0.5,1,0.1
1743,14,0,0.0,0,0.0,0,0.0,1,0.1
1760,37,0,0.0,0,0.0,0,0.0,1,0.06
1760,20,0,0.0,0,0.0,0,0.0,1,0.06
1760,29,0,0.0,0,0.0,0,0.0,1,0.06
1766,10,0,0.0,0,0.0,0,0.0,1,0.1
1766,0,1,1.0,1,1.0,1,0.5,1,0.1
1766,24,0,0.0,0,0.0,0,0.0,1,0.1
1766,64,0,0.0,0,0.0,0,0.0,0,0.0
1766,356,0,0.0,0,0.0,0,0.0,0,0.0
1781,20,0,0.0,0,0.0,0,0.0,1,0.1
1781,25,0,0.0,0,0.0,0,0.0,1,0.1
1781,10,0,0.0,0,0.0,0,0.0,1,0.1
1781,30,0,0.0,0,0.0,0,0.0,1,0.1
1781,68,0,0.0,0,0.0,0,0.0,0,0.0
1792,25,0,0.0,0,0.0,0,0.0,1,0.1
1792,74,0,0.0,0,0.0,0,0.0,0,0.0
1792,1730,0,0.0,0,0.0,0,0.0,0,0.0
1792,15,0,0.0,0,0.0,0,0.0,1,0.1
1792,98,0,0.0,0,0.0,0,0.0,0,0.0
1806,992,0,0.0,0,0.0,0,0.0,0,0.0
1806,147,0,0.0,0,0.0,0,0.0,0,0.0
1806,22,0,0.0,0,0.0,0,0.0,1,0.1
1806,364,0,0.0,0,0.0,0,0.0,0,0.0
1806,495,0,0.0,0,0.0,0,0.0,0,0.0
1826,79,0,0.0,0,0.0,0,0.0,0,0.0
1826,43,0,0.0,0,0.0,0,0.0,1,0.1
1826,41,0,0.0,0,0.0,0,0.0,1,0.1
1826,66,0,0.0,0,0.0,0,0.0,0,0.0
1826,157,0,0.0,0,0.0,0,0.0,0,0.0
1827,79,0,0.0,0,0.0,0,0.0,0,0.0
1827,76,0,0.0,0,0.0,0,0.0,0,0.0
1827,18,0,0.0,0,0.0,0,0.0,1,0.1
1827,15,0,0.0,0,0.0,0,0.0,1,0.1
1827,75,0,0.0,0,0.0,0,0.0,0,0.0
1828,15,0,0.0,0,0.0,0,0.0,1,0.1
1828,18,0,0.0,0,0.0,0,0.0,1,0.1
1828,245,0,0.0,0,0.0,0,0.0,0,0.0
1828,73,0,0.0,0,0.0,0,0.0,0,0.0
1828,14,0,0.0,0,0.0,0,0.0,1,0.1
1844,58,0,0.0,0,0.0,0,0.0,0,0.0
1844,5,0,0.0,0,0.0,1,0.5,1,0.1
1844,10,0,0.0,0,0.0,0,0.0,1,0.1
1844,59,0,0.0,0,0.0,0,0.0,0,0.0
1844,39,0,0.0,0,0.0,0,0.0,1,0.1
1847,169,0,0.0,0,0.0,0,0.0,0,0.0
1847,377,0,0.0,0,0.0,0,0.0,0,0.0
1847,162,0,0.0,0,0.0,0,0.0,0,0.0
1847,50,0,0.0,0,0.0,0,0.0,0,0.0
1851,38,0,0.0,0,0.0,0,0.0,1,0.1
1851,0,1,1.0,1,1.0,1,0.5,1,0.1
1851,18,0,0.0,0,0.0,0,0.0,1,0.1
1851,1108,0,0.0,0,0.0,0,0.0,0,0.0
1851,84,0,0.0,0,0.0,0,0.0,0,0.0
1857,39,0,0.0,0,0.0,0,0.0,1,0.1
1857,83,0,0.0,0,0.0,0,0.0,0,0.0
1857,34,0,0.0,0,0.0,0,0.0,1,0.1
1857,794,0,0.0,0,0.0,0,0.0,0,0.0
1857,29,0,0.0,0,0.0,0,0.0,1,0.1
1872,14,0,0.0,0,0.0,0,0.0,1,0.1
1872,9,0,0.0,0,0.0,1,0.1,1,0.1
1872,9,0,0.0,0,0.0,1,0.1,1,0.1
1872,9,0,0.0,0,0.0,1,0.1,1,0.1
1872,9,0,0.0,0,0.0,1,0.1,1,0.1
1882,147,0,0.0,0,0.0,0,0.0,0,0.0
1882,78,0,0.0,0,0.0,0,0.0,0,0.0
1882,10,0,0.0,0,0.0,0,0.0,1,0.1
1882,74,0,0.0,0,0.0,0,0.0,0,0.0
1882,34,0,0.0,0,0.0,0,0.0,1,0.1
1884,13,0,0.0,0,0.0,0,0.0,1,0.1
1884,53,0,0.0,0,0.0,0,0.0,0,0.0
1884,15,0,0.0,0,0.0,0,0.0,1,0.1
1884,15,0,0.0,0,0.0,0,0.0,1,0.1
1884,5,0,0.0,0,0.0,1,0.5,1,0.1
1911,29,0,0.0,0,0.0,0,0.0,1,0.1
1911,39,0,0.0,0,0.0,0,0.0,1,0.1
1911,14,0,0.0,0,0.0,0,0.0,1,0.1
1911,115,0,0.0,0,0.0,0,0.0,0,0.0
1911,29,0,0.0,0,0.0,0,0.0,1,0.1
1922,0,1,1.0,1,1.0,1,0.5,1,0.1
1922,19,0,0.0,0,0.0,0,0.0,1,0.1
1922,134,0,0.0,0,0.0,0,0.0,0,0.0
1922,0,1,1.0,1,1.0,1,0.5,1,0.1
1922,0,1,1.0,1,1.0,1,0.5,1,0.1
1927,0,1,1.0,1,1.0,1,0.5,1,0.1
1927,136,0,0.0,0,0.0,0,0.0,0,0.0
1927,215,0,0.0,0,0.0,0,0.0,0,0.0
1927,5,0,0.0,0,0.0,1,0.5,1,0.1
1927,19,0,0.0,0,0.0,0,0.0,1,0.1
1935,629,0,0.0,0,0.0,0,0.0,0,0.0
1935,370,0,0.0,0,0.0,0,0.0,0,0.0
1935,83,0,0.0,0,0.0,0,0.0,0,0.0
1935,15,0,0.0,0,0.0,0,0.0,1,0.1
1935,5,0,0.0,0,0.0,1,0.5,1,0.1
1941,38,0,0.0,0,0.0,0,0.0,1,0.1
1941,245,0,0.0,0,0.0,0,0.0,0,0.0
1941,216,0,0.0,0,0.0,0,0.0,0,0.0
1941,271,0,0.0,0,0.0,0,0.0,0,0.0
1941,20,0,0.0,0,0.0,0,0.0,1,0.1
1951,427,0,0.0,0,0.0,0,0.0,0,0.0
1951,314,0,0.0,0,0.0,0,0.0,0,0.0
1951,674,0,0.0,0,0.0,0,0.0,0,0.0
1951,130,0,0.0,0,0.0,0,0.0,0,0.0
1951,222,0,0.0,0,0.0,0,0.0,0,0.0
1962,34,0,0.0,0,0.0,0,0.0,1,0.1
1962,51,0,0.0,0,0.0,0,0.0,0,0.0
1962,34,0,0.0,0,0.0,0,0.0,1,0.1
1962,58,0,0.0,0,0.0,0,0.0,0,0.0
1962,29,0,0.0,0,0.0,0,0.0,1,0.1
1974,10,0,0.0,0,0.0,0,0.0,1,0.1
1974,70,0,0.0,0,0.0,0,0.0,0,0.0
1974,10,0,0.0,0,0.0,0,0.0,1,0.1
1974,10,0,0.0,0,0.0,0,0.0,1,0.1
1974,209,0,0.0,0,0.0,0,0.0,0,0.0
1984,49,0,0.0,0,0.0,0,0.0,1,0.02
1984,1737,0,0.0,0,0.0,0,0.0,0,0.0
1984,230,0,0.0,0,0.0,0,0.0,0,0.0
1984,10,0,0.0,0,0.0,0,0.0,1,0.1
1984,5,0,0.0,0,0.0,1,0.5,1,0.1
1988,18,0,0.0,0,0.0,0,0.0,1,0.1
1988,70,0,0.0,0,0.0,0,0.0,0,0.0
1988,19,0,0.0,0,0.0,0,0.0,1,0.1
1988,23,0,0.0,0,0.0,0,0.0,1,0.1
1988,43,0,0.0,0,0.0,0,0.0,1,0.1
1998,29,0,0.0,0,0.0,0,0.0,1,0.1
1998,28,0,0.0,0,0.0,0,0.0,1,0.1
1998,18,0,0.0,0,0.0,0,0.0,1,0.1
1998,188,0,0.0,0,0.0,0,0.0,0,0.0
1998,14,0,0.0,0,0.0,0,0.0,1,0.1
2004,29,0,0.0,0,0.0,0,0.0,1,0.1
2004,24,0,0.0,0,0.0,0,0.0,1,0.1
2004,29,0,0.0,0,0.0,0,0.0,1,0.1
2004,49,0,0.0,0,0.0,0,0.0,1,0.02
2004,34,0,0.0,0,0.0,0,0.0,1,0.1
2031,48,0,0.0,0,0.0,0,0.0,1,0.04
2031,143,0,0.0,0,0.0,0,0.0,0,0.0
2031,9,0,0.0,0,0.0,1,0.1,1,0.1
2031,141,0,0.0,0,0.0,0,0.0,0,0.0
2031,19,0,0.0,0,0.0,0,0.0,1,0.1
2034,39,0,0.0,0,0.0,0,0.0,1,0.1
2034,38,0,0.0,0,0.0,0,0.0,1,0.1
2034,19,0,0.0,0,0.0,0,0.0,1,0.1
2034,10,0,0.0,0,0.0,0,0.0,1,0.1
2034,12,0,0.0,0,0.0,0,0.0,1,0.1
2053,53,0,0.0,0,0.0,0,0.0,0,0.0
2053,15,0,0.0,0,0.0,0,0.0,1,0.1
2053,20,0,0.0,0,0.0,0,0.0,1,0.1
2053,0,1,1.0,1,1.0,1,0.5,1,0.1
2053,5,0,0.0,0,0.0,1,0.5,1,0.1
2071,250,0,0.0,0,0.0,0,0.0,0,0.0
2071,20,0,0.0,0,0.0,0,0.0,1,0.1
2071,33,0,0.0,0,0.0,0,0.0,1,0.1
2071,78,0,0.0,0,0.0,0,0.0,0,0.0
2071,34,0,0.0,0,0.0,0,0.0,1,0.1
2088,9,0,0.0,0,0.0,1,0.1,1,0.08
2088,22,0,0.0,0,0.0,0,0.0,1,0.08
2088,9,0,0.0,0,0.0,1,0.1,1,0.08
2088,0,1,1.0,1,0.8,1,0.4,1,0.08
2097,5,0,0.0,0,0.0,1,0.5,1,0.1
2097,61,0,0.0,0,0.0,0,0.0,0,0.0
2097,50,0,0.0,0,0.0,0,0.0,0,0.0
2097,310,0,0.0,0,0.0,0,0.0,0,0.0
2097,69,0,0.0,0,0.0,0,0.0,0,0.0
2116,851,0,0.0,0,0.0,0,0.0,0,0.0
2116,175,0,0.0,0,0.0,0,0.0,0,0.0
2116,158,0,0.0,0,0.0,0,0.0,0,0.0
2116,469,0,0.0,0,0.0,0,0.0,0,0.0
2116,165,0,0.0,0,0.0,0,0.0,0,0.0
2142,38,0,0.0,0,0.0,0,0.0,1,0.1
2142,226,0,0.0,0,0.0,0,0.0,0,0.0
2142,48,0,0.0,0,0.0,0,0.0,1,0.04
2142,458,0,0.0,0,0.0,0,0.0,0,0.0
2142,81,0,0.0,0,0.0,0,0.0,0,0.0
2148,39,0,0.0,0,0.0,0,0.0,1,0.1
2148,44,0,0.0,0,0.0,0,0.0,1,0.1
2148,60,0,0.0,0,0.0,0,0.0,0,0.0
2148,35,0,0.0,0,0.0,0,0.0,1,0.1
2148,25,0,0.0,0,0.0,0,0.0,1,0.1
2158,14,0,0.0,0,0.0,0,0.0,1,0.1
2158,0,1,1.0,1,1.0,1,0.5,1,0.1
2158,0,1,1.0,1,1.0,1,0.5,1,0.1
2158,5,0,0.0,0,0.0,1,0.5,1,0.1
2158,525,0,0.0,0,0.0,0,0.0,0,0.0
2182,0,1,1.0,1,1.0,1,0.5,1,0.1
2182,0,1,1.0,1,1.0,1,0.5,1,0.1
2182,0,1,1.0,1,1.0,1,0.5,1,0.1
2182,5,0,0.0,0,0.0,1,0.5,1,0.1
2182,5,0,0.0,0,0.0,1,0.5,1,0.1
2189,24,0,0.0,0,0.0,0,0.0,1,0.1
2189,147,0,0.0,0,0.0,0,0.0,0,0.0
2189,4,0,0.0,1,0.2,1,0.5,1,0.1
2189,27,0,0.0,0,0.0,0,0.0,1,0.1
2189,139,0,0.0,0,0.0,0,0.0,0,0.0
2203,178,0,0.0,0,0.0,0,0.0,0,0.0
2203,538,0,0.0,0,0.0,0,0.0,0,0.0
2203,412,0,0.0,0,0.0,0,0.0,0,0.0
2203,25,0,0.0,0,0.0,0,0.0,1,0.1
2203,53,0,0.0,0,0.0,0,0.0,0,0.0
2204,9,0,0.0,0,0.0,1,0.1,1,0.1
2204,14,0,0.0,0,0.0,0,0.0,1,0.1
2204,14,0,0.0,0,0.0,0,0.0,1,0.1
2204,19,0,0.0,0,0.0,0,0.0,1,0.1
2204,83,0,0.0,0,0.0,0,0.0,0,0.0
2207,169,0,0.0,0,0.0,0,0.0,0,0.0
2207,166,0,0.0,0,0.0,0,0.0,0,0.0
2207,1967,0,0.0,0,0.0,0,0.0,0,0.0
2207,281,0,0.0,0,0.0,0,0.0,0,0.0
2207,80,0,0.0,0,0.0,0,0.0,0,0.0
2214,253,0,0.0,0,0.0,0,0.0,0,0.0
2214,81,0,0.0,0,0.0,0,0.0,0,0.0
2214,99,0,0.0,0,0.0,0,0.0,0,0.0
2214,328,0,0.0,0,0.0,0,0.0,0,0.0
2214,60,0,0.0,0,0.0,0,0.0,0,0.0
2218,38,0,0.0,0,0.0,0,0.0,1,0.08
2218,169,0,0.0,0,0.0,0,0.0,0,0.0
2218,116,0,0.0,0,0.0,0,0.0,0,0.0
2218,344,0,0.0,0,0.0,0,0.0,0,0.0
2250,0,1,1.0,1,1.0,1,0.5,1,0.1
2250,34,0,0.0,0,0.0,0,0.0,1,0.1
2250,258,0,0.0,0,0.0,0,0.0,0,0.0
2250,140,0,0.0,0,0.0,0,0.0,0,0.0
2250,10,0,0.0,0,0.0,0,0.0,1,0.1
2254,68,0,0.0,0,0.0,0,0.0,0,0.0
2254,108,0,0.0,0,0.0,0,0.0,0,0.0
2254,185,0,0.0,0,0.0,0,0.0,0,0.0
2254,51,0,0.0,0,0.0,0,0.0,0,0.0
2254,38,0,0.0,0,0.0,0,0.0,1,0.1
2272,68,0,0.0,0,0.0,0,0.0,0,0.0
2272,25,0,0.0,0,0.0,0,0.0,1,0.1
2272,5,0,0.0,0,0.0,1,0.5,1,0.1
2272,15,0,0.0,0,0.0,0,0.0,1,0.1
2272,10,0,0.0,0,0.0,0,0.0,1,0.1
2275,37,0,0.0,0,0.0,0,0.0,1,0.1
2275,38,0,0.0,0,0.0,0,0.0,1,0.1
2275,47,0,0.0,0,0.0,0,0.0,1,0.06
2275,10,0,0.0,0,0.0,0,0.0,1,0.1
2275,5,0,0.0,0,0.0,1,0.5,1,0.1
2277,24,0,0.0,0,0.0,0,0.0,1,0.1
2277,24,0,0.0,0,0.0,0,0.0,1,0.1
2277,24,0,0.0,0,0.0,0,0.0,1,0.1
2277,24,0,0.0,0,0.0,0,0.0,1,0.1
2277,10,0,0.0,0,0.0,0,0.0,1,0.1
2279,35,0,0.0,0,0.0,0,0.0,1,0.1
2279,513,0,0.0,0,0.0,0,0.0,0,0.0
2279,240,0,0.0,0,0.0,0,0.0,0,0.0
2279,12,0,0.0,0,0.0,0,0.0,1,0.1
2279,62,0,0.0,0,0.0,0,0.0,0,0.0
2295,189,0,0.0,0,0.0,0,0.0,0,0.0
2295,10,0,0.0,0,0.0,0,0.0,1,0.08
2295,445,0,0.0,0,0.0,0,0.0,0,0.0
2295,15,0,0.0,0,0.0,0,0.0,1,0.08
2298,19,0,0.0,0,0.0,0,0.0,1,0.1
2298,0,1,1.0,1,1.0,1,0.5,1,0.1
2298,10,0,0.0,0,0.0,0,0.0,1,0.1
2298,65,0,0.0,0,0.0,0,0.0,0,0.0
2298,15,0,0.0,0,0.0,0,0.0,1,0.1
2320,1083,0,0.0,0,0.0,0,0.0,0,0.0
2320,10,0,0.0,0,0.0,0,0.0,1,0.1
2320,136,0,0.0,0,0.0,0,0.0,0,0.0
2320,108,0,0.0,0,0.0,0,0.0,0,0.0
2320,853,0,0.0,0,0.0,0,0.0,0,0.0
2322,116,0,0.0,0,0.0,0,0.0,0,0.0
2322,0,1,1.0,1,1.0,1,0.5,1,0.1
2322,20,0,0.0,0,0.0,0,0.0,1,0.1
2322,0,1,1.0,1,1.0,1,0.5,1,0.1
2322,43,0,0.0,0,0.0,0,0.0,1,0.1
2325,25,0,0.0,0,0.0,0,0.0,1,0.1
2325,44,0,0.0,0,0.0,0,0.0,1,0.1
2325,157,0,0.0,0,0.0,0,0.0,0,0.0
2325,5,0,0.0,0,0.0,1,0.5,1,0.1
2325,128,0,0.0,0,0.0,0,0.0,0,0.0
2328,58,0,0.0,0,0.0,0,0.0,0,0.0
2328,61,0,0.0,0,0.0,0,0.0,0,0.0
2328,38,0,0.0,0,0.0,0,0.0,1,0.1
2328,42,0,0.0,0,0.0,0,0.0,1,0.1
2328,32,0,0.0,0,0.0,0,0.0,1,0.1
2332,152,0,0.0,0,0.0,0,0.0,0,0.0
2332,145,0,0.0,0,0.0,0,0.0,0,0.0
2332,1596,0,0.0,0,0.0,0,0.0,0,0.0
2332,25,0,0.0,0,0.0,0,0.0,1,0.1
2332,29,0,0.0,0,0.0,0,0.0,1,0.1
2356,472,0,0.0,0,0.0,0,0.0,0,0.0
2356,322,0,0.0,0,0.0,0,0.0,0,0.0
2356,808,0,0.0,0,0.0,0,0.0,0,0.0
2356,27,0,0.0,0,0.0,0,0.0,1,0.1
2356,239,0,0.0,0,0.0,0,0.0,0,0.0
2359,0,1,1.0,1,1.0,1,0.5,1,0.1
2359,50,0,0.0,0,0.0,0,0.0,0,0.0
2359,0,1,1.0,1,1.0,1,0.5,1,0.1
2359,0,1,1.0,1,1.0,1,0.5,1,0.1
2359,0,1,1.0,1,1.0,1,0.5,1,0.1
2370,135,0,0.0,0,0.0,0,0.0,0,0.0
2370,56,0,0.0,0,0.0,0,0.0,0,0.0
2370,246,0,0.0,0,0.0,0,0.0,0,0.0
2370,241,0,0.0,0,0.0,0,0.0,0,0.0
2370,52,0,0.0,0,0.0,0,0.0,0,0.0
2381,24,0,0.0,0,0.0,0,0.0,1,0.1
2381,40,0,0.0,0,0.0,0,0.0,1,0.1
2381,5,0,0.0,0,0.0,1,0.5,1,0.1
2381,14,0,0.0,0,0.0,0,0.0,1,0.1
2381,0,1,1.0,1,1.0,1,0.5,1,0.1
2406,15,0,0.0,0,0.0,0,0.0,1,0.08
2406,20,0,0.0,0,0.0,0,0.0,1,0.08
2406,25,0,0.0,0,0.0,0,0.0,1,0.08
2406,20,0,0.0,0,0.0,0,0.0,1,0.08
2417,5,0,0.0,0,0.0,1,0.5,1,0.1
2417,15,0,0.0,0,0.0,0,0.0,1,0.1
2417,9,0,0.0,0,0.0,1,0.1,1,0.1
2417,25,0,0.0,0,0.0,0,0.0,1,0.1
2417,10,0,0.0,0,0.0,0,0.0,1,0.1
2431,96,0,0.0,0,0.0,0,0.0,0,0.0
2431,51,0,0.0,0,0.0,0,0.0,0,0.0
2431,69,0,0.0,0,0.0,0,0.0,0,0.0
2431,145,0,0.0,0,0.0,0,0.0,0,0.0
2456,45,0,0.0,0,0.0,0,0.0,1,0.1
2456,0,1,1.0,1,1.0,1,0.5,1,0.1
2456,88,0,0.0,0,0.0,0,0.0,0,0.0
2456,5,0,0.0,0,0.0,1,0.5,1,0.1
2456,0,1,1.0,1,1.0,1,0.5,1,0.1
2464,1286,0,0.0,0,0.0,0,0.0,0,0.0
2464,493,0,0.0,0,0.0,0,0.0,0,0.0
2464,415,0,0.0,0,0.0,0,0.0,0,0.0
2464,1005,0,0.0,0,0.0,0,0.0,0,0.0
2464,106,0,0.0,0,0.0,0,0.0,0,0.0
2465,10,0,0.0,0,0.0,0,0.0,1,0.1
2465,625,0,0.0,0,0.0,0,0.0,0,0.0
2465,116,0,0.0,0,0.0,0,0.0,0,0.0
2465,75,0,0.0,0,0.0,0,0.0,0,0.0
2465,202,0,0.0,0,0.0,0,0.0,0,0.0
2469,37,0,0.0,0,0.0,0,0.0,1,0.1
2469,43,0,0.0,0,0.0,0,0.0,1,0.1
2469,275,0,0.0,0,0.0,0,0.0,0,0.0
2469,172,0,0.0,0,0.0,0,0.0,0,0.0
2469,168,0,0.0,0,0.0,0,0.0,0,0.0
2502,761,0,0.0,0,0.0,0,0.0,0,0.0
2502,406,0,0.0,0,0.0,0,0.0,0,0.0
2502,20,0,0.0,0,0.0,0,0.0,1,0.1
2502,20,0,0.0,0,0.0,0,0.0,1,0.1
2502,368,0,0.0,0,0.0,0,0.0,0,0.0
2522,255,0,0.0,0,0.0,0,0.0,0,0.0
2522,135,0,0.0,0,0.0,0,0.0,0,0.0
2522,612,0,0.0,0,0.0,0,0.0,0,0.0
2522,993,0,0.0,0,0.0,0,0.0,0,0.0
2522,91,0,0.0,0,0.0,0,0.0,0,0.0
2530,419,0,0.0,0,0.0,0,0.0,0,0.0
2530,389,0,0.0,0,0.0,0,0.0,0,0.0
2530,191,0,0.0,0,0.0,0,0.0,0,0.0
2530,229,0,0.0,0,0.0,0,0.0,0,0.0
2530,393,0,0.0,0,0.0,0,0.0,0,0.0
2535,20,0,0.0,0,0.0,0,0.0,1,0.1
2535,4,0,0.0,1,0.2,1,0.5,1,0.1
2535,158,0,0.0,0,0.0,0,0.0,0,0.0
2535,0,1,1.0,1,1.0,1,0.5,1,0.1
2535,0,1,1.0,1,1.0,1,0.5,1,0.1
2540,129,0,0.0,0,0.0,0,0.0,0,0.0
2540,212,0,0.0,0,0.0,0,0.0,0,0.0
2540,114,0,0.0,0,0.0,0,0.0,0,0.0
2540,75,0,0.0,0,0.0,0,0.0,0,0.0
2540,241,0,0.0,0,0.0,0,0.0,0,0.0
2547,0,1,1.0,1,1.0,1,0.5,1,0.1
2547,19,0,0.0,0,0.0,0,0.0,1,0.1
2547,0,1,1.0,1,1.0,1,0.5,1,0.1
2547,0,1,1.0,1,1.0,1,0.5,1,0.1
2547,0,1,1.0,1,1.0,1,0.5,1,0.1
2548,85,0,0.0,0,0.0,0,0.0,0,0.0
2548,723,0,0.0,0,0.0,0,0.0,0,0.0
2548,59,0,0.0,0,0.0,0,0.0,0,0.0
2548,235,0,0.0,0,0.0,0,0.0,0,0.0
2548,282,0,0.0,0,0.0,0,0.0,0,0.0
2549,906,0,0.0,0,0.0,0,0.0,0,0.0
2549,211,0,0.0,0,0.0,0,0.0,0,0.0
2549,43,0,0.0,0,0.0,0,0.0,1,0.1
2549,103,0,0.0,0,0.0,0,0.0,0,0.0
2549,10,0,0.0,0,0.0,0,0.0,1,0.1
2558,5,0,0.0,0,0.0,1,0.5,1,0.1
2558,29,0,0.0,0,0.0,0,0.0,1,0.1
2558,14,0,0.0,0,0.0,0,0.0,1,0.1
2558,14,0,0.0,0,0.0,0,0.0,1,0.1
2558,14,0,0.0,0,0.0,0,0.0,1,0.1
2560,14,0,0.0,0,0.0,0,0.0,1,0.1
2560,360,0,0.0,0,0.0,0,0.0,0,0.0
2560,292,0,0.0,0,0.0,0,0.0,0,0.0
2560,14,0,0.0,0,0.0,0,0.0,1,0.1
2560,321,0,0.0,0,0.0,0,0.0,0,0.0
2584,28,0,0.0,0,0.0,0,0.0,1,0.1
2584,68,0,0.0,0,0.0,0,0.0,0,0.0
2584,9,0,0.0,0,0.0,1,0.1,1,0.1
2584,28,0,0.0,0,0.0,0,0.0,1,0.1
2584,18,0,0.0,0,0.0,0,0.0,1,0.1
2595,121,0,0.0,0,0.0,0,0.0,0,0.0
2595,135,0,0.0,0,0.0,0,0.0,0,0.0
2595,116,0,0.0,0,0.0,0,0.0,0,0.0
2595,120,0,0.0,0,0.0,0,0.0,0,0.0
2595,257,0,0.0,0,0.0,0,0.0,0,0.0
2599,19,0,0.0,0,0.0,0,0.0,1,0.06
2599,116,0,0.0,0,0.0,0,0.0,0,0.0
2599,163,0,0.0,0,0.0,0,0.0,0,0.0
2614,4,0,0.0,1,0.2,1,0.5,1,0.1
2614,23,0,0.0,0,0.0,0,0.0,1,0.1
2614,19,0,0.0,0,0.0,0,0.0,1,0.1
2614,65,0,0.0,0,0.0,0,0.0,0,0.0
2614,43,0,0.0,0,0.0,0,0.0,1,0.1
2616,38,0,0.0,0,0.0,0,0.0,1,0.1
2616,111,0,0.0,0,0.0,0,0.0,0,0.0
2616,116,0,0.0,0,0.0,0,0.0,0,0.0
2616,70,0,0.0,0,0.0,0,0.0,0,0.0
2616,90,0,0.0,0,0.0,0,0.0,0,0.0
2625,83,0,0.0,0,0.0,0,0.0,0,0.0
2625,68,0,0.0,0,0.0,0,0.0,0,0.0
2625,58,0,0.0,0,0.0,0,0.0,0,0.0
2625,73,0,0.0,0,0.0,0,0.0,0,0.0
2625,63,0,0.0,0,0.0,0,0.0,0,0.0
2630,1049,0,0.0,0,0.0,0,0.0,0,0.0
2630,0,1,1.0,1,1.0,1,0.5,1,0.1
2630,109,0,0.0,0,0.0,0,0.0,0,0.0
2630,0,1,1.0,1,1.0,1,0.5,1,0.1
2630,0,1,1.0,1,1.0,1,0.5,1,0.1
2633,311,0,0.0,0,0.0,0,0.0,0,0.0
2633,60,0,0.0,0,0.0,0,0.0,0,0.0
2633,120,0,0.0,0,0.0,0,0.0,0,0.0
2633,5,0,0.0,0,0.0,1,0.5,1,0.1
2633,771,0,0.0,0,0.0,0,0.0,0,0.0
2647,19,0,0.0,0,0.0,0,0.0,1,0.1
2647,56,0,0.0,0,0.0,0,0.0,0,0.0
2647,5,0,0.0,0,0.0,1,0.5,1,0.1
2647,15,0,0.0,0,0.0,0,0.0,1,0.1
2647,78,0,0.0,0,0.0,0,0.0,0,0.0
2656,5,0,0.0,0,0.0,1,0.5,1,0.1
2656,5,0,0.0,0,0.0,1,0.5,1,0.1
2656,30,0,0.0,0,0.0,0,0.0,1,0.1
2656,10,0,0.0,0,0.0,0,0.0,1,0.1
2656,10,0,0.0,0,0.0,0,0.0,1,0.1
2682,1108,0,0.0,0,0.0,0,0.0,0,0.0
2682,65,0,0.0,0,0.0,0,0.0,0,0.0
2682,39,0,0.0,0,0.0,0,0.0,1,0.1
2682,49,0,0.0,0,0.0,0,0.0,1,0.02
2682,5,0,0.0,0,0.0,1,0.5,1,0.1
2694,65,0,0.0,0,0.0,0,0.0,0,0.0
2694,5,0,0.0,0,0.0,1,0.5,1,0.1
2694,10,0,0.0,0,0.0,0,0.0,1,0.1
2694,5,0,0.0,0,0.0,1,0.5,1,0.1
2694,5,0,0.0,0,0.0,1,0.5,1,0.1
2699,506,0,0.0,0,0.0,0,0.0,0,0.0
2699,88,0,0.0,0,0.0,0,0.0,0,0.0
2699,9,0,0.0,0,0.0,1,0.1,1,0.1
2699,143,0,0.0,0,0.0,0,0.0,0,0.0
2699,20,0,0.0,0,0.0,0,0.0,1,0.1
2705,25,0,0.0,0,0.0,0,0.0,1,0.1
2705,68,0,0.0,0,0.0,0,0.0,0,0.0
2705,132,0,0.0,0,0.0,0,0.0,0,0.0
2705,63,0,0.0,0,0.0,0,0.0,0,0.0
2705,103,0,0.0,0,0.0,0,0.0,0,0.0
2707,40,0,0.0,0,0.0,0,0.0,1,0.1
2707,35,0,0.0,0,0.0,0,0.0,1,0.1
2707,233,0,0.0,0,0.0,0,0.0,0,0.0
2707,284,0,0.0,0,0.0,0,0.0,0,0.0
2707,60,0,0.0,0,0.0,0,0.0,0,0.0
2709,19,0,0.0,0,0.0,0,0.0,1,0.1
2709,4,0,0.0,1,0.2,1,0.5,1,0.1
2709,4,0,0.0,1,0.2,1,0.5,1,0.1
2709,33,0,0.0,0,0.0,0,0.0,1,0.1
2709,4,0,0.0,1,0.2,1,0.5,1,0.1
2723,10,0,0.0,0,0.0,0,0.0,1,0.1
2723,20,0,0.0,0,0.0,0,0.0,1,0.1
2723,48,0,0.0,0,0.0,0,0.0,1,0.04
2723,0,1,1.0,1,1.0,1,0.5,1,0.1
2723,99,0,0.0,0,0.0,0,0.0,0,0.0
2733,341,0,0.0,0,0.0,0,0.0,0,0.0
2733,5,0,0.0,0,0.0,1,0.5,1,0.1
2733,99,0,0.0,0,0.0,0,0.0,0,0.0
2733,94,0,0.0,0,0.0,0,0.0,0,0.0
2733,29,0,0.0,0,0.0,0,0.0,1,0.1
2741,0,1,1.0,1,1.0,1,0.5,1,0.1
2741,15,0,0.0,0,0.0,0,0.0,1,0.1
2741,14,0,0.0,0,0.0,0,0.0,1,0.1
2741,13,0,0.0,0,0.0,0,0.0,1,0.1
2741,0,1,1.0,1,1.0,1,0.5,1,0.1
2751,150,0,0.0,0,0.0,0,0.0,0,0.0
2751,71,0,0.0,0,0.0,0,0.0,0,0.0
2751,2890,0,0.0,0,0.0,0,0.0,0,0.0
2751,211,0,0.0,0,0.0,0,0.0,0,0.0
2761,0,1,1.0,1,1.0,1,0.5,1,0.1
2761,0,1,1.0,1,1.0,1,0.5,1,0.1
2761,5,0,0.0,0,0.0,1,0.5,1,0.1
2761,5,0,0.0,0,0.0,1,0.5,1,0.1
2761,0,1,1.0,1,1.0,1,0.5,1,0.1
2763,97,0,0.0,0,0.0,0,0.0,0,0.0
2763,8,0,0.0,0,0.0,1,0.2,1,0.1
2763,0,1,1.0,1,1.0,1,0.5,1,0.1
2763,0,1,1.0,1,1.0,1,0.5,1,0.1
2763,201,0,0.0,0,0.0,0,0.0,0,0.0
2764,25,0,0.0,0,0.0,0,0.0,1,0.1
2764,5,0,0.0,0,0.0,1,0.5,1,0.1
2764,20,0,0.0,0,0.0,0,0.0,1,0.1
2764,5,0,0.0,0,0.0,1,0.5,1,0.1
2764,74,0,0.0,0,0.0,0,0.0,0,0.0
2777,10,0,0.0,0,0.0,0,0.0,1,0.08
2777,19,0,0.0,0,0.0,0,0.0,1,0.08
2777,55,0,0.0,0,0.0,0,0.0,0,0.0
2777,10,0,0.0,0,0.0,0,0.0,1,0.08
2781,0,1,1.0,1,1.0,1,0.5,1,0.1
2781,5,0,0.0,0,0.0,1,0.5,1,0.1
2781,5,0,0.0,0,0.0,1,0.5,1,0.1
2781,0,1,1.0,1,1.0,1,0.5,1,0.1
2781,215,0,0.0,0,0.0,0,0.0,0,0.0
2784,1011,0,0.0,0,0.0,0,0.0,0,0.0
2784,53,0,0.0,0,0.0,0,0.0,0,0.0
2784,10,0,0.0,0,0.0,0,0.0,1,0.08
2784,234,0,0.0,0,0.0,0,0.0,0,0.0
2788,5,0,0.0,0,0.0,1,0.5,1,0.1
2788,75,0,0.0,0,0.0,0,0.0,0,0.0
2788,184,0,0.0,0,0.0,0,0.0,0,0.0
2788,185,0,0.0,0,0.0,0,0.0,0,0.0
2788,297,0,0.0,0,0.0,0,0.0,0,0.0
2790,40,0,0.0,0,0.0,0,0.0,1,0.1
2790,123,0,0.0,0,0.0,0,0.0,0,0.0
2790,0,1,1.0,1,1.0,1,0.5,1,0.1
2790,40,0,0.0,0,0.0,0,0.0,1,0.1
2790,20,0,0.0,0,0.0,0,0.0,1,0.1
2822,24,0,0.0,0,0.0,0,0.0,1,0.1
2822,24,0,0.0,0,0.0,0,0.0,1,0.1
2822,19,0,0.0,0,0.0,0,0.0,1,0.1
2822,5,0,0.0,0,0.0,1,0.5,1,0.1
2822,0,1,1.0,1,1.0,1,0.5,1,0.1
2828,59,0,0.0,0,0.0,0,0.0,0,0.0
2828,155,0,0.0,0,0.0,0,0.0,0,0.0
2828,1179,0,0.0,0,0.0,0,0.0,0,0.0
2828,10,0,0.0,0,0.0,0,0.0,1,0.1
2828,71,0,0.0,0,0.0,0,0.0,0,0.0
2830,954,0,0.0,0,0.0,0,0.0,0,0.0
2830,0,1,1.0,1,0.6,1,0.3,1,0.06
2830,752,0,0.0,0,0.0,0,0.0,0,0.0
2832,25,0,0.0,0,0.0,0,0.0,1,0.1
2832,20,0,0.0,0,0.0,0,0.0,1,0.1
2832,49,0,0.0,0,0.0,0,0.0,1,0.02
2832,20,0,0.0,0,0.0,0,0.0,1,0.1
2832,74,0,0.0,0,0.0,0,0.0,0,0.0
2833,98,0,0.0,0,0.0,0,0.0,0,0.0
2833,117,0,0.0,0,0.0,0,0.0,0,0.0
2833,210,0,0.0,0,0.0,0,0.0,0,0.0
2833,378,0,0.0,0,0.0,0,0.0,0,0.0
2833,13,0,0.0,0,0.0,0,0.0,1,0.1
2841,68,0,0.0,0,0.0,0,0.0,0,0.0
2841,43,0,0.0,0,0.0,0,0.0,1,0.1
2841,102,0,0.0,0,0.0,0,0.0,0,0.0
2841,72,0,0.0,0,0.0,0,0.0,0,0.0
2841,39,0,0.0,0,0.0,0,0.0,1,0.1
2865,183,0,0.0,0,0.0,0,0.0,0,0.0
2865,15,0,0.0,0,0.0,0,0.0,1,0.1
2865,78,0,0.0,0,0.0,0,0.0,0,0.0
2865,122,0,0.0,0,0.0,0,0.0,0,0.0
2865,14,0,0.0,0,0.0,0,0.0,1,0.1
2866,275,0,0.0,0,0.0,0,0.0,0,0.0
2866,99,0,0.0,0,0.0,0,0.0,0,0.0
2866,408,0,0.0,0,0.0,0,0.0,0,0.0
2866,175,0,0.0,0,0.0,0,0.0,0,0.0
2866,19,0,0.0,0,0.0,0,0.0,1,0.1
2871,37,0,0.0,0,0.0,0,0.0,1,0.1
2871,70,0,0.0,0,0.0,0,0.0,0,0.0
2871,29,0,0.0,0,0.0,0,0.0,1,0.1
2871,34,0,0.0,0,0.0,0,0.0,1,0.1
2871,198,0,0.0,0,0.0,0,0.0,0,0.0
2884,0,1,1.0,1,0.6,1,0.3,1,0.06
2884,24,0,0.0,0,0.0,0,0.0,1,0.06
2884,10,0,0.0,0,0.0,0,0.0,1,0.06
2898,0,1,1.0,1,1.0,1,0.5,1,0.1
2898,0,1,1.0,1,1.0,1,0.5,1,0.1
2898,0,1,1.0,1,1.0,1,0.5,1,0.1
2898,0,1,1.0,1,1.0,1,0.5,1,0.1
2898,0,1,1.0,1,1.0,1,0.5,1,0.1
2907,383,0,0.0,0,0.0,0,0.0,0,0.0
2907,15,0,0.0,0,0.0,0,0.0,1,0.1
2907,9,0,0.0,0,0.0,1,0.1,1,0.1
2907,30,0,0.0,0,0.0,0,0.0,1,0.1
2907,0,1,1.0,1,1.0,1,0.5,1,0.1
2909,97,0,0.0,0,0.0,0,0.0,0,0.0
2909,60,0,0.0,0,0.0,0,0.0,0,0.0
2909,55,0,0.0,0,0.0,0,0.0,0,0.0
2909,197,0,0.0,0,0.0,0,0.0,0,0.0
2909,652,0,0.0,0,0.0,0,0.0,0,0.0
2910,651,0,0.0,0,0.0,0,0.0,0,0.0
2910,3565,0,0.0,0,0.0,0,0.0,0,0.0
2910,91,0,0.0,0,0.0,0,0.0,0,0.0
2910,33,0,0.0,0,0.0,0,0.0,1,0.1
2910,115,0,0.0,0,0.0,0,0.0,0,0.0
2921,5,0,0.0,0,0.0,1,0.5,1,0.1
2921,15,0,0.0,0,0.0,0,0.0,1,0.1
2921,49,0,0.0,0,0.0,0,0.0,1,0.02
2921,5,0,0.0,0,0.0,1,0.5,1,0.1
2921,0,1,1.0,1,1.0,1,0.5,1,0.1
2950,23,0,0.0,0,0.0,0,0.0,1,0.08
2950,34,0,0.0,0,0.0,0,0.0,1,0.08
2950,20,0,0.0,0,0.0,0,0.0,1,0.08
2950,25,0,0.0,0,0.0,0,0.0,1,0.08
2968,162,0,0.0,0,0.0,0,0.0,0,0.0
2968,1201,0,0.0,0,0.0,0,0.0,0,0.0
2968,746,0,0.0,0,0.0,0,0.0,0,0.0
2968,668,0,0.0,0,0.0,0,0.0,0,0.0
2968,171,0,0.0,0,0.0,0,0.0,0,0.0
2983,0,1,1.0,1,1.0,1,0.5,1,0.1
2983,613,0,0.0,0,0.0,0,0.0,0,0.0
2983,24,0,0.0,0,0.0,0,0.0,1,0.1
2983,47,0,0.0,0,0.0,0,0.0,1,0.06
2983,0,1,1.0,1,1.0,1,0.5,1,0.1
2990,76,0,0.0,0,0.0,0,0.0,0,0.0
2990,19,0,0.0,0,0.0,0,0.0,1,0.1
2990,70,0,0.0,0,0.0,0,0.0,0,0.0
2990,43,0,0.0,0,0.0,0,0.0,1,0.1
2990,45,0,0.0,0,0.0,0,0.0,1,0.1
2995,29,0,0.0,0,0.0,0,0.0,1,0.1
2995,108,0,0.0,0,0.0,0,0.0,0,0.0
2995,190,0,0.0,0,0.0,0,0.0,0,0.0
2995,284,0,0.0,0,0.0,0,0.0,0,0.0
2995,53,0,0.0,0,0.0,0,0.0,0,0.0
2999,15,0,0.0,0,0.0,0,0.0,1,0.08
2999,15,0,0.0,0,0.0,0,0.0,1,0.08
2999,127,0,0.0,0,0.0,0,0.0,0,0.0
2999,20,0,0.0,0,0.0,0,0.0,1,0.08
3012,168,0,0.0,0,0.0,0,0.0,0,0.0
3012,224,0,0.0,0,0.0,0,0.0,0,0.0
3012,35,0,0.0,0,0.0,0,0.0,1,0.06
3014,39,0,0.0,0,0.0,0,0.0,1,0.1
3014,34,0,0.0,0,0.0,0,0.0,1,0.1
3014,176,0,0.0,0,0.0,0,0.0,0,0.0
3014,58,0,0.0,0,0.0,0,0.0,0,0.0
3014,44,0,0.0,0,0.0,0,0.0,1,0.1
3016,57,0,0.0,0,0.0,0,0.0,0,0.0
3016,43,0,0.0,0,0.0,0,0.0,1,0.1
3016,151,0,0.0,0,0.0,0,0.0,0,0.0
3016,9,0,0.0,0,0.0,1,0.1,1,0.1
3016,10,0,0.0,0,0.0,0,0.0,1,0.1
3030,52,0,0.0,0,0.0,0,0.0,0,0.0
3030,102,0,0.0,0,0.0,0,0.0,0,0.0
3030,259,0,0.0,0,0.0,0,0.0,0,0.0
3030,36,0,0.0,0,0.0,0,0.0,1,0.08
3040,0,1,1.0,1,1.0,1,0.5,1,0.1
3040,183,0,0.0,0,0.0,0,0.0,0,0.0
3040,58,0,0.0,0,0.0,0,0.0,0,0.0
3040,316,0,0.0,0,0.0,0,0.0,0,0.0
3040,412,0,0.0,0,0.0,0,0.0,0,0.0
3043,868,0,0.0,0,0.0,0,0.0,0,0.0
3043,918,0,0.0,0,0.0,0,0.0,0,0.0
3043,1456,0,0.0,0,0.0,0,0.0,0,0.0
3043,1941,0,0.0,0,0.0,0,0.0,0,0.0
3043,644,0,0.0,0,0.0,0,0.0,0,0.0
3057,58,0,0.0,0,0.0,0,0.0,0,0.0
3057,237,0,0.0,0,0.0,0,0.0,0,0.0
3057,245,0,0.0,0,0.0,0,0.0,0,0.0
3057,374,0,0.0,0,0.0,0,0.0,0,0.0
3057,196,0,0.0,0,0.0,0,0.0,0,0.0
3068,0,1,1.0,1,1.0,1,0.5,1,0.1
3068,94,0,0.0,0,0.0,0,0.0,0,0.0
3068,0,1,1.0,1,1.0,1,0.5,1,0.1
3068,255,0,0.0,0,0.0,0,0.0,0,0.0
3068,110,0,0.0,0,0.0,0,0.0,0,0.0
3091,5,0,0.0,0,0.0,1,0.5,1,0.1
3091,105,0,0.0,0,0.0,0,0.0,0,0.0
3091,97,0,0.0,0,0.0,0,0.0,0,0.0
3091,173,0,0.0,0,0.0,0,0.0,0,0.0
3091,10,0,0.0,0,0.0,0,0.0,1,0.1
3097,172,0,0.0,0,0.0,0,0.0,0,0.0
3097,35,0,0.0,0,0.0,0,0.0,1,0.1
3097,973,0,0.0,0,0.0,0,0.0,0,0.0
3097,20,0,0.0,0,0.0,0,0.0,1,0.1
3097,737,0,0.0,0,0.0,0,0.0,0,0.0
3119,104,0,0.0,0,0.0,0,0.0,0,0.0
3119,88,0,0.0,0,0.0,0,0.0,0,0.0
3119,30,0,0.0,0,0.0,0,0.0,1,0.1
3119,30,0,0.0,0,0.0,0,0.0,1,0.1
3119,362,0,0.0,0,0.0,0,0.0,0,0.0
3124,132,0,0.0,0,0.0,0,0.0,0,0.0
3124,49,0,0.0,0,0.0,0,0.0,1,0.02
3124,182,0,0.0,0,0.0,0,0.0,0,0.0
3124,137,0,0.0,0,0.0,0,0.0,0,0.0
3124,151,0,0.0,0,0.0,0,0.0,0,0.0
3143,19,0,0.0,0,0.0,0,0.0,1,0.1
3143,19,0,0.0,0,0.0,0,0.0,1,0.1
3143,0,1,1.0,1,1.0,1,0.5,1,0.1
3143,75,0,0.0,0,0.0,0,0.0,0,0.0
3143,20,0,0.0,0,0.0,0,0.0,1,0.1
3152,17,0,0.0,0,0.0,0,0.0,1,0.1
3152,10,0,0.0,0,0.0,0,0.0,1,0.1
3152,0,1,1.0,1,1.0,1,0.5,1,0.1
3152,10,0,0.0,0,0.0,0,0.0,1,0.1
3152,0,1,1.0,1,1.0,1,0.5,1,0.1
3154,97,0,0.0,0,0.0,0,0.0,0,0.0
3154,61,0,0.0,0,0.0,0,0.0,0,0.0
3154,111,0,0.0,0,0.0,0,0.0,0,0.0
3154,405,0,0.0,0,0.0,0,0.0,0,0.0
3154,29,0,0.0,0,0.0,0,0.0,1,0.1
3163,61,0,0.0,0,0.0,0,0.0,0,0.0
3163,55,0,0.0,0,0.0,0,0.0,0,0.0
3163,493,0,0.0,0,0.0,0,0.0,0,0.0
3163,103,0,0.0,0,0.0,0,0.0,0,0.0
3176,88,0,0.0,0,0.0,0,0.0,0,0.0
3176,77,0,0.0,0,0.0,0,0.0,0,0.0
3176,44,0,0.0,0,0.0,0,0.0,1,0.1
3176,29,0,0.0,0,0.0,0,0.0,1,0.1
3176,5,0,0.0,0,0.0,1,0.5,1,0.1
3197,20,0,0.0,0,0.0,0,0.0,1,0.1
3197,0,1,1.0,1,1.0,1,0.5,1,0.1
3197,0,1,1.0,1,1.0,1,0.5,1,0.1
3197,15,0,0.0,0,0.0,0,0.0,1,0.1
3197,30,0,0.0,0,0.0,0,0.0,1,0.1
3213,68,0,0.0,0,0.0,0,0.0,0,0.0
3213,135,0,0.0,0,0.0,0,0.0,0,0.0
3213,1063,0,0.0,0,0.0,0,0.0,0,0.0
3213,368,0,0.0,0,0.0,0,0.0,0,0.0
3213,198,0,0.0,0,0.0,0,0.0,0,0.0
3217,24,0,0.0,0,0.0,0,0.0,1,0.08
3217,0,1,1.0,1,0.8,1,0.4,1,0.08
3217,0,1,1.0,1,0.8,1,0.4,1,0.08
3217,351,0,0.0,0,0.0,0,0.0,0,0.0
3221,0,1,1.0,1,1.0,1,0.5,1,0.1
3221,0,1,1.0,1,1.0,1,0.5,1,0.1
3221,200,0,0.0,0,0.0,0,0.0,0,0.0
3221,0,1,1.0,1,1.0,1,0.5,1,0.1
3221,0,1,1.0,1,1.0,1,0.5,1,0.1
3226,15,0,0.0,0,0.0,0,0.0,1,0.1
3226,30,0,0.0,0,0.0,0,0.0,1,0.1
3226,5,0,0.0,0,0.0,1,0.5,1,0.1
3226,5,0,0.0,0,0.0,1,0.5,1,0.1
3226,694,0,0.0,0,0.0,0,0.0,0,0.0
3244,76,0,0.0,0,0.0,0,0.0,0,0.0
3244,89,0,0.0,0,0.0,0,0.0,0,0.0
3244,152,0,0.0,0,0.0,0,0.0,0,0.0
3244,138,0,0.0,0,0.0,0,0.0,0,0.0
3249,9,0,0.0,0,0.0,1,0.1,1,0.1
3249,281,0,0.0,0,0.0,0,0.0,0,0.0
3249,9,0,0.0,0,0.0,1,0.1,1,0.1
3249,9,0,0.0,0,0.0,1,0.1,1,0.1
3249,200,0,0.0,0,0.0,0,0.0,0,0.0
3251,55,0,0.0,0,0.0,0,0.0,0,0.0
3251,135,0,0.0,0,0.0,0,0.0,0,0.0
3251,24,0,0.0,0,0.0,0,0.0,1,0.1
3251,806,0,0.0,0,0.0,0,0.0,0,0.0
3251,62,0,0.0,0,0.0,0,0.0,0,0.0
3257,10,0,0.0,0,0.0,0,0.0,1,0.1
3257,44,0,0.0,0,0.0,0,0.0,1,0.1
3257,40,0,0.0,0,0.0,0,0.0,1,0.1
3257,71,0,0.0,0,0.0,0,0.0,0,0.0
3257,14,0,0.0,0,0.0,0,0.0,1,0.1
3258,1290,0,0.0,0,0.0,0,0.0,0,0.0
3258,418,0,0.0,0,0.0,0,0.0,0,0.0
3258,342,0,0.0,0,0.0,0,0.0,0,0.0
3258,294,0,0.0,0,0.0,0,0.0,0,0.0
3261,254,0,0.0,0,0.0,0,0.0,0,0.0
3261,170,0,0.0,0,0.0,0,0.0,0,0.0
3261,110,0,0.0,0,0.0,0,0.0,0,0.0
3261,96,0,0.0,0,0.0,0,0.0,0,0.0
3261,83,0,0.0,0,0.0,0,0.0,0,0.0
3264,64,0,0.0,0,0.0,0,0.0,0,0.0
3264,15,0,0.0,0,0.0,0,0.0,1,0.08
3264,50,0,0.0,0,0.0,0,0.0,0,0.0
3264,307,0,0.0,0,0.0,0,0.0,0,0.0
3267,147,0,0.0,0,0.0,0,0.0,0,0.0
3267,455,0,0.0,0,0.0,0,0.0,0,0.0
3267,86,0,0.0,0,0.0,0,0.0,0,0.0
3267,251,0,0.0,0,0.0,0,0.0,0,0.0
3267,60,0,0.0,0,0.0,0,0.0,0,0.0
3275,276,0,0.0,0,0.0,0,0.0,0,0.0
3275,5,0,0.0,0,0.0,1,0.5,1,0.1
3275,5,0,0.0,0,0.0,1,0.5,1,0.1
3275,0,1,1.0,1,1.0,1,0.5,1,0.1
3275,92,0,0.0,0,0.0,0,0.0,0,0.0
3284,15,0,0.0,0,0.0,0,0.0,1,0.08
3284,10,0,0.0,0,0.0,0,0.0,1,0.08
3284,52,0,0.0,0,0.0,0,0.0,0,0.0
3284,10,0,0.0,0,0.0,0,0.0,1,0.08
3298,1794,0,0.0,0,0.0,0,0.0,0,0.0
3298,126,0,0.0,0,0.0,0,0.0,0,0.0
3298,77,0,0.0,0,0.0,0,0.0,0,0.0
3298,169,0,0.0,0,0.0,0,0.0,0,0.0
3298,53,0,0.0,0,0.0,0,0.0,0,0.0
3307,49,0,0.0,0,0.0,0,0.0,1,0.02
3307,20,0,0.0,0,0.0,0,0.0,1,0.1
3307,25,0,0.0,0,0.0,0,0.0,1,0.1
3307,20,0,0.0,0,0.0,0,0.0,1,0.1
3307,24,0,0.0,0,0.0,0,0.0,1,0.1
3315,0,1,1.0,1,1.0,1,0.5,1,0.1
3315,10,0,0.0,0,0.0,0,0.0,1,0.1
3315,0,1,1.0,1,1.0,1,0.5,1,0.1
3315,0,1,1.0,1,1.0,1,0.5,1,0.1
3315,0,1,1.0,1,1.0,1,0.5,1,0.1
3327,47,0,0.0,0,0.0,0,0.0,1,0.06
3327,279,0,0.0,0,0.0,0,0.0,0,0.0
3327,135,0,0.0,0,0.0,0,0.0,0,0.0
3327,1211,0,0.0,0,0.0,0,0.0,0,0.0
3327,104,0,0.0,0,0.0,0,0.0,0,0.0
3352,131,0,0.0,0,0.0,0,0.0,0,0.0
3352,0,1,1.0,1,0.8,1,0.4,1,0.08
3352,79,0,0.0,0,0.0,0,0.0,0,0.0
3352,5,0,0.0,0,0.0,1,0.4,1,0.08
3360,0,1,1.0,1,0.8,1,0.4,1,0.08
3360,0,1,1.0,1,0.8,1,0.4,1,0.08
3360,0,1,1.0,1,0.8,1,0.4,1,0.08
3360,5,0,0.0,0,0.0,1,0.4,1,0.08
3373,40,0,0.0,0,0.0,0,0.0,1,0.1
3373,55,0,0.0,0,0.0,0,0.0,0,0.0
3373,35,0,0.0,0,0.0,0,0.0,1,0.1
3373,25,0,0.0,0,0.0,0,0.0,1,0.1
3373,5,0,0.0,0,0.0,1,0.5,1,0.1
3376,8,0,0.0,0,0.0,1,0.2,1,0.1
3376,196,0,0.0,0,0.0,0,0.0,0,0.0
3376,1070,0,0.0,0,0.0,0,0.0,0,0.0
3376,195,0,0.0,0,0.0,0,0.0,0,0.0
3376,0,1,1.0,1,1.0,1,0.5,1,0.1
3377,5,0,0.0,0,0.0,1,0.5,1,0.1
3377,28,0,0.0,0,0.0,0,0.0,1,0.1
3377,5,0,0.0,0,0.0,1,0.5,1,0.1
3377,15,0,0.0,0,0.0,0,0.0,1,0.1
3377,20,0,0.0,0,0.0,0,0.0,1,0.1
3392,1345,0,0.0,0,0.0,0,0.0,0,0.0
3392,466,0,0.0,0,0.0,0,0.0,0,0.0
3392,158,0,0.0,0,0.0,0,0.0,0,0.0
3392,5,0,0.0,0,0.0,1,0.5,1,0.1
3392,53,0,0.0,0,0.0,0,0.0,0,0.0
3395,2277,0,0.0,0,0.0,0,0.0,0,0.0
3395,855,0,0.0,0,0.0,0,0.0,0,0.0
3395,400,0,0.0,0,0.0,0,0.0,0,0.0
3395,1649,0,0.0,0,0.0,0,0.0,0,0.0
3395,586,0,0.0,0,0.0,0,0.0,0,0.0
3400,15,0,0.0,0,0.0,0,0.0,1,0.1
3400,5,0,0.0,0,0.0,1,0.5,1,0.1
3400,50,0,0.0,0,0.0,0,0.0,0,0.0
3400,10,0,0.0,0,0.0,0,0.0,1,0.1
3400,15,0,0.0,0,0.0,0,0.0,1,0.1
3433,356,0,0.0,0,0.0,0,0.0,0,0.0
3433,39,0,0.0,0,0.0,0,0.0,1,0.08
3433,45,0,0.0,0,0.0,0,0.0,1,0.08
3433,5,0,0.0,0,0.0,1,0.4,1,0.08
3449,279,0,0.0,0,0.0,0,0.0,0,0.0
3449,226,0,0.0,0,0.0,0,0.0,0,0.0
3449,577,0,0.0,0,0.0,0,0.0,0,0.0
3449,302,0,0.0,0,0.0,0,0.0,0,0.0
3449,276,0,0.0,0,0.0,0,0.0,0,0.0
3463,5,0,0.0,0,0.0,1,0.5,1,0.1
3463,154,0,0.0,0,0.0,0,0.0,0,0.0
3463,5,0,0.0,0,0.0,1,0.5,1,0.1
3463,691,0,0.0,0,0.0,0,0.0,0,0.0
3463,18,0,0.0,0,0.0,0,0.0,1,0.1
3467,44,0,0.0,0,0.0,0,0.0,1,0.1
3467,54,0,0.0,0,0.0,0,0.0,0,0.0
3467,59,0,0.0,0,0.0,0,0.0,0,0.0
3467,25,0,0.0,0,0.0,0,0.0,1,0.1
3467,54,0,0.0,0,0.0,0,0.0,0,0.0
3479,5,0,0.0,0,0.0,1,0.5,1,0.1
3479,166,0,0.0,0,0.0,0,0.0,0,0.0
3479,308,0,0.0,0,0.0,0,0.0,0,0.0
3479,160,0,0.0,0,0.0,0,0.0,0,0.0
3479,185,0,0.0,0,0.0,0,0.0,0,0.0
3491,1042,0,0.0,0,0.0,0,0.0,0,0.0
3491,91,0,0.0,0,0.0,0,0.0,0,0.0
3491,85,0,0.0,0,0.0,0,0.0,0,0.0
3491,103,0,0.0,0,0.0,0,0.0,0,0.0
3491,201,0,0.0,0,0.0,0,0.0,0,0.0
3494,5,0,0.0,0,0.0,1,0.5,1,0.1
3494,63,0,0.0,0,0.0,0,0.0,0,0.0
3494,15,0,0.0,0,0.0,0,0.0,1,0.1
3494,44,0,0.0,0,0.0,0,0.0,1,0.1
3494,5,0,0.0,0,0.0,1,0.5,1,0.1
3500,131,0,0.0,0,0.0,0,0.0,0,0.0
3500,207,0,0.0,0,0.0,0,0.0,0,0.0
3500,277,0,0.0,0,0.0,0,0.0,0,0.0
3500,135,0,0.0,0,0.0,0,0.0,0,0.0
3500,49,0,0.0,0,0.0,0,0.0,1,0.02
3515,41,0,0.0,0,0.0,0,0.0,1,0.1
3515,220,0,0.0,0,0.0,0,0.0,0,0.0
3515,0,1,1.0,1,1.0,1,0.5,1,0.1
3515,59,0,0.0,0,0.0,0,0.0,0,0.0
3515,5,0,0.0,0,0.0,1,0.5,1,0.1
3518,5,0,0.0,0,0.0,1,0.5,1,0.1
3518,0,1,1.0,1,1.0,1,0.5,1,0.1
3518,22,0,0.0,0,0.0,0,0.0,1,0.1
3518,210,0,0.0,0,0.0,0,0.0,0,0.0
3518,15,0,0.0,0,0.0,0,0.0,1,0.1
3534,24,0,0.0,0,0.0,0,0.0,1,0.1
3534,29,0,0.0,0,0.0,0,0.0,1,0.1
3534,39,0,0.0,0,0.0,0,0.0,1,0.1
3534,29,0,0.0,0,0.0,0,0.0,1,0.1
3534,34,0,0.0,0,0.0,0,0.0,1,0.1
3536,0,1,1.0,1,1.0,1,0.5,1,0.1
3536,43,0,0.0,0,0.0,0,0.0,1,0.1
3536,1856,0,0.0,0,0.0,0,0.0,0,0.0
3536,35,0,0.0,0,0.0,0,0.0,1,0.1
3536,44,0,0.0,0,0.0,0,0.0,1,0.1
3556,212,0,0.0,0,0.0,0,0.0,0,0.0
3556,121,0,0.0,0,0.0,0,0.0,0,0.0
3556,1280,0,0.0,0,0.0,0,0.0,0,0.0
3556,18,0,0.0,0,0.0,0,0.0,1,0.1
3556,150,0,0.0,0,0.0,0,0.0,0,0.0
3578,160,0,0.0,0,0.0,0,0.0,0,0.0
3578,317,0,0.0,0,0.0,0,0.0,0,0.0
3578,182,0,0.0,0,0.0,0,0.0,0,0.0
3578,153,0,0.0,0,0.0,0,0.0,0,0.0
3578,120,0,0.0,0,0.0,0,0.0,0,0.0
3591,0,1,1.0,1,0.8,1,0.4,1,0.08
3591,0,1,1.0,1,0.8,1,0.4,1,0.08
3591,74,0,0.0,0,0.0,0,0.0,0,0.0
3591,74,0,0.0,0,0.0,0,0.0,0,0.0
3594,123,0,0.0,0,0.0,0,0.0,0,0.0
3594,31,0,0.0,0,0.0,0,0.0,1,0.1
3594,64,0,0.0,0,0.0,0,0.0,0,0.0
3594,27,0,0.0,0,0.0,0,0.0,1,0.1
3594,13,0,0.0,0,0.0,0,0.0,1,0.1
3595,45,0,0.0,0,0.0,0,0.0,1,0.1
3595,654,0,0.0,0,0.0,0,0.0,0,0.0
3595,66,0,0.0,0,0.0,0,0.0,0,0.0
3595,252,0,0.0,0,0.0,0,0.0,0,0.0
3595,57,0,0.0,0,0.0,0,0.0,0,0.0
3616,10,0,0.0,0,0.0,0,0.0,1,0.06
3616,5,0,0.0,0,0.0,1,0.3,1,0.06
3616,5,0,0.0,0,0.0,1,0.3,1,0.06
3622,99,0,0.0,0,0.0,0,0.0,0,0.0
3622,5,0,0.0,0,0.0,1,0.5,1,0.1
3622,84,0,0.0,0,0.0,0,0.0,0,0.0
3622,488,0,0.0,0,0.0,0,0.0,0,0.0
3622,0,1,1.0,1,1.0,1,0.5,1,0.1
3653,14,0,0.0,0,0.0,0,0.0,1,0.1
3653,14,0,0.0,0,0.0,0,0.0,1,0.1
3653,19,0,0.0,0,0.0,0,0.0,1,0.1
3653,5,0,0.0,0,0.0,1,0.5,1,0.1
3653,5,0,0.0,0,0.0,1,0.5,1,0.1
3681,5,0,0.0,0,0.0,1,0.5,1,0.1
3681,5,0,0.0,0,0.0,1,0.5,1,0.1
3681,5,0,0.0,0,0.0,1,0.5,1,0.1
3681,0,1,1.0,1,1.0,1,0.5,1,0.1
3681,0,1,1.0,1,1.0,1,0.5,1,0.1
3692,208,0,0.0,0,0.0,0,0.0,0,0.0
3692,581,0,0.0,0,0.0,0,0.0,0,0.0
3692,0,1,1.0,1,1.0,1,0.5,1,0.1
3692,143,0,0.0,0,0.0,0,0.0,0,0.0
3692,9,0,0.0,0,0.0,1,0.1,1,0.1
3693,146,0,0.0,0,0.0,0,0.0,0,0.0
3693,0,1,1.0,1,1.0,1,0.5,1,0.1
3693,139,0,0.0,0,0.0,0,0.0,0,0.0
3693,134,0,0.0,0,0.0,0,0.0,0,0.0
3693,1893,0,0.0,0,0.0,0,0.0,0,0.0
3699,879,0,0.0,0,0.0,0,0.0,0,0.0
3699,578,0,0.0,0,0.0,0,0.0,0,0.0
3699,43,0,0.0,0,0.0,0,0.0,1,0.1
3699,15,0,0.0,0,0.0,0,0.0,1,0.1
3699,0,1,1.0,1,1.0,1,0.5,1,0.1
3714,831,0,0.0,0,0.0,0,0.0,0,0.0
3714,537,0,0.0,0,0.0,0,0.0,0,0.0
3714,128,0,0.0,0,0.0,0,0.0,0,0.0
3714,3044,0,0.0,0,0.0,0,0.0,0,0.0
3714,198,0,0.0,0,0.0,0,0.0,0,0.0
3716,2875,0,0.0,0,0.0,0,0.0,0,0.0
3716,214,0,0.0,0,0.0,0,0.0,0,0.0
3716,30,0,0.0,0,0.0,0,0.0,1,0.1
3716,0,1,1.0,1,1.0,1,0.5,1,0.1
3716,1986,0,0.0,0,0.0,0,0.0,0,0.0
3728,82,0,0.0,0,0.0,0,0.0,0,0.0
3728,39,0,0.0,0,0.0,0,0.0,1,0.1
3728,190,0,0.0,0,0.0,0,0.0,0,0.0
3728,208,0,0.0,0,0.0,0,0.0,0,0.0
3728,48,0,0.0,0,0.0,0,0.0,1,0.04
3730,496,0,0.0,0,0.0,0,0.0,0,0.0
3730,253,0,0.0,0,0.0,0,0.0,0,0.0
3730,299,0,0.0,0,0.0,0,0.0,0,0.0
3730,323,0,0.0,0,0.0,0,0.0,0,0.0
3730,185,0,0.0,0,0.0,0,0.0,0,0.0
3735,61,0,0.0,0,0.0,0,0.0,0,0.0
3735,20,0,0.0,0,0.0,0,0.0,1,0.1
3735,19,0,0.0,0,0.0,0,0.0,1,0.1
3735,289,0,0.0,0,0.0,0,0.0,0,0.0
3735,532,0,0.0,0,0.0,0,0.0,0,0.0
3739,51,0,0.0,0,0.0,0,0.0,0,0.0
3739,38,0,0.0,0,0.0,0,0.0,1,0.1
3739,51,0,0.0,0,0.0,0,0.0,0,0.0
3739,116,0,0.0,0,0.0,0,0.0,0,0.0
3739,61,0,0.0,0,0.0,0,0.0,0,0.0
3751,70,0,0.0,0,0.0,0,0.0,0,0.0
3751,15,0,0.0,0,0.0,0,0.0,1,0.08
3751,105,0,0.0,0,0.0,0,0.0,0,0.0
3751,5,0,0.0,0,0.0,1,0.4,1,0.08
3774,50,0,0.0,0,0.0,0,0.0,0,0.0
3774,10,0,0.0,0,0.0,0,0.0,1,0.1
3774,29,0,0.0,0,0.0,0,0.0,1,0.1
3774,15,0,0.0,0,0.0,0,0.0,1,0.1
3774,10,0,0.0,0,0.0,0,0.0,1,0.1
3781,473,0,0.0,0,0.0,0,0.0,0,0.0
3781,1058,0,0.0,0,0.0,0,0.0,0,0.0
3781,390,0,0.0,0,0.0,0,0.0,0,0.0
3781,621,0,0.0,0,0.0,0,0.0,0,0.0
3781,35,0,0.0,0,0.0,0,0.0,1,0.1
3783,486,0,0.0,0,0.0,0,0.0,0,0.0
3783,347,0,0.0,0,0.0,0,0.0,0,0.0
3783,43,0,0.0,0,0.0,0,0.0,1,0.1
3783,173,0,0.0,0,0.0,0,0.0,0,0.0
3783,64,0,0.0,0,0.0,0,0.0,0,0.0
3787,20,0,0.0,0,0.0,0,0.0,1,0.1
3787,25,0,0.0,0,0.0,0,0.0,1,0.1
3787,35,0,0.0,0,0.0,0,0.0,1,0.1
3787,55,0,0.0,0,0.0,0,0.0,0,0.0
3787,64,0,0.0,0,0.0,0,0.0,0,0.0
3792,104,0,0.0,0,0.0,0,0.0,0,0.0
3792,2834,0,0.0,0,0.0,0,0.0,0,0.0
3792,87,0,0.0,0,0.0,0,0.0,0,0.0
3792,153,0,0.0,0,0.0,0,0.0,0,0.0
3792,100,0,0.0,0,0.0,0,0.0,0,0.0
3812,76,0,0.0,0,0.0,0,0.0,0,0.0
3812,142,0,0.0,0,0.0,0,0.0,0,0.0
3812,102,0,0.0,0,0.0,0,0.0,0,0.0
3812,165,0,0.0,0,0.0,0,0.0,0,0.0
3812,70,0,0.0,0,0.0,0,0.0,0,0.0
3813,0,1,1.0,1,0.8,1,0.4,1,0.08
3813,64,0,0.0,0,0.0,0,0.0,0,0.0
3813,40,0,0.0,0,0.0,0,0.0,1,0.08
3813,68,0,0.0,0,0.0,0,0.0,0,0.0
3825,45,0,0.0,0,0.0,0,0.0,1,0.1
3825,45,0,0.0,0,0.0,0,0.0,1,0.1
3825,44,0,0.0,0,0.0,0,0.0,1,0.1
3825,140,0,0.0,0,0.0,0,0.0,0,0.0
3825,20,0,0.0,0,0.0,0,0.0,1,0.1
3828,29,0,0.0,0,0.0,0,0.0,1,0.1
3828,82,0,0.0,0,0.0,0,0.0,0,0.0
3828,129,0,0.0,0,0.0,0,0.0,0,0.0
3828,5,0,0.0,0,0.0,1,0.5,1,0.1
3828,251,0,0.0,0,0.0,0,0.0,0,0.0
3844,85,0,0.0,0,0.0,0,0.0,0,0.0
3844,128,0,0.0,0,0.0,0,0.0,0,0.0
3844,8,0,0.0,0,0.0,1,0.2,1,0.1
3844,65,0,0.0,0,0.0,0,0.0,0,0.0
3844,8,0,0.0,0,0.0,1,0.2,1,0.1
3848,838,0,0.0,0,0.0,0,0.0,0,0.0
3848,44,0,0.0,0,0.0,0,0.0,1,0.08
3848,45,0,0.0,0,0.0,0,0.0,1,0.08
3848,54,0,0.0,0,0.0,0,0.0,0,0.0
3873,586,0,0.0,0,0.0,0,0.0,0,0.0
3873,664,0,0.0,0,0.0,0,0.0,0,0.0
3873,570,0,0.0,0,0.0,0,0.0,0,0.0
3873,358,0,0.0,0,0.0,0,0.0,0,0.0
3873,1721,0,0.0,0,0.0,0,0.0,0,0.0
3875,10,0,0.0,0,0.0,0,0.0,1,0.1
3875,0,1,1.0,1,1.0,1,0.5,1,0.1
3875,0,1,1.0,1,1.0,1,0.5,1,0.1
3875,0,1,1.0,1,1.0,1,0.5,1,0.1
3875,0,1,1.0,1,1.0,1,0.5,1,0.1
3880,542,0,0.0,0,0.0,0,0.0,0,0.0
3880,49,0,0.0,0,0.0,0,0.0,1,0.02
3880,5,0,0.0,0,0.0,1,0.5,1,0.1
3880,10,0,0.0,0,0.0,0,0.0,1,0.1
3880,0,1,1.0,1,1.0,1,0.5,1,0.1
3895,42,0,0.0,0,0.0,0,0.0,1,0.1
3895,47,0,0.0,0,0.0,0,0.0,1,0.06
3895,40,0,0.0,0,0.0,0,0.0,1,0.1
3895,271,0,0.0,0,0.0,0,0.0,0,0.0
3895,47,0,0.0,0,0.0,0,0.0,1,0.06
3898,0,1,1.0,1,0.8,1,0.4,1,0.08
3898,10,0,0.0,0,0.0,0,0.0,1,0.08
3898,5,0,0.0,0,0.0,1,0.4,1,0.08
3898,0,1,1.0,1,0.8,1,0.4,1,0.08
3915,218,0,0.0,0,0.0,0,0.0,0,0.0
3915,2118,0,0.0,0,0.0,0,0.0,0,0.0
3915,10,0,0.0,0,0.0,0,0.0,1,0.08
3915,28,0,0.0,0,0.0,0,0.0,1,0.08
3921,49,0,0.0,0,0.0,0,0.0,1,0.02
3921,59,0,0.0,0,0.0,0,0.0,0,0.0
3921,156,0,0.0,0,0.0,0,0.0,0,0.0
3921,10,0,0.0,0,0.0,0,0.0,1,0.08
3925,20,0,0.0,0,0.0,0,0.0,1,0.1
3925,98,0,0.0,0,0.0,0,0.0,0,0.0
3925,40,0,0.0,0,0.0,0,0.0,1,0.1
3925,0,1,1.0,1,1.0,1,0.5,1,0.1
3925,15,0,0.0,0,0.0,0,0.0,1,0.1
3926,0,1,1.0,1,1.0,1,0.5,1,0.1
3926,58,0,0.0,0,0.0,0,0.0,0,0.0
3926,5,0,0.0,0,0.0,1,0.5,1,0.1
3926,0,1,1.0,1,1.0,1,0.5,1,0.1
3926,24,0,0.0,0,0.0,0,0.0,1,0.1
3933,358,0,0.0,0,0.0,0,0.0,0,0.0
3933,469,0,0.0,0,0.0,0,0.0,0,0.0
3933,0,1,1.0,1,1.0,1,0.5,1,0.1
3933,5,0,0.0,0,0.0,1,0.5,1,0.1
3933,64,0,0.0,0,0.0,0,0.0,0,0.0
3934,754,0,0.0,0,0.0,0,0.0,0,0.0
3934,173,0,0.0,0,0.0,0,0.0,0,0.0
3934,318,0,0.0,0,0.0,0,0.0,0,0.0
3934,1306,0,0.0,0,0.0,0,0.0,0,0.0
3934,19,0,0.0,0,0.0,0,0.0,1,0.1
3946,29,0,0.0,0,0.0,0,0.0,1,0.1
3946,43,0,0.0,0,0.0,0,0.0,1,0.1
3946,624,0,0.0,0,0.0,0,0.0,0,0.0
3946,38,0,0.0,0,0.0,0,0.0,1,0.1
3946,160,0,0.0,0,0.0,0,0.0,0,0.0
3950,475,0,0.0,0,0.0,0,0.0,0,0.0
3950,201,0,0.0,0,0.0,0,0.0,0,0.0
3950,3141,0,0.0,0,0.0,0,0.0,0,0.0
3950,28,0,0.0,0,0.0,0,0.0,1,0.1
3950,446,0,0.0,0,0.0,0,0.0,0,0.0
3954,10,0,0.0,0,0.0,0,0.0,1,0.1
3954,35,0,0.0,0,0.0,0,0.0,1,0.1
3954,5,0,0.0,0,0.0,1,0.5,1,0.1
3954,49,0,0.0,0,0.0,0,0.0,1,0.02
3954,10,0,0.0,0,0.0,0,0.0,1,0.1
3961,0,1,1.0,1,1.0,1,0.5,1,0.1
3961,71,0,0.0,0,0.0,0,0.0,0,0.0
3961,14,0,0.0,0,0.0,0,0.0,1,0.1
3961,49,0,0.0,0,0.0,0,0.0,1,0.02
3961,0,1,1.0,1,1.0,1,0.5,1,0.1
3962,190,0,0.0,0,0.0,0,0.0,0,0.0
3962,254,0,0.0,0,0.0,0,0.0,0,0.0
3962,290,0,0.0,0,0.0,0,0.0,0,0.0
3962,185,0,0.0,0,0.0,0,0.0,0,0.0
3968,235,0,0.0,0,0.0,0,0.0,0,0.0
3968,91,0,0.0,0,0.0,0,0.0,0,0.0
3968,84,0,0.0,0,0.0,0,0.0,0,0.0
3968,164,0,0.0,0,0.0,0,0.0,0,0.0
3968,82,0,0.0,0,0.0,0,0.0,0,0.0
3969,180,0,0.0,0,0.0,0,0.0,0,0.0
3969,114,0,0.0,0,0.0,0,0.0,0,0.0
3969,30,0,0.0,0,0.0,0,0.0,1,0.1
3969,3176,0,0.0,0,0.0,0,0.0,0,0.0
3969,303,0,0.0,0,0.0,0,0.0,0,0.0
3976,103,0,0.0,0,0.0,0,0.0,0,0.0
3976,83,0,0.0,0,0.0,0,0.0,0,0.0
3976,128,0,0.0,0,0.0,0,0.0,0,0.0
3976,0,1,1.0,1,1.0,1,0.5,1,0.1
3976,113,0,0.0,0,0.0,0,0.0,0,0.0
3985,15,0,0.0,0,0.0,0,0.0,1,0.1
3985,15,0,0.0,0,0.0,0,0.0,1,0.1
3985,13,0,0.0,0,0.0,0,0.0,1,0.1
3985,10,0,0.0,0,0.0,0,0.0,1,0.1
3985,29,0,0.0,0,0.0,0,0.0,1,0.1
4008,47,0,0.0,0,0.0,0,0.0,1,0.06
4008,342,0,0.0,0,0.0,0,0.0,0,0.0
4008,35,0,0.0,0,0.0,0,0.0,1,0.1
4008,0,1,1.0,1,1.0,1,0.5,1,0.1
4008,0,1,1.0,1,1.0,1,0.5,1,0.1
4013,86,0,0.0,0,0.0,0,0.0,0,0.0
4013,0,1,1.0,1,1.0,1,0.5,1,0.1
4013,85,0,0.0,0,0.0,0,0.0,0,0.0
4013,5,0,0.0,0,0.0,1,0.5,1,0.1
4013,0,1,1.0,1,1.0,1,0.5,1,0.1
4023,226,0,0.0,0,0.0,0,0.0,0,0.0
4023,71,0,0.0,0,0.0,0,0.0,0,0.0
4023,32,0,0.0,0,0.0,0,0.0,1,0.1
4023,10,0,0.0,0,0.0,0,0.0,1,0.1
4023,70,0,0.0,0,0.0,0,0.0,0,0.0
4024,20,0,0.0,0,0.0,0,0.0,1,0.1
4024,639,0,0.0,0,0.0,0,0.0,0,0.0
4024,107,0,0.0,0,0.0,0,0.0,0,0.0
4024,49,0,0.0,0,0.0,0,0.0,1,0.02
4024,52,0,0.0,0,0.0,0,0.0,0,0.0
4032,0,1,1.0,1,1.0,1,0.5,1,0.1
4032,14,0,0.0,0,0.0,0,0.0,1,0.1
4032,4,0,0.0,1,0.2,1,0.5,1,0.1
4032,87,0,0.0,0,0.0,0,0.0,0,0.0
4032,0,1,1.0,1,1.0,1,0.5,1,0.1
4044,33,0,0.0,0,0.0,0,0.0,1,0.1
4044,10,0,0.0,0,0.0,0,0.0,1,0.1
4044,5,0,0.0,0,0.0,1,0.5,1,0.1
4044,10,0,0.0,0,0.0,0,0.0,1,0.1
4044,10,0,0.0,0,0.0,0,0.0,1,0.1
4061,31,0,0.0,0,0.0,0,0.0,1,0.1
4061,30,0,0.0,0,0.0,0,0.0,1,0.1
4061,25,0,0.0,0,0.0,0,0.0,1,0.1
4061,221,0,0.0,0,0.0,0,0.0,0,0.0
4061,33,0,0.0,0,0.0,0,0.0,1,0.1
4066,523,0,0.0,0,0.0,0,0.0,0,0.0
4066,0,1,1.0,1,1.0,1,0.5,1,0.1
4066,162,0,0.0,0,0.0,0,0.0,0,0.0
4066,4,0,0.0,1,0.2,1,0.5,1,0.1
4066,0,1,1.0,1,1.0,1,0.5,1,0.1
4070,0,1,1.0,1,1.0,1,0.5,1,0.1
4070,9,0,0.0,0,0.0,1,0.1,1,0.1
4070,122,0,0.0,0,0.0,0,0.0,0,0.0
4070,0,1,1.0,1,1.0,1,0.5,1,0.1
4070,40,0,0.0,0,0.0,0,0.0,1,0.1
4075,30,0,0.0,0,0.0,0,0.0,1,0.1
4075,39,0,0.0,0,0.0,0,0.0,1,0.1
4075,20,0,0.0,0,0.0,0,0.0,1,0.1
4075,10,0,0.0,0,0.0,0,0.0,1,0.1
4075,172,0,0.0,0,0.0,0,0.0,0,0.0
4087,10,0,0.0,0,0.0,0,0.0,1,0.1
4087,0,1,1.0,1,1.0,1,0.5,1,0.1
4087,0,1,1.0,1,1.0,1,0.5,1,0.1
4087,5,0,0.0,0,0.0,1,0.5,1,0.1
4087,35,0,0.0,0,0.0,0,0.0,1,0.1
4091,0,1,1.0,1,1.0,1,0.5,1,0.1
4091,0,1,1.0,1,1.0,1,0.5,1,0.1
4091,0,1,1.0,1,1.0,1,0.5,1,0.1
4091,0,1,1.0,1,1.0,1,0.5,1,0.1
4091,0,1,1.0,1,1.0,1,0.5,1,0.1
4095,5,0,0.0,0,0.0,1,0.5,1,0.1
4095,271,0,0.0,0,0.0,0,0.0,0,0.0
4095,0,1,1.0,1,1.0,1,0.5,1,0.1
4095,103,0,0.0,0,0.0,0,0.0,0,0.0
4095,49,0,0.0,0,0.0,0,0.0,1,0.02
4097,182,0,0.0,0,0.0,0,0.0,0,0.0
4097,22,0,0.0,0,0.0,0,0.0,1,0.08
4097,285,0,0.0,0,0.0,0,0.0,0,0.0
4097,5,0,0.0,0,0.0,1,0.4,1,0.08
4110,369,0,0.0,0,0.0,0,0.0,0,0.0
4110,268,0,0.0,0,0.0,0,0.0,0,0.0
4110,792,0,0.0,0,0.0,0,0.0,0,0.0
4110,30,0,0.0,0,0.0,0,0.0,1,0.1
4110,10,0,0.0,0,0.0,0,0.0,1,0.1
4116,0,1,1.0,1,1.0,1,0.5,1,0.1
4116,45,0,0.0,0,0.0,0,0.0,1,0.1
4116,0,1,1.0,1,1.0,1,0.5,1,0.1
4116,0,1,1.0,1,1.0,1,0.5,1,0.1
4116,5,0,0.0,0,0.0,1,0.5,1,0.1
4119,45,0,0.0,0,0.0,0,0.0,1,0.1
4119,20,0,0.0,0,0.0,0,0.0,1,0.1
4119,15,0,0.0,0,0.0,0,0.0,1,0.1
4119,25,0,0.0,0,0.0,0,0.0,1,0.1
4119,0,1,1.0,1,1.0,1,0.5,1,0.1
4130,25,0,0.0,0,0.0,0,0.0,1,0.1
4130,5,0,0.0,0,0.0,1,0.5,1,0.1
4130,1341,0,0.0,0,0.0,0,0.0,0,0.0
4130,87,0,0.0,0,0.0,0,0.0,0,0.0
4130,30,0,0.0,0,0.0,0,0.0,1,0.1
4133,15,0,0.0,0,0.0,0,0.0,1,0.1
4133,10,0,0.0,0,0.0,0,0.0,1,0.1
4133,10,0,0.0,0,0.0,0,0.0,1,0.1
4133,475,0,0.0,0,0.0,0,0.0,0,0.0
4133,24,0,0.0,0,0.0,0,0.0,1,0.1
4134,308,0,0.0,0,0.0,0,0.0,0,0.0
4134,103,0,0.0,0,0.0,0,0.0,0,0.0
4134,33,0,0.0,0,0.0,0,0.0,1,0.08
4134,8,0,0.0,0,0.0,1,0.2,1,0.08
4135,91,0,0.0,0,0.0,0,0.0,0,0.0
4135,39,0,0.0,0,0.0,0,0.0,1,0.1
4135,5,0,0.0,0,0.0,1,0.5,1,0.1
4135,0,1,1.0,1,1.0,1,0.5,1,0.1
4135,5,0,0.0,0,0.0,1,0.5,1,0.1
4138,95,0,0.0,0,0.0,0,0.0,0,0.0
4138,61,0,0.0,0,0.0,0,0.0,0,0.0
4138,24,0,0.0,0,0.0,0,0.0,1,0.1
4138,75,0,0.0,0,0.0,0,0.0,0,0.0
4138,32,0,0.0,0,0.0,0,0.0,1,0.1
4150,150,0,0.0,0,0.0,0,0.0,0,0.0
4150,193,0,0.0,0,0.0,0,0.0,0,0.0
4150,146,0,0.0,0,0.0,0,0.0,0,0.0
4150,44,0,0.0,0,0.0,0,0.0,1,0.1
4150,724,0,0.0,0,0.0,0,0.0,0,0.0
4152,1210,0,0.0,0,0.0,0,0.0,0,0.0
4152,127,0,0.0,0,0.0,0,0.0,0,0.0
4152,67,0,0.0,0,0.0,0,0.0,0,0.0
4152,0,1,1.0,1,1.0,1,0.5,1,0.1
4152,0,1,1.0,1,1.0,1,0.5,1,0.1
4161,388,0,0.0,0,0.0,0,0.0,0,0.0
4161,34,0,0.0,0,0.0,0,0.0,1,0.1
4161,39,0,0.0,0,0.0,0,0.0,1,0.1
4161,28,0,0.0,0,0.0,0,0.0,1,0.1
4161,5,0,0.0,0,0.0,1,0.5,1,0.1
4175,0,1,1.0,1,1.0,1,0.5,1,0.1
4175,5,0,0.0,0,0.0,1,0.5,1,0.1
4175,224,0,0.0,0,0.0,0,0.0,0,0.0
4175,0,1,1.0,1,1.0,1,0.5,1,0.1
4175,63,0,0.0,0,0.0,0,0.0,0,0.0
4180,15,0,0.0,0,0.0,0,0.0,1,0.1
4180,15,0,0.0,0,0.0,0,0.0,1,0.1
4180,17,0,0.0,0,0.0,0,0.0,1,0.1
4180,17,0,0.0,0,0.0,0,0.0,1,0.1
4180,15,0,0.0,0,0.0,0,0.0,1,0.1
4196,0,1,1.0,1,1.0,1,0.5,1,0.1
4196,19,0,0.0,0,0.0,0,0.0,1,0.1
4196,175,0,0.0,0,0.0,0,0.0,0,0.0
4196,54,0,0.0,0,0.0,0,0.0,0,0.0
4196,20,0,0.0,0,0.0,0,0.0,1,0.1
4205,907,0,0.0,0,0.0,0,0.0,0,0.0
4205,10,0,0.0,0,0.0,0,0.0,1,0.1
4205,384,0,0.0,0,0.0,0,0.0,0,0.0
4205,0,1,1.0,1,1.0,1,0.5,1,0.1
4205,0,1,1.0,1,1.0,1,0.5,1,0.1
4207,235,0,0.0,0,0.0,0,0.0,0,0.0
4207,528,0,0.0,0,0.0,0,0.0,0,0.0
4207,244,0,0.0,0,0.0,0,0.0,0,0.0
4207,9,0,0.0,0,0.0,1,0.1,1,0.1
4207,562,0,0.0,0,0.0,0,0.0,0,0.0
4236,25,0,0.0,0,0.0,0,0.0,1,0.1
4236,86,0,0.0,0,0.0,0,0.0,0,0.0
4236,59,0,0.0,0,0.0,0,0.0,0,0.0
4236,5,0,0.0,0,0.0,1,0.5,1,0.1
4236,5,0,0.0,0,0.0,1,0.5,1,0.1
4253,171,0,0.0,0,0.0,0,0.0,0,0.0
4253,0,1,1.0,1,1.0,1,0.5,1,0.1
4253,82,0,0.0,0,0.0,0,0.0,0,0.0
4253,5,0,0.0,0,0.0,1,0.5,1,0.1
4253,151,0,0.0,0,0.0,0,0.0,0,0.0
4275,14,0,0.0,0,0.0,0,0.0,1,0.1
4275,5,0,0.0,0,0.0,1,0.5,1,0.1
4275,10,0,0.0,0,0.0,0,0.0,1,0.1
4275,10,0,0.0,0,0.0,0,0.0,1,0.1
4275,10,0,0.0,0,0.0,0,0.0,1,0.1
4281,58,0,0.0,0,0.0,0,0.0,0,0.0
4281,613,0,0.0,0,0.0,0,0.0,0,0.0
4281,29,0,0.0,0,0.0,0,0.0,1,0.1
4281,165,0,0.0,0,0.0,0,0.0,0,0.0
4281,637,0,0.0,0,0.0,0,0.0,0,0.0
4306,77,0,0.0,0,0.0,0,0.0,0,0.0
4306,82,0,0.0,0,0.0,0,0.0,0,0.0
4306,58,0,0.0,0,0.0,0,0.0,0,0.0
4306,68,0,0.0,0,0.0,0,0.0,0,0.0
4306,93,0,0.0,0,0.0,0,0.0,0,0.0
4307,63,0,0.0,0,0.0,0,0.0,0,0.0
4307,29,0,0.0,0,0.0,0,0.0,1,0.1
4307,0,1,1.0,1,1.0,1,0.5,1,0.1
4307,0,1,1.0,1,1.0,1,0.5,1,0.1
4307,109,0,0.0,0,0.0,0,0.0,0,0.0
4316,15,0,0.0,0,0.0,0,0.0,1,0.1
4316,0,1,1.0,1,1.0,1,0.5,1,0.1
4316,60,0,0.0,0,0.0,0,0.0,0,0.0
4316,58,0,0.0,0,0.0,0,0.0,0,0.0
4316,48,0,0.0,0,0.0,0,0.0,1,0.04
4325,29,0,0.0,0,0.0,0,0.0,1,0.1
4325,10,0,0.0,0,0.0,0,0.0,1,0.1
4325,1848,0,0.0,0,0.0,0,0.0,0,0.0
4325,19,0,0.0,0,0.0,0,0.0,1,0.1
4325,29,0,0.0,0,0.0,0,0.0,1,0.1
4347,15,0,0.0,0,0.0,0,0.0,1,0.1
4347,424,0,0.0,0,0.0,0,0.0,0,0.0
4347,619,0,0.0,0,0.0,0,0.0,0,0.0
4347,10,0,0.0,0,0.0,0,0.0,1,0.1
4347,33,0,0.0,0,0.0,0,0.0,1,0.1
4369,5,0,0.0,0,0.0,1,0.5,1,0.1
4369,0,1,1.0,1,1.0,1,0.5,1,0.1
4369,104,0,0.0,0,0.0,0,0.0,0,0.0
4369,5,0,0.0,0,0.0,1,0.5,1,0.1
4369,18,0,0.0,0,0.0,0,0.0,1,0.1
4375,181,0,0.0,0,0.0,0,0.0,0,0.0
4375,720,0,0.0,0,0.0,0,0.0,0,0.0
4375,246,0,0.0,0,0.0,0,0.0,0,0.0
4375,353,0,0.0,0,0.0,0,0.0,0,0.0
4375,89,0,0.0,0,0.0,0,0.0,0,0.0
4426,74,0,0.0,0,0.0,0,0.0,0,0.0
4426,2266,0,0.0,0,0.0,0,0.0,0,0.0
4426,49,0,0.0,0,0.0,0,0.0,1,0.02
4426,22,0,0.0,0,0.0,0,0.0,1,0.1
4426,1917,0,0.0,0,0.0,0,0.0,0,0.0
4435,50,0,0.0,0,0.0,0,0.0,0,0.0
4435,45,0,0.0,0,0.0,0,0.0,1,0.1
4435,64,0,0.0,0,0.0,0,0.0,0,0.0
4435,35,0,0.0,0,0.0,0,0.0,1,0.1
4435,35,0,0.0,0,0.0,0,0.0,1,0.1
4441,0,1,1.0,1,1.0,1,0.5,1,0.1
4441,5,0,0.0,0,0.0,1,0.5,1,0.1
4441,0,1,1.0,1,1.0,1,0.5,1,0.1
4441,0,1,1.0,1,1.0,1,0.5,1,0.1
4441,59,0,0.0,0,0.0,0,0.0,0,0.0
4454,15,0,0.0,0,0.0,0,0.0,1,0.1
4454,0,1,1.0,1,1.0,1,0.5,1,0.1
4454,15,0,0.0,0,0.0,0,0.0,1,0.1
4454,0,1,1.0,1,1.0,1,0.5,1,0.1
4454,25,0,0.0,0,0.0,0,0.0,1,0.1
4478,44,0,0.0,0,0.0,0,0.0,1,0.1
4478,0,1,1.0,1,1.0,1,0.5,1,0.1
4478,29,0,0.0,0,0.0,0,0.0,1,0.1
4478,5,0,0.0,0,0.0,1,0.5,1,0.1
4478,131,0,0.0,0,0.0,0,0.0,0,0.0
4487,25,0,0.0,0,0.0,0,0.0,1,0.1
4487,30,0,0.0,0,0.0,0,0.0,1,0.1
4487,15,0,0.0,0,0.0,0,0.0,1,0.1
4487,40,0,0.0,0,0.0,0,0.0,1,0.1
4487,5,0,0.0,0,0.0,1,0.5,1,0.1
4490,0,1,1.0,1,1.0,1,0.5,1,0.1
4490,0,1,1.0,1,1.0,1,0.5,1,0.1
4490,14,0,0.0,0,0.0,0,0.0,1,0.1
4490,15,0,0.0,0,0.0,0,0.0,1,0.1
4490,10,0,0.0,0,0.0,0,0.0,1,0.1
4492,58,0,0.0,0,0.0,0,0.0,0,0.0
4492,40,0,0.0,0,0.0,0,0.0,1,0.08
4492,33,0,0.0,0,0.0,0,0.0,1,0.08
4492,562,0,0.0,0,0.0,0,0.0,0,0.0
4495,554,0,0.0,0,0.0,0,0.0,0,0.0
4495,187,0,0.0,0,0.0,0,0.0,0,0.0
4495,232,0,0.0,0,0.0,0,0.0,0,0.0
4495,856,0,0.0,0,0.0,0,0.0,0,0.0
4495,154,0,0.0,0,0.0,0,0.0,0,0.0
4511,5,0,0.0,0,0.0,1,0.5,1,0.1
4511,86,0,0.0,0,0.0,0,0.0,0,0.0
4511,653,0,0.0,0,0.0,0,0.0,0,0.0
4511,0,1,1.0,1,1.0,1,0.5,1,0.1
4511,42,0,0.0,0,0.0,0,0.0,1,0.1
4513,91,0,0.0,0,0.0,0,0.0,0,0.0
4513,5,0,0.0,0,0.0,1,0.4,1,0.08
4513,101,0,0.0,0,0.0,0,0.0,0,0.0
4513,88,0,0.0,0,0.0,0,0.0,0,0.0
4529,0,1,1.0,1,1.0,1,0.5,1,0.1
4529,0,1,1.0,1,1.0,1,0.5,1,0.1
4529,64,0,0.0,0,0.0,0,0.0,0,0.0
4529,0,1,1.0,1,1.0,1,0.5,1,0.1
4529,0,1,1.0,1,1.0,1,0.5,1,0.1
4543,23,0,0.0,0,0.0,0,0.0,1,0.1
4543,23,0,0.0,0,0.0,0,0.0,1,0.1
4543,28,0,0.0,0,0.0,0,0.0,1,0.1
4543,28,0,0.0,0,0.0,0,0.0,1,0.1
4543,23,0,0.0,0,0.0,0,0.0,1,0.1
4551,353,0,0.0,0,0.0,0,0.0,0,0.0
4551,0,1,1.0,1,1.0,1,0.5,1,0.1
4551,91,0,0.0,0,0.0,0,0.0,0,0.0
4551,39,0,0.0,0,0.0,0,0.0,1,0.1
4551,10,0,0.0,0,0.0,0,0.0,1,0.1
4557,851,0,0.0,0,0.0,0,0.0,0,0.0
4557,739,0,0.0,0,0.0,0,0.0,0,0.0
4557,10,0,0.0,0,0.0,0,0.0,1,0.1
4557,94,0,0.0,0,0.0,0,0.0,0,0.0
4557,84,0,0.0,0,0.0,0,0.0,0,0.0
4558,25,0,0.0,0,0.0,0,0.0,1,0.1
4558,15,0,0.0,0,0.0,0,0.0,1,0.1
4558,20,0,0.0,0,0.0,0,0.0,1,0.1
4558,15,0,0.0,0,0.0,0,0.0,1,0.1
4558,15,0,0.0,0,0.0,0,0.0,1,0.1
4561,129,0,0.0,0,0.0,0,0.0,0,0.0
4561,10,0,0.0,0,0.0,0,0.0,1,0.1
4561,49,0,0.0,0,0.0,0,0.0,1,0.02
4561,54,0,0.0,0,0.0,0,0.0,0,0.0
4561,15,0,0.0,0,0.0,0,0.0,1,0.1
4600,50,0,0.0,0,0.0,0,0.0,0,0.0
4600,258,0,0.0,0,0.0,0,0.0,0,0.0
4600,465,0,0.0,0,0.0,0,0.0,0,0.0
4600,226,0,0.0,0,0.0,0,0.0,0,0.0
4600,335,0,0.0,0,0.0,0,0.0,0,0.0
4614,1153,0,0.0,0,0.0,0,0.0,0,0.0
4614,462,0,0.0,0,0.0,0,0.0,0,0.0
4614,425,0,0.0,0,0.0,0,0.0,0,0.0
4614,924,0,0.0,0,0.0,0,0.0,0,0.0
4614,720,0,0.0,0,0.0,0,0.0,0,0.0
4616,44,0,0.0,0,0.0,0,0.0,1,0.1
4616,10,0,0.0,0,0.0,0,0.0,1,0.1
4616,60,0,0.0,0,0.0,0,0.0,0,0.0
4616,0,1,1.0,1,1.0,1,0.5,1,0.1
4616,25,0,0.0,0,0.0,0,0.0,1,0.1
4619,42,0,0.0,0,0.0,0,0.0,1,0.1
4619,48,0,0.0,0,0.0,0,0.0,1,0.04
4619,48,0,0.0,0,0.0,0,0.0,1,0.04
4619,176,0,0.0,0,0.0,0,0.0,0,0.0
4619,253,0,0.0,0,0.0,0,0.0,0,0.0
4621,124,0,0.0,0,0.0,0,0.0,0,0.0
4621,203,0,0.0,0,0.0,0,0.0,0,0.0
4621,67,0,0.0,0,0.0,0,0.0,0,0.0
4621,758,0,0.0,0,0.0,0,0.0,0,0.0
4621,147,0,0.0,0,0.0,0,0.0,0,0.0
4622,98,0,0.0,0,0.0,0,0.0,0,0.0
4622,1319,0,0.0,0,0.0,0,0.0,0,0.0
4622,25,0,0.0,0,0.0,0,0.0,1,0.1
4622,0,1,1.0,1,1.0,1,0.5,1,0.1
4622,19,0,0.0,0,0.0,0,0.0,1,0.1
4636,206,0,0.0,0,0.0,0,0.0,0,0.0
4636,24,0,0.0,0,0.0,0,0.0,1,0.08
4636,10,0,0.0,0,0.0,0,0.0,1,0.08
4636,5,0,0.0,0,0.0,1,0.4,1,0.08
4638,25,0,0.0,0,0.0,0,0.0,1,0.1
4638,0,1,1.0,1,1.0,1,0.5,1,0.1
4638,82,0,0.0,0,0.0,0,0.0,0,0.0
4638,139,0,0.0,0,0.0,0,0.0,0,0.0
4638,57,0,0.0,0,0.0,0,0.0,0,0.0
4647,447,0,0.0,0,0.0,0,0.0,0,0.0
4647,663,0,0.0,0,0.0,0,0.0,0,0.0
4647,67,0,0.0,0,0.0,0,0.0,0,0.0
4647,13,0,0.0,0,0.0,0,0.0,1,0.1
4647,138,0,0.0,0,0.0,0,0.0,0,0.0
4650,47,0,0.0,0,0.0,0,0.0,1,0.06
4650,64,0,0.0,0,0.0,0,0.0,0,0.0
4650,79,0,0.0,0,0.0,0,0.0,0,0.0
4650,225,0,0.0,0,0.0,0,0.0,0,0.0
4650,0,1,1.0,1,1.0,1,0.5,1,0.1
4652,5,0,0.0,0,0.0,1,0.5,1,0.1
4652,9,0,0.0,0,0.0,1,0.1,1,0.1
4652,0,1,1.0,1,1.0,1,0.5,1,0.1
4652,10,0,0.0,0,0.0,0,0.0,1,0.1
4652,5,0,0.0,0,0.0,1,0.5,1,0.1
4662,20,0,0.0,0,0.0,0,0.0,1,0.1
4662,5,0,0.0,0,0.0,1,0.5,1,0.1
4662,29,0,0.0,0,0.0,0,0.0,1,0.1
4662,20,0,0.0,0,0.0,0,0.0,1,0.1
4662,1269,0,0.0,0,0.0,0,0.0,0,0.0
4673,39,0,0.0,0,0.0,0,0.0,1,0.1
4673,68,0,0.0,0,0.0,0,0.0,0,0.0
4673,804,0,0.0,0,0.0,0,0.0,0,0.0
4673,92,0,0.0,0,0.0,0,0.0,0,0.0
4673,87,0,0.0,0,0.0,0,0.0,0,0.0
4682,0,1,1.0,1,1.0,1,0.5,1,0.1
4682,31,0,0.0,0,0.0,0,0.0,1,0.1
4682,0,1,1.0,1,1.0,1,0.5,1,0.1
4682,0,1,1.0,1,1.0,1,0.5,1,0.1
4682,501,0,0.0,0,0.0,0,0.0,0,0.0
4708,968,0,0.0,0,0.0,0,0.0,0,0.0
4708,97,0,0.0,0,0.0,0,0.0,0,0.0
4708,430,0,0.0,0,0.0,0,0.0,0,0.0
4708,205,0,0.0,0,0.0,0,0.0,0,0.0
4713,771,0,0.0,0,0.0,0,0.0,0,0.0
4713,15,0,0.0,0,0.0,0,0.0,1,0.1
4713,15,0,0.0,0,0.0,0,0.0,1,0.1
4713,0,1,1.0,1,1.0,1,0.5,1,0.1
4713,80,0,0.0,0,0.0,0,0.0,0,0.0
4726,29,0,0.0,0,0.0,0,0.0,1,0.1
4726,219,0,0.0,0,0.0,0,0.0,0,0.0
4726,20,0,0.0,0,0.0,0,0.0,1,0.1
4726,20,0,0.0,0,0.0,0,0.0,1,0.1
4726,15,0,0.0,0,0.0,0,0.0,1,0.1
4730,1299,0,0.0,0,0.0,0,0.0,0,0.0
4730,370,0,0.0,0,0.0,0,0.0,0,0.0
4730,240,0,0.0,0,0.0,0,0.0,0,0.0
4730,463,0,0.0,0,0.0,0,0.0,0,0.0
4730,131,0,0.0,0,0.0,0,0.0,0,0.0
4737,72,0,0.0,0,0.0,0,0.0,0,0.0
4737,131,0,0.0,0,0.0,0,0.0,0,0.0
4737,67,0,0.0,0,0.0,0,0.0,0,0.0
4737,24,0,0.0,0,0.0,0,0.0,1,0.1
4737,76,0,0.0,0,0.0,0,0.0,0,0.0
4749,0,1,1.0,1,1.0,1,0.5,1,0.1
4749,0,1,1.0,1,1.0,1,0.5,1,0.1
4749,853,0,0.0,0,0.0,0,0.0,0,0.0
4749,0,1,1.0,1,1.0,1,0.5,1,0.1
4749,85,0,0.0,0,0.0,0,0.0,0,0.0
4773,0,1,1.0,1,1.0,1,0.5,1,0.1
4773,0,1,1.0,1,1.0,1,0.5,1,0.1
4773,0,1,1.0,1,1.0,1,0.5,1,0.1
4773,0,1,1.0,1,1.0,1,0.5,1,0.1
4773,0,1,1.0,1,1.0,1,0.5,1,0.1
4779,0,1,1.0,1,1.0,1,0.5,1,0.1
4779,692,0,0.0,0,0.0,0,0.0,0,0.0
4779,10,0,0.0,0,0.0,0,0.0,1,0.1
4779,0,1,1.0,1,1.0,1,0.5,1,0.1
4779,64,0,0.0,0,0.0,0,0.0,0,0.0
4785,832,0,0.0,0,0.0,0,0.0,0,0.0
4785,503,0,0.0,0,0.0,0,0.0,0,0.0
4785,671,0,0.0,0,0.0,0,0.0,0,0.0
4785,291,0,0.0,0,0.0,0,0.0,0,0.0
4785,653,0,0.0,0,0.0,0,0.0,0,0.0
4807,34,0,0.0,0,0.0,0,0.0,1,0.1
4807,5,0,0.0,0,0.0,1,0.5,1,0.1
4807,181,0,0.0,0,0.0,0,0.0,0,0.0
4807,9,0,0.0,0,0.0,1,0.1,1,0.1
4807,10,0,0.0,0,0.0,0,0.0,1,0.1
4809,29,0,0.0,0,0.0,0,0.0,1,0.1
4809,34,0,0.0,0,0.0,0,0.0,1,0.1
4809,69,0,0.0,0,0.0,0,0.0,0,0.0
4809,97,0,0.0,0,0.0,0,0.0,0,0.0
4809,122,0,0.0,0,0.0,0,0.0,0,0.0
4812,20,0,0.0,0,0.0,0,0.0,1,0.1
4812,10,0,0.0,0,0.0,0,0.0,1,0.1
4812,20,0,0.0,0,0.0,0,0.0,1,0.1
4812,29,0,0.0,0,0.0,0,0.0,1,0.1
4812,30,0,0.0,0,0.0,0,0.0,1,0.1
4819,13,0,0.0,0,0.0,0,0.0,1,0.1
4819,14,0,0.0,0,0.0,0,0.0,1,0.1
4819,0,1,1.0,1,1.0,1,0.5,1,0.1
4819,63,0,0.0,0,0.0,0,0.0,0,0.0
4819,73,0,0.0,0,0.0,0,0.0,0,0.0
4822,15,0,0.0,0,0.0,0,0.0,1,0.1
4822,43,0,0.0,0,0.0,0,0.0,1,0.1
4822,444,0,0.0,0,0.0,0,0.0,0,0.0
4822,50,0,0.0,0,0.0,0,0.0,0,0.0
4822,5,0,0.0,0,0.0,1,0.5,1,0.1
4834,14,0,0.0,0,0.0,0,0.0,1,0.1
4834,18,0,0.0,0,0.0,0,0.0,1,0.1
4834,120,0,0.0,0,0.0,0,0.0,0,0.0
4834,713,0,0.0,0,0.0,0,0.0,0,0.0
4834,1486,0,0.0,0,0.0,0,0.0,0,0.0
4838,10,0,0.0,0,0.0,0,0.0,1,0.1
4838,0,1,1.0,1,1.0,1,0.5,1,0.1
4838,0,1,1.0,1,1.0,1,0.5,1,0.1
4838,473,0,0.0,0,0.0,0,0.0,0,0.0
4838,0,1,1.0,1,1.0,1,0.5,1,0.1
4841,2583,0,0.0,0,0.0,0,0.0,0,0.0
4841,273,0,0.0,0,0.0,0,0.0,0,0.0
4841,196,0,0.0,0,0.0,0,0.0,0,0.0
4841,0,1,1.0,1,1.0,1,0.5,1,0.1
4841,35,0,0.0,0,0.0,0,0.0,1,0.1
4843,48,0,0.0,0,0.0,0,0.0,1,0.04
4843,0,1,1.0,1,1.0,1,0.5,1,0.1
4843,0,1,1.0,1,1.0,1,0.5,1,0.1
4843,102,0,0.0,0,0.0,0,0.0,0,0.0
4843,42,0,0.0,0,0.0,0,0.0,1,0.1
4854,20,0,0.0,0,0.0,0,0.0,1,0.1
4854,20,0,0.0,0,0.0,0,0.0,1,0.1
4854,35,0,0.0,0,0.0,0,0.0,1,0.1
4854,185,0,0.0,0,0.0,0,0.0,0,0.0
4854,35,0,0.0,0,0.0,0,0.0,1,0.1
4862,15,0,0.0,0,0.0,0,0.0,1,0.1
4862,221,0,0.0,0,0.0,0,0.0,0,0.0
4862,232,0,0.0,0,0.0,0,0.0,0,0.0
4862,296,0,0.0,0,0.0,0,0.0,0,0.0
4862,45,0,0.0,0,0.0,0,0.0,1,0.1
4866,70,0,0.0,0,0.0,0,0.0,0,0.0
4866,19,0,0.0,0,0.0,0,0.0,1,0.1
4866,406,0,0.0,0,0.0,0,0.0,0,0.0
4866,674,0,0.0,0,0.0,0,0.0,0,0.0
4866,20,0,0.0,0,0.0,0,0.0,1,0.1
4879,10,0,0.0,0,0.0,0,0.0,1,0.1
4879,617,0,0.0,0,0.0,0,0.0,0,0.0
4879,53,0,0.0,0,0.0,0,0.0,0,0.0
4879,219,0,0.0,0,0.0,0,0.0,0,0.0
4879,189,0,0.0,0,0.0,0,0.0,0,0.0
4882,290,0,0.0,0,0.0,0,0.0,0,0.0
4882,59,0,0.0,0,0.0,0,0.0,0,0.0
4882,15,0,0.0,0,0.0,0,0.0,1,0.1
4882,63,0,0.0,0,0.0,0,0.0,0,0.0
4882,15,0,0.0,0,0.0,0,0.0,1,0.1
4885,93,0,0.0,0,0.0,0,0.0,0,0.0
4885,24,0,0.0,0,0.0,0,0.0,1,0.1
4885,19,0,0.0,0,0.0,0,0.0,1,0.1
4885,1730,0,0.0,0,0.0,0,0.0,0,0.0
4885,9,0,0.0,0,0.0,1,0.1,1,0.1
4888,0,1,1.0,1,1.0,1,0.5,1,0.1
4888,44,0,0.0,0,0.0,0,0.0,1,0.1
4888,0,1,1.0,1,1.0,1,0.5,1,0.1
4888,155,0,0.0,0,0.0,0,0.0,0,0.0
4888,0,1,1.0,1,1.0,1,0.5,1,0.1
4917,5,0,0.0,0,0.0,1,0.5,1,0.1
4917,10,0,0.0,0,0.0,0,0.0,1,0.1
4917,304,0,0.0,0,0.0,0,0.0,0,0.0
4917,100,0,0.0,0,0.0,0,0.0,0,0.0
4917,19,0,0.0,0,0.0,0,0.0,1,0.1
4940,264,0,0.0,0,0.0,0,0.0,0,0.0
4940,90,0,0.0,0,0.0,0,0.0,0,0.0
4940,327,0,0.0,0,0.0,0,0.0,0,0.0
4940,10,0,0.0,0,0.0,0,0.0,1,0.1
4940,115,0,0.0,0,0.0,0,0.0,0,0.0
4954,55,0,0.0,0,0.0,0,0.0,0,0.0
4954,69,0,0.0,0,0.0,0,0.0,0,0.0
4954,0,1,1.0,1,1.0,1,0.5,1,0.1
4954,74,0,0.0,0,0.0,0,0.0,0,0.0
4954,50,0,0.0,0,0.0,0,0.0,0,0.0
4964,43,0,0.0,0,0.0,0,0.0,1,0.1
4964,142,0,0.0,0,0.0,0,0.0,0,0.0
4964,185,0,0.0,0,0.0,0,0.0,0,0.0
4964,63,0,0.0,0,0.0,0,0.0,0,0.0
4964,1489,0,0.0,0,0.0,0,0.0,0,0.0
4965,426,0,0.0,0,0.0,0,0.0,0,0.0
4965,212,0,0.0,0,0.0,0,0.0,0,0.0
4965,30,0,0.0,0,0.0,0,0.0,1,0.1
4965,10,0,0.0,0,0.0,0,0.0,1,0.1
4965,10,0,0.0,0,0.0,0,0.0,1,0.1
4969,54,0,0.0,0,0.0,0,0.0,0,0.0
4969,41,0,0.0,0,0.0,0,0.0,1,0.1
4969,21,0,0.0,0,0.0,0,0.0,1,0.1
4969,217,0,0.0,0,0.0,0,0.0,0,0.0
4969,58,0,0.0,0,0.0,0,0.0,0,0.0
4985,25,0,0.0,0,0.0,0,0.0,1,0.1
4985,20,0,0.0,0,0.0,0,0.0,1,0.1
4985,227,0,0.0,0,0.0,0,0.0,0,0.0
4985,85,0,0.0,0,0.0,0,0.0,0,0.0
4985,124,0,0.0,0,0.0,0,0.0,0,0.0
5005,81,0,0.0,0,0.0,0,0.0,0,0.0
5005,92,0,0.0,0,0.0,0,0.0,0,0.0
5005,10,0,0.0,0,0.0,0,0.0,1,0.1
5005,82,0,0.0,0,0.0,0,0.0,0,0.0
5005,362,0,0.0,0,0.0,0,0.0,0,0.0
5014,0,1,1.0,1,1.0,1,0.5,1,0.1
5014,5,0,0.0,0,0.0,1,0.5,1,0.1
5014,0,1,1.0,1,1.0,1,0.5,1,0.1
5014,0,1,1.0,1,1.0,1,0.5,1,0.1
5014,0,1,1.0,1,1.0,1,0.5,1,0.1
5020,5,0,0.0,0,0.0,1,0.5,1,0.1
5020,0,1,1.0,1,1.0,1,0.5,1,0.1
5020,34,0,0.0,0,0.0,0,0.0,1,0.1
5020,151,0,0.0,0,0.0,0,0.0,0,0.0
5020,8,0,0.0,0,0.0,1,0.2,1,0.1
5029,422,0,0.0,0,0.0,0,0.0,0,0.0
5029,439,0,0.0,0,0.0,0,0.0,0,0.0
5029,167,0,0.0,0,0.0,0,0.0,0,0.0
5029,771,0,0.0,0,0.0,0,0.0,0,0.0
5033,212,0,0.0,0,0.0,0,0.0,0,0.0
5033,46,0,0.0,0,0.0,0,0.0,1,0.08
5033,0,1,1.0,1,1.0,1,0.5,1,0.1
5033,9,0,0.0,0,0.0,1,0.1,1,0.1
5033,3567,0,0.0,0,0.0,0,0.0,0,0.0
5034,71,0,0.0,0,0.0,0,0.0,0,0.0
5034,385,0,0.0,0,0.0,0,0.0,0,0.0
5034,252,0,0.0,0,0.0,0,0.0,0,0.0
5034,54,0,0.0,0,0.0,0,0.0,0,0.0
5034,43,0,0.0,0,0.0,0,0.0,1,0.1
5042,32,0,0.0,0,0.0,0,0.0,1,0.1
5042,5,0,0.0,0,0.0,1,0.5,1,0.1
5042,5,0,0.0,0,0.0,1,0.5,1,0.1
5042,0,1,1.0,1,1.0,1,0.5,1,0.1
5042,0,1,1.0,1,1.0,1,0.5,1,0.1
5047,335,0,0.0,0,0.0,0,0.0,0,0.0
5047,367,0,0.0,0,0.0,0,0.0,0,0.0
5047,18,0,0.0,0,0.0,0,0.0,1,0.1
5047,59,0,0.0,0,0.0,0,0.0,0,0.0
5047,0,1,1.0,1,1.0,1,0.5,1,0.1
5057,1191,0,0.0,0,0.0,0,0.0,0,0.0
5057,236,0,0.0,0,0.0,0,0.0,0,0.0
5057,652,0,0.0,0,0.0,0,0.0,0,0.0
5057,14,0,0.0,0,0.0,0,0.0,1,0.1
5057,440,0,0.0,0,0.0,0,0.0,0,0.0
5060,621,0,0.0,0,0.0,0,0.0,0,0.0
5060,232,0,0.0,0,0.0,0,0.0,0,0.0
5060,308,0,0.0,0,0.0,0,0.0,0,0.0
5060,372,0,0.0,0,0.0,0,0.0,0,0.0
5060,448,0,0.0,0,0.0,0,0.0,0,0.0
5075,3,0,0.0,1,0.4,1,0.5,1,0.1
5075,18,0,0.0,0,0.0,0,0.0,1,0.1
5075,430,0,0.0,0,0.0,0,0.0,0,0.0
5075,142,0,0.0,0,0.0,0,0.0,0,0.0
5075,0,1,1.0,1,1.0,1,0.5,1,0.1
5079,216,0,0.0,0,0.0,0,0.0,0,0.0
5079,109,0,0.0,0,0.0,0,0.0,0,0.0
5079,267,0,0.0,0,0.0,0,0.0,0,0.0
5079,66,0,0.0,0,0.0,0,0.0,0,0.0
5079,12,0,0.0,0,0.0,0,0.0,1,0.1
5094,30,0,0.0,0,0.0,0,0.0,1,0.1
5094,2002,0,0.0,0,0.0,0,0.0,0,0.0
5094,132,0,0.0,0,0.0,0,0.0,0,0.0
5094,10,0,0.0,0,0.0,0,0.0,1,0.1
5094,61,0,0.0,0,0.0,0,0.0,0,0.0
5096,51,0,0.0,0,0.0,0,0.0,0,0.0
5096,262,0,0.0,0,0.0,0,0.0,0,0.0
5096,921,0,0.0,0,0.0,0,0.0,0,0.0
5096,125,0,0.0,0,0.0,0,0.0,0,0.0
5096,56,0,0.0,0,0.0,0,0.0,0,0.0
5105,39,0,0.0,0,0.0,0,0.0,1,0.1
5105,34,0,0.0,0,0.0,0,0.0,1,0.1
5105,0,1,1.0,1,1.0,1,0.5,1,0.1
5105,39,0,0.0,0,0.0,0,0.0,1,0.1
5105,0,1,1.0,1,1.0,1,0.5,1,0.1
5112,73,0,0.0,0,0.0,0,0.0,0,0.0
5112,373,0,0.0,0,0.0,0,0.0,0,0.0
5112,776,0,0.0,0,0.0,0,0.0,0,0.0
5112,0,1,1.0,1,1.0,1,0.5,1,0.1
5112,18,0,0.0,0,0.0,0,0.0,1,0.1
5121,53,0,0.0,0,0.0,0,0.0,0,0.0
5121,5,0,0.0,0,0.0,1,0.5,1,0.1
5121,20,0,0.0,0,0.0,0,0.0,1,0.1
5121,0,1,1.0,1,1.0,1,0.5,1,0.1
5121,5,0,0.0,0,0.0,1,0.5,1,0.1
5147,85,0,0.0,0,0.0,0,0.0,0,0.0
5147,185,0,0.0,0,0.0,0,0.0,0,0.0
5147,48,0,0.0,0,0.0,0,0.0,1,0.04
5147,462,0,0.0,0,0.0,0,0.0,0,0.0
5147,58,0,0.0,0,0.0,0,0.0,0,0.0
5151,94,0,0.0,0,0.0,0,0.0,0,0.0
5151,567,0,0.0,0,0.0,0,0.0,0,0.0
5151,82,0,0.0,0,0.0,0,0.0,0,0.0
5151,19,0,0.0,0,0.0,0,0.0,1,0.1
5151,136,0,0.0,0,0.0,0,0.0,0,0.0
5154,646,0,0.0,0,0.0,0,0.0,0,0.0
5154,55,0,0.0,0,0.0,0,0.0,0,0.0
5154,104,0,0.0,0,0.0,0,0.0,0,0.0
5154,33,0,0.0,0,0.0,0,0.0,1,0.1
5154,60,0,0.0,0,0.0,0,0.0,0,0.0
5157,1046,0,0.0,0,0.0,0,0.0,0,0.0
5157,45,0,0.0,0,0.0,0,0.0,1,0.1
5157,0,1,1.0,1,1.0,1,0.5,1,0.1
5157,30,0,0.0,0,0.0,0,0.0,1,0.1
5157,235,0,0.0,0,0.0,0,0.0,0,0.0
5159,20,0,0.0,0,0.0,0,0.0,1,0.1
5159,10,0,0.0,0,0.0,0,0.0,1,0.1
5159,181,0,0.0,0,0.0,0,0.0,0,0.0
5159,0,1,1.0,1,1.0,1,0.5,1,0.1
5159,0,1,1.0,1,1.0,1,0.5,1,0.1
5217,0,1,1.0,1,1.0,1,0.5,1,0.1
5217,0,1,1.0,1,1.0,1,0.5,1,0.1
5217,0,1,1.0,1,1.0,1,0.5,1,0.1
5217,0,1,1.0,1,1.0,1,0.5,1,0.1
5217,0,1,1.0,1,1.0,1,0.5,1,0.1
5220,69,0,0.0,0,0.0,0,0.0,0,0.0
5220,161,0,0.0,0,0.0,0,0.0,0,0.0
5220,726,0,0.0,0,0.0,0,0.0,0,0.0
5220,309,0,0.0,0,0.0,0,0.0,0,0.0
5220,15,0,0.0,0,0.0,0,0.0,1,0.1
5241,29,0,0.0,0,0.0,0,0.0,1,0.1
5241,296,0,0.0,0,0.0,0,0.0,0,0.0
5241,54,0,0.0,0,0.0,0,0.0,0,0.0
5241,35,0,0.0,0,0.0,0,0.0,1,0.1
5241,0,1,1.0,1,1.0,1,0.5,1,0.1
5245,111,0,0.0,0,0.0,0,0.0,0,0.0
5245,278,0,0.0,0,0.0,0,0.0,0,0.0
5245,135,0,0.0,0,0.0,0,0.0,0,0.0
5245,243,0,0.0,0,0.0,0,0.0,0,0.0
5250,136,0,0.0,0,0.0,0,0.0,0,0.0
5250,46,0,0.0,0,0.0,0,0.0,1,0.08
5250,0,1,1.0,1,1.0,1,0.5,1,0.1
5250,36,0,0.0,0,0.0,0,0.0,1,0.1
5250,36,0,0.0,0,0.0,0,0.0,1,0.1
5252,362,0,0.0,0,0.0,0,0.0,0,0.0
5252,1328,0,0.0,0,0.0,0,0.0,0,0.0
5252,688,0,0.0,0,0.0,0,0.0,0,0.0
5252,1521,0,0.0,0,0.0,0,0.0,0,0.0
5252,932,0,0.0,0,0.0,0,0.0,0,0.0
5265,92,0,0.0,0,0.0,0,0.0,0,0.0
5265,90,0,0.0,0,0.0,0,0.0,0,0.0
5265,207,0,0.0,0,0.0,0,0.0,0,0.0
5265,75,0,0.0,0,0.0,0,0.0,0,0.0
5265,137,0,0.0,0,0.0,0,0.0,0,0.0
5268,243,0,0.0,0,0.0,0,0.0,0,0.0
5268,285,0,0.0,0,0.0,0,0.0,0,0.0
5268,128,0,0.0,0,0.0,0,0.0,0,0.0
5268,210,0,0.0,0,0.0,0,0.0,0,0.0
5268,168,0,0.0,0,0.0,0,0.0,0,0.0
5271,5,0,0.0,0,0.0,1,0.5,1,0.1
5271,125,0,0.0,0,0.0,0,0.0,0,0.0
5271,35,0,0.0,0,0.0,0,0.0,1,0.1
5271,64,0,0.0,0,0.0,0,0.0,0,0.0
5271,89,0,0.0,0,0.0,0,0.0,0,0.0
5275,50,0,0.0,0,0.0,0,0.0,0,0.0
5275,1235,0,0.0,0,0.0,0,0.0,0,0.0
5275,10,0,0.0,0,0.0,0,0.0,1,0.1
5275,40,0,0.0,0,0.0,0,0.0,1,0.1
5275,522,0,0.0,0,0.0,0,0.0,0,0.0
5280,5,0,0.0,0,0.0,1,0.5,1,0.1
5280,114,0,0.0,0,0.0,0,0.0,0,0.0
5280,24,0,0.0,0,0.0,0,0.0,1,0.1
5280,5,0,0.0,0,0.0,1,0.5,1,0.1
5280,30,0,0.0,0,0.0,0,0.0,1,0.1
5281,115,0,0.0,0,0.0,0,0.0,0,0.0
5281,0,1,1.0,1,1.0,1,0.5,1,0.1
5281,315,0,0.0,0,0.0,0,0.0,0,0.0
5281,19,0,0.0,0,0.0,0,0.0,1,0.1
5281,19,0,0.0,0,0.0,0,0.0,1,0.1
5285,203,0,0.0,0,0.0,0,0.0,0,0.0
5285,20,0,0.0,0,0.0,0,0.0,1,0.1
5285,209,0,0.0,0,0.0,0,0.0,0,0.0
5285,402,0,0.0,0,0.0,0,0.0,0,0.0
5285,5,0,0.0,0,0.0,1,0.5,1,0.1
5306,17,0,0.0,0,0.0,0,0.0,1,0.1
5306,38,0,0.0,0,0.0,0,0.0,1,0.1
5306,27,0,0.0,0,0.0,0,0.0,1,0.1
5306,22,0,0.0,0,0.0,0,0.0,1,0.1
5306,8,0,0.0,0,0.0,1,0.2,1,0.1
5314,644,0,0.0,0,0.0,0,0.0,0,0.0
5314,449,0,0.0,0,0.0,0,0.0,0,0.0
5314,30,0,0.0,0,0.0,0,0.0,1,0.1
5314,5,0,0.0,0,0.0,1,0.5,1,0.1
5314,618,0,0.0,0,0.0,0,0.0,0,0.0
5321,4,0,0.0,1,0.2,1,0.5,1,0.1
5321,313,0,0.0,0,0.0,0,0.0,0,0.0
5321,5,0,0.0,0,0.0,1,0.5,1,0.1
5321,27,0,0.0,0,0.0,0,0.0,1,0.1
5321,22,0,0.0,0,0.0,0,0.0,1,0.1
5325,59,0,0.0,0,0.0,0,0.0,0,0.0
5325,572,0,0.0,0,0.0,0,0.0,0,0.0
5325,5,0,0.0,0,0.0,1,0.5,1,0.1
5325,35,0,0.0,0,0.0,0,0.0,1,0.1
5325,10,0,0.0,0,0.0,0,0.0,1,0.1
5326,544,0,0.0,0,0.0,0,0.0,0,0.0
5326,29,0,0.0,0,0.0,0,0.0,1,0.1
5326,214,0,0.0,0,0.0,0,0.0,0,0.0
5326,58,0,0.0,0,0.0,0,0.0,0,0.0
5326,122,0,0.0,0,0.0,0,0.0,0,0.0
5328,53,0,0.0,0,0.0,0,0.0,0,0.0
5328,157,0,0.0,0,0.0,0,0.0,0,0.0
5328,10,0,0.0,0,0.0,0,0.0,1,0.1
5328,0,1,1.0,1,1.0,1,0.5,1,0.1
5328,15,0,0.0,0,0.0,0,0.0,1,0.1
5335,34,0,0.0,0,0.0,0,0.0,1,0.1
5335,1593,0,0.0,0,0.0,0,0.0,0,0.0
5335,560,0,0.0,0,0.0,0,0.0,0,0.0
5335,30,0,0.0,0,0.0,0,0.0,1,0.1
5335,57,0,0.0,0,0.0,0,0.0,0,0.0
5337,667,0,0.0,0,0.0,0,0.0,0,0.0
5337,285,0,0.0,0,0.0,0,0.0,0,0.0
5337,2410,0,0.0,0,0.0,0,0.0,0,0.0
5337,1074,0,0.0,0,0.0,0,0.0,0,0.0
5337,490,0,0.0,0,0.0,0,0.0,0,0.0
5340,721,0,0.0,0,0.0,0,0.0,0,0.0
5340,142,0,0.0,0,0.0,0,0.0,0,0.0
5340,84,0,0.0,0,0.0,0,0.0,0,0.0
5340,68,0,0.0,0,0.0,0,0.0,0,0.0
5340,43,0,0.0,0,0.0,0,0.0,1,0.1
5349,240,0,0.0,0,0.0,0,0.0,0,0.0
5349,30,0,0.0,0,0.0,0,0.0,1,0.1
5349,10,0,0.0,0,0.0,0,0.0,1,0.1
5349,0,1,1.0,1,1.0,1,0.5,1,0.1
5349,1338,0,0.0,0,0.0,0,0.0,0,0.0
5411,119,0,0.0,0,0.0,0,0.0,0,0.0
5411,39,0,0.0,0,0.0,0,0.0,1,0.1
5411,210,0,0.0,0,0.0,0,0.0,0,0.0
5411,9,0,0.0,0,0.0,1,0.1,1,0.1
5411,72,0,0.0,0,0.0,0,0.0,0,0.0
5413,496,0,0.0,0,0.0,0,0.0,0,0.0
5413,84,0,0.0,0,0.0,0,0.0,0,0.0
5413,89,0,0.0,0,0.0,0,0.0,0,0.0
5413,0,1,1.0,1,0.8,1,0.4,1,0.08
5423,245,0,0.0,0,0.0,0,0.0,0,0.0
5423,10,0,0.0,0,0.0,0,0.0,1,0.08
5423,19,0,0.0,0,0.0,0,0.0,1,0.08
5423,20,0,0.0,0,0.0,0,0.0,1,0.08
5426,0,1,1.0,1,1.0,1,0.5,1,0.1
5426,0,1,1.0,1,1.0,1,0.5,1,0.1
5426,5,0,0.0,0,0.0,1,0.5,1,0.1
5426,51,0,0.0,0,0.0,0,0.0,0,0.0
5426,0,1,1.0,1,1.0,1,0.5,1,0.1
5432,45,0,0.0,0,0.0,0,0.0,1,0.1
5432,154,0,0.0,0,0.0,0,0.0,0,0.0
5432,88,0,0.0,0,0.0,0,0.0,0,0.0
5432,94,0,0.0,0,0.0,0,0.0,0,0.0
5432,19,0,0.0,0,0.0,0,0.0,1,0.1
5436,64,0,0.0,0,0.0,0,0.0,0,0.0
5436,205,0,0.0,0,0.0,0,0.0,0,0.0
5436,323,0,0.0,0,0.0,0,0.0,0,0.0
5436,19,0,0.0,0,0.0,0,0.0,1,0.1
5436,0,1,1.0,1,1.0,1,0.5,1,0.1
5468,1600,0,0.0,0,0.0,0,0.0,0,0.0
5468,114,0,0.0,0,0.0,0,0.0,0,0.0
5468,188,0,0.0,0,0.0,0,0.0,0,0.0
5468,15,0,0.0,0,0.0,0,0.0,1,0.1
5468,692,0,0.0,0,0.0,0,0.0,0,0.0
5470,263,0,0.0,0,0.0,0,0.0,0,0.0
5470,25,0,0.0,0,0.0,0,0.0,1,0.1
5470,71,0,0.0,0,0.0,0,0.0,0,0.0
5470,5,0,0.0,0,0.0,1,0.5,1,0.1
5470,14,0,0.0,0,0.0,0,0.0,1,0.1
5480,5,0,0.0,0,0.0,1,0.5,1,0.1
5480,15,0,0.0,0,0.0,0,0.0,1,0.1
5480,5,0,0.0,0,0.0,1,0.5,1,0.1
5480,89,0,0.0,0,0.0,0,0.0,0,0.0
5480,14,0,0.0,0,0.0,0,0.0,1,0.1
5492,909,0,0.0,0,0.0,0,0.0,0,0.0
5492,2041,0,0.0,0,0.0,0,0.0,0,0.0
5492,191,0,0.0,0,0.0,0,0.0,0,0.0
5492,127,0,0.0,0,0.0,0,0.0,0,0.0
5504,241,0,0.0,0,0.0,0,0.0,0,0.0
5504,2013,0,0.0,0,0.0,0,0.0,0,0.0
5504,140,0,0.0,0,0.0,0,0.0,0,0.0
5504,253,0,0.0,0,0.0,0,0.0,0,0.0
5504,179,0,0.0,0,0.0,0,0.0,0,0.0
5512,25,0,0.0,0,0.0,0,0.0,1,0.08
5512,94,0,0.0,0,0.0,0,0.0,0,0.0
5512,132,0,0.0,0,0.0,0,0.0,0,0.0
5512,83,0,0.0,0,0.0,0,0.0,0,0.0
5518,82,0,0.0,0,0.0,0,0.0,0,0.0
5518,32,0,0.0,0,0.0,0,0.0,1,0.08
5518,27,0,0.0,0,0.0,0,0.0,1,0.08
5518,161,0,0.0,0,0.0,0,0.0,0,0.0
5520,63,0,0.0,0,0.0,0,0.0,0,0.0
5520,78,0,0.0,0,0.0,0,0.0,0,0.0
5520,1617,0,0.0,0,0.0,0,0.0,0,0.0
5520,38,0,0.0,0,0.0,0,0.0,1,0.08
5528,189,0,0.0,0,0.0,0,0.0,0,0.0
5528,42,0,0.0,0,0.0,0,0.0,1,0.1
5528,48,0,0.0,0,0.0,0,0.0,1,0.04
5528,5,0,0.0,0,0.0,1,0.5,1,0.1
5528,14,0,0.0,0,0.0,0,0.0,1,0.1
5529,129,0,0.0,0,0.0,0,0.0,0,0.0
5529,99,0,0.0,0,0.0,0,0.0,0,0.0
5529,42,0,0.0,0,0.0,0,0.0,1,0.08
5529,587,0,0.0,0,0.0,0,0.0,0,0.0
5530,19,0,0.0,0,0.0,0,0.0,1,0.08
5530,5,0,0.0,0,0.0,1,0.4,1,0.08
5530,44,0,0.0,0,0.0,0,0.0,1,0.08
5530,334,0,0.0,0,0.0,0,0.0,0,0.0
5547,25,0,0.0,0,0.0,0,0.0,1,0.1
5547,5,0,0.0,0,0.0,1,0.5,1,0.1
5547,5,0,0.0,0,0.0,1,0.5,1,0.1
5547,80,0,0.0,0,0.0,0,0.0,0,0.0
5547,115,0,0.0,0,0.0,0,0.0,0,0.0
5559,159,0,0.0,0,0.0,0,0.0,0,0.0
5559,2072,0,0.0,0,0.0,0,0.0,0,0.0
5559,354,0,0.0,0,0.0,0,0.0,0,0.0
5559,116,0,0.0,0,0.0,0,0.0,0,0.0
5559,589,0,0.0,0,0.0,0,0.0,0,0.0
5563,109,0,0.0,0,0.0,0,0.0,0,0.0
5563,209,0,0.0,0,0.0,0,0.0,0,0.0
5563,369,0,0.0,0,0.0,0,0.0,0,0.0
5563,53,0,0.0,0,0.0,0,0.0,0,0.0
5568,175,0,0.0,0,0.0,0,0.0,0,0.0
5568,92,0,0.0,0,0.0,0,0.0,0,0.0
5568,79,0,0.0,0,0.0,0,0.0,0,0.0
5568,44,0,0.0,0,0.0,0,0.0,1,0.1
5568,484,0,0.0,0,0.0,0,0.0,0,0.0
5571,0,1,1.0,1,0.8,1,0.4,1,0.08
5571,53,0,0.0,0,0.0,0,0.0,0,0.0
5571,10,0,0.0,0,0.0,0,0.0,1,0.08
5571,272,0,0.0,0,0.0,0,0.0,0,0.0
5596,20,0,0.0,0,0.0,0,0.0,1,0.1
5596,35,0,0.0,0,0.0,0,0.0,1,0.1
5596,5,0,0.0,0,0.0,1,0.5,1,0.1
5596,43,0,0.0,0,0.0,0,0.0,1,0.1
5596,19,0,0.0,0,0.0,0,0.0,1,0.1
5613,716,0,0.0,0,0.0,0,0.0,0,0.0
5613,5,0,0.0,0,0.0,1,0.5,1,0.1
5613,104,0,0.0,0,0.0,0,0.0,0,0.0
5613,45,0,0.0,0,0.0,0,0.0,1,0.1
5613,10,0,0.0,0,0.0,0,0.0,1,0.1
5618,0,1,1.0,1,1.0,1,0.5,1,0.1
5618,357,0,0.0,0,0.0,0,0.0,0,0.0
5618,1100,0,0.0,0,0.0,0,0.0,0,0.0
5618,58,0,0.0,0,0.0,0,0.0,0,0.0
5618,174,0,0.0,0,0.0,0,0.0,0,0.0
5624,477,0,0.0,0,0.0,0,0.0,0,0.0
5624,84,0,0.0,0,0.0,0,0.0,0,0.0
5624,253,0,0.0,0,0.0,0,0.0,0,0.0
5624,255,0,0.0,0,0.0,0,0.0,0,0.0
5626,9,0,0.0,0,0.0,1,0.1,1,0.1
5626,113,0,0.0,0,0.0,0,0.0,0,0.0
5626,24,0,0.0,0,0.0,0,0.0,1,0.1
5626,79,0,0.0,0,0.0,0,0.0,0,0.0
5626,190,0,0.0,0,0.0,0,0.0,0,0.0
5658,74,0,0.0,0,0.0,0,0.0,0,0.0
5658,0,1,1.0,1,1.0,1,0.5,1,0.1
5658,65,0,0.0,0,0.0,0,0.0,0,0.0
5658,25,0,0.0,0,0.0,0,0.0,1,0.1
5658,25,0,0.0,0,0.0,0,0.0,1,0.1
5664,366,0,0.0,0,0.0,0,0.0,0,0.0
5664,1353,0,0.0,0,0.0,0,0.0,0,0.0
5664,110,0,0.0,0,0.0,0,0.0,0,0.0
5664,932,0,0.0,0,0.0,0,0.0,0,0.0
5682,55,0,0.0,0,0.0,0,0.0,0,0.0
5682,194,0,0.0,0,0.0,0,0.0,0,0.0
5682,20,0,0.0,0,0.0,0,0.0,1,0.08
5682,59,0,0.0,0,0.0,0,0.0,0,0.0
5687,931,0,0.0,0,0.0,0,0.0,0,0.0
5687,164,0,0.0,0,0.0,0,0.0,0,0.0
5687,244,0,0.0,0,0.0,0,0.0,0,0.0
5701,546,0,0.0,0,0.0,0,0.0,0,0.0
5701,891,0,0.0,0,0.0,0,0.0,0,0.0
5701,1142,0,0.0,0,0.0,0,0.0,0,0.0
5701,1653,0,0.0,0,0.0,0,0.0,0,0.0
5706,48,0,0.0,0,0.0,0,0.0,1,0.04
5706,34,0,0.0,0,0.0,0,0.0,1,0.06
5706,33,0,0.0,0,0.0,0,0.0,1,0.06
5714,135,0,0.0,0,0.0,0,0.0,0,0.0
5714,30,0,0.0,0,0.0,0,0.0,1,0.1
5714,0,1,1.0,1,1.0,1,0.5,1,0.1
5714,40,0,0.0,0,0.0,0,0.0,1,0.1
5714,60,0,0.0,0,0.0,0,0.0,0,0.0
5724,0,1,1.0,1,0.6,1,0.3,1,0.06
5724,156,0,0.0,0,0.0,0,0.0,0,0.0
5724,33,0,0.0,0,0.0,0,0.0,1,0.06
5737,116,0,0.0,0,0.0,0,0.0,0,0.0
5737,105,0,0.0,0,0.0,0,0.0,0,0.0
5737,897,0,0.0,0,0.0,0,0.0,0,0.0
5761,152,0,0.0,0,0.0,0,0.0,0,0.0
5761,803,0,0.0,0,0.0,0,0.0,0,0.0
5761,564,0,0.0,0,0.0,0,0.0,0,0.0
5761,351,0,0.0,0,0.0,0,0.0,0,0.0
5761,391,0,0.0,0,0.0,0,0.0,0,0.0
5765,9,0,0.0,0,0.0,1,0.1,1,0.1
5765,0,1,1.0,1,1.0,1,0.5,1,0.1
5765,0,1,1.0,1,1.0,1,0.5,1,0.1
5765,0,1,1.0,1,1.0,1,0.5,1,0.1
5765,0,1,1.0,1,1.0,1,0.5,1,0.1
5789,4,0,0.0,1,0.2,1,0.5,1,0.1
5789,18,0,0.0,0,0.0,0,0.0,1,0.1
5789,134,0,0.0,0,0.0,0,0.0,0,0.0
5789,31,0,0.0,0,0.0,0,0.0,1,0.1
5789,18,0,0.0,0,0.0,0,0.0,1,0.1
5790,65,0,0.0,0,0.0,0,0.0,0,0.0
5790,50,0,0.0,0,0.0,0,0.0,0,0.0
5790,60,0,0.0,0,0.0,0,0.0,0,0.0
5790,591,0,0.0,0,0.0,0,0.0,0,0.0
5790,55,0,0.0,0,0.0,0,0.0,0,0.0
5793,15,0,0.0,0,0.0,0,0.0,1,0.1
5793,10,0,0.0,0,0.0,0,0.0,1,0.1
5793,20,0,0.0,0,0.0,0,0.0,1,0.1
5793,20,0,0.0,0,0.0,0,0.0,1,0.1
5793,10,0,0.0,0,0.0,0,0.0,1,0.1
5809,95,0,0.0,0,0.0,0,0.0,0,0.0
5809,119,0,0.0,0,0.0,0,0.0,0,0.0
5809,818,0,0.0,0,0.0,0,0.0,0,0.0
5809,74,0,0.0,0,0.0,0,0.0,0,0.0
5809,93,0,0.0,0,0.0,0,0.0,0,0.0
5813,409,0,0.0,0,0.0,0,0.0,0,0.0
5813,106,0,0.0,0,0.0,0,0.0,0,0.0
5813,427,0,0.0,0,0.0,0,0.0,0,0.0
5813,22,0,0.0,0,0.0,0,0.0,1,0.1
5813,20,0,0.0,0,0.0,0,0.0,1,0.1
5814,15,0,0.0,0,0.0,0,0.0,1,0.1
5814,15,0,0.0,0,0.0,0,0.0,1,0.1
5814,9,0,0.0,0,0.0,1,0.1,1,0.1
5814,76,0,0.0,0,0.0,0,0.0,0,0.0
5814,15,0,0.0,0,0.0,0,0.0,1,0.1
5832,157,0,0.0,0,0.0,0,0.0,0,0.0
5832,30,0,0.0,0,0.0,0,0.0,1,0.1
5832,60,0,0.0,0,0.0,0,0.0,0,0.0
5832,183,0,0.0,0,0.0,0,0.0,0,0.0
5832,89,0,0.0,0,0.0,0,0.0,0,0.0
5835,414,0,0.0,0,0.0,0,0.0,0,0.0
5835,49,0,0.0,0,0.0,0,0.0,1,0.02
5835,177,0,0.0,0,0.0,0,0.0,0,0.0
5835,74,0,0.0,0,0.0,0,0.0,0,0.0
5835,30,0,0.0,0,0.0,0,0.0,1,0.1
5836,0,1,1.0,1,1.0,1,0.5,1,0.1
5836,0,1,1.0,1,1.0,1,0.5,1,0.1
5836,0,1,1.0,1,1.0,1,0.5,1,0.1
5836,0,1,1.0,1,1.0,1,0.5,1,0.1
5836,15,0,0.0,0,0.0,0,0.0,1,0.1
5844,697,0,0.0,0,0.0,0,0.0,0,0.0
5844,14,0,0.0,0,0.0,0,0.0,1,0.1
5844,324,0,0.0,0,0.0,0,0.0,0,0.0
5844,42,0,0.0,0,0.0,0,0.0,1,0.1
5844,167,0,0.0,0,0.0,0,0.0,0,0.0
5852,28,0,0.0,0,0.0,0,0.0,1,0.1
5852,43,0,0.0,0,0.0,0,0.0,1,0.1
5852,68,0,0.0,0,0.0,0,0.0,0,0.0
5852,10,0,0.0,0,0.0,0,0.0,1,0.1
5852,63,0,0.0,0,0.0,0,0.0,0,0.0
5861,69,0,0.0,0,0.0,0,0.0,0,0.0
5861,29,0,0.0,0,0.0,0,0.0,1,0.08
5861,10,0,0.0,0,0.0,0,0.0,1,0.08
5861,5,0,0.0,0,0.0,1,0.4,1,0.08
5883,44,0,0.0,0,0.0,0,0.0,1,0.1
5883,5,0,0.0,0,0.0,1,0.5,1,0.1
5883,44,0,0.0,0,0.0,0,0.0,1,0.1
5883,0,1,1.0,1,1.0,1,0.5,1,0.1
5883,0,1,1.0,1,1.0,1,0.5,1,0.1
5890,58,0,0.0,0,0.0,0,0.0,0,0.0
5890,1122,0,0.0,0,0.0,0,0.0,0,0.0
5890,34,0,0.0,0,0.0,0,0.0,1,0.1
5890,86,0,0.0,0,0.0,0,0.0,0,0.0
5890,0,1,1.0,1,1.0,1,0.5,1,0.1
5893,36,0,0.0,0,0.0,0,0.0,1,0.1
5893,34,0,0.0,0,0.0,0,0.0,1,0.1
5893,28,0,0.0,0,0.0,0,0.0,1,0.1
5893,14,0,0.0,0,0.0,0,0.0,1,0.1
5893,33,0,0.0,0,0.0,0,0.0,1,0.1
5895,206,0,0.0,0,0.0,0,0.0,0,0.0
5895,310,0,0.0,0,0.0,0,0.0,0,0.0
5895,58,0,0.0,0,0.0,0,0.0,0,0.0
5895,24,0,0.0,0,0.0,0,0.0,1,0.08
5944,10,0,0.0,0,0.0,0,0.0,1,0.08
5944,80,0,0.0,0,0.0,0,0.0,0,0.0
5944,20,0,0.0,0,0.0,0,0.0,1,0.08
5944,16,0,0.0,0,0.0,0,0.0,1,0.08
5951,19,0,0.0,0,0.0,0,0.0,1,0.06
5951,38,0,0.0,0,0.0,0,0.0,1,0.06
5951,118,0,0.0,0,0.0,0,0.0,0,0.0
5958,263,0,0.0,0,0.0,0,0.0,0,0.0
5958,165,0,0.0,0,0.0,0,0.0,0,0.0
5958,159,0,0.0,0,0.0,0,0.0,0,0.0
5958,154,0,0.0,0,0.0,0,0.0,0,0.0
5968,27,0,0.0,0,0.0,0,0.0,1,0.1
5968,74,0,0.0,0,0.0,0,0.0,0,0.0
5968,59,0,0.0,0,0.0,0,0.0,0,0.0
5968,94,0,0.0,0,0.0,0,0.0,0,0.0
5968,72,0,0.0,0,0.0,0,0.0,0,0.0
5969,1929,0,0.0,0,0.0,0,0.0,0,0.0
5969,10,0,0.0,0,0.0,0,0.0,1,0.1
5969,62,0,0.0,0,0.0,0,0.0,0,0.0
5969,25,0,0.0,0,0.0,0,0.0,1,0.1
5969,73,0,0.0,0,0.0,0,0.0,0,0.0
5970,4,0,0.0,1,0.2,1,0.5,1,0.1
5970,37,0,0.0,0,0.0,0,0.0,1,0.1
5970,51,0,0.0,0,0.0,0,0.0,0,0.0
5970,5,0,0.0,0,0.0,1,0.5,1,0.1
5970,105,0,0.0,0,0.0,0,0.0,0,0.0
5972,153,0,0.0,0,0.0,0,0.0,0,0.0
5972,309,0,0.0,0,0.0,0,0.0,0,0.0
5972,477,0,0.0,0,0.0,0,0.0,0,0.0
5972,408,0,0.0,0,0.0,0,0.0,0,0.0
5972,164,0,0.0,0,0.0,0,0.0,0,0.0
5983,0,1,1.0,1,1.0,1,0.5,1,0.1
5983,97,0,0.0,0,0.0,0,0.0,0,0.0
5983,880,0,0.0,0,0.0,0,0.0,0,0.0
5983,10,0,0.0,0,0.0,0,0.0,1,0.1
5983,342,0,0.0,0,0.0,0,0.0,0,0.0
5990,25,0,0.0,0,0.0,0,0.0,1,0.1
5990,15,0,0.0,0,0.0,0,0.0,1,0.1
5990,7,0,0.0,0,0.0,1,0.3,1,0.1
5990,27,0,0.0,0,0.0,0,0.0,1,0.1
5990,10,0,0.0,0,0.0,0,0.0,1,0.1
5992,640,0,0.0,0,0.0,0,0.0,0,0.0
5992,5,0,0.0,0,0.0,1,0.5,1,0.1
5992,1588,0,0.0,0,0.0,0,0.0,0,0.0
5992,306,0,0.0,0,0.0,0,0.0,0,0.0
5992,94,0,0.0,0,0.0,0,0.0,0,0.0
6007,0,1,1.0,1,1.0,1,0.5,1,0.1
6007,39,0,0.0,0,0.0,0,0.0,1,0.1
6007,0,1,1.0,1,1.0,1,0.5,1,0.1
6007,0,1,1.0,1,1.0,1,0.5,1,0.1
6007,0,1,1.0,1,1.0,1,0.5,1,0.1
6010,60,0,0.0,0,0.0,0,0.0,0,0.0
6010,20,0,0.0,0,0.0,0,0.0,1,0.1
6010,15,0,0.0,0,0.0,0,0.0,1,0.1
6010,45,0,0.0,0,0.0,0,0.0,1,0.1
6010,90,0,0.0,0,0.0,0,0.0,0,0.0
6020,0,1,1.0,1,1.0,1,0.5,1,0.1
6020,157,0,0.0,0,0.0,0,0.0,0,0.0
6020,91,0,0.0,0,0.0,0,0.0,0,0.0
6020,0,1,1.0,1,1.0,1,0.5,1,0.1
6020,29,0,0.0,0,0.0,0,0.0,1,0.1
6053,9,0,0.0,0,0.0,1,0.1,1,0.1
6053,19,0,0.0,0,0.0,0,0.0,1,0.1
6053,49,0,0.0,0,0.0,0,0.0,1,0.02
6053,39,0,0.0,0,0.0,0,0.0,1,0.1
6053,9,0,0.0,0,0.0,1,0.1,1,0.1
6056,60,0,0.0,0,0.0,0,0.0,0,0.0
6056,0,1,1.0,1,1.0,1,0.5,1,0.1
6056,0,1,1.0,1,1.0,1,0.5,1,0.1
6056,0,1,1.0,1,1.0,1,0.5,1,0.1
6056,0,1,1.0,1,1.0,1,0.5,1,0.1
6063,5,0,0.0,0,0.0,1,0.4,1,0.08
6063,137,0,0.0,0,0.0,0,0.0,0,0.0
6063,197,0,0.0,0,0.0,0,0.0,0,0.0
6063,44,0,0.0,0,0.0,0,0.0,1,0.08
6066,80,0,0.0,0,0.0,0,0.0,0,0.0
6066,64,0,0.0,0,0.0,0,0.0,0,0.0
6066,99,0,0.0,0,0.0,0,0.0,0,0.0
6066,82,0,0.0,0,0.0,0,0.0,0,0.0
6082,4,0,0.0,1,0.2,1,0.5,1,0.1
6082,10,0,0.0,0,0.0,0,0.0,1,0.1
6082,249,0,0.0,0,0.0,0,0.0,0,0.0
6082,127,0,0.0,0,0.0,0,0.0,0,0.0
6082,10,0,0.0,0,0.0,0,0.0,1,0.1
6084,85,0,0.0,0,0.0,0,0.0,0,0.0
6084,53,0,0.0,0,0.0,0,0.0,0,0.0
6084,71,0,0.0,0,0.0,0,0.0,0,0.0
6084,23,0,0.0,0,0.0,0,0.0,1,0.08
6092,8,0,0.0,0,0.0,1,0.2,1,0.08
6092,5,0,0.0,0,0.0,1,0.4,1,0.08
6092,5,0,0.0,0,0.0,1,0.4,1,0.08
6092,5,0,0.0,0,0.0,1,0.4,1,0.08
6095,39,0,0.0,0,0.0,0,0.0,1,0.08
6095,120,0,0.0,0,0.0,0,0.0,0,0.0
6095,34,0,0.0,0,0.0,0,0.0,1,0.08
6095,0,1,1.0,1,0.8,1,0.4,1,0.08
6128,34,0,0.0,0,0.0,0,0.0,1,0.1
6128,109,0,0.0,0,0.0,0,0.0,0,0.0
6128,926,0,0.0,0,0.0,0,0.0,0,0.0
6128,229,0,0.0,0,0.0,0,0.0,0,0.0
6128,19,0,0.0,0,0.0,0,0.0,1,0.1
6136,98,0,0.0,0,0.0,0,0.0,0,0.0
6136,15,0,0.0,0,0.0,0,0.0,1,0.08
6136,90,0,0.0,0,0.0,0,0.0,0,0.0
6136,85,0,0.0,0,0.0,0,0.0,0,0.0
6137,5,0,0.0,0,0.0,1,0.5,1,0.1
6137,0,1,1.0,1,1.0,1,0.5,1,0.1
6137,0,1,1.0,1,1.0,1,0.5,1,0.1
6137,5,0,0.0,0,0.0,1,0.5,1,0.1
6137,0,1,1.0,1,1.0,1,0.5,1,0.1
6152,168,0,0.0,0,0.0,0,0.0,0,0.0
6152,50,0,0.0,0,0.0,0,0.0,0,0.0
6152,10,0,0.0,0,0.0,0,0.0,1,0.1
6152,116,0,0.0,0,0.0,0,0.0,0,0.0
6152,14,0,0.0,0,0.0,0,0.0,1,0.1
6156,532,0,0.0,0,0.0,0,0.0,0,0.0
6156,198,0,0.0,0,0.0,0,0.0,0,0.0
6156,140,0,0.0,0,0.0,0,0.0,0,0.0
6156,134,0,0.0,0,0.0,0,0.0,0,0.0
6156,20,0,0.0,0,0.0,0,0.0,1,0.1
6161,15,0,0.0,0,0.0,0,0.0,1,0.1
6161,101,0,0.0,0,0.0,0,0.0,0,0.0
6161,86,0,0.0,0,0.0,0,0.0,0,0.0
6161,91,0,0.0,0,0.0,0,0.0,0,0.0
6161,86,0,0.0,0,0.0,0,0.0,0,0.0
6162,411,0,0.0,0,0.0,0,0.0,0,0.0
6162,1142,0,0.0,0,0.0,0,0.0,0,0.0
6162,273,0,0.0,0,0.0,0,0.0,0,0.0
6162,194,0,0.0,0,0.0,0,0.0,0,0.0
6170,0,1,1.0,1,0.8,1,0.4,1,0.08
6170,10,0,0.0,0,0.0,0,0.0,1,0.08
6170,45,0,0.0,0,0.0,0,0.0,1,0.08
6170,5,0,0.0,0,0.0,1,0.4,1,0.08
6183,5,0,0.0,0,0.0,1,0.5,1,0.1
6183,23,0,0.0,0,0.0,0,0.0,1,0.1
6183,229,0,0.0,0,0.0,0,0.0,0,0.0
6183,5,0,0.0,0,0.0,1,0.5,1,0.1
6183,0,1,1.0,1,1.0,1,0.5,1,0.1
6216,114,0,0.0,0,0.0,0,0.0,0,0.0
6216,103,0,0.0,0,0.0,0,0.0,0,0.0
6216,47,0,0.0,0,0.0,0,0.0,1,0.06
6216,5,0,0.0,0,0.0,1,0.4,1,0.08
6233,205,0,0.0,0,0.0,0,0.0,0,0.0
6233,161,0,0.0,0,0.0,0,0.0,0,0.0
6233,180,0,0.0,0,0.0,0,0.0,0,0.0
6233,191,0,0.0,0,0.0,0,0.0,0,0.0
6233,170,0,0.0,0,0.0,0,0.0,0,0.0
6234,0,1,1.0,1,1.0,1,0.5,1,0.1
6234,0,1,1.0,1,1.0,1,0.5,1,0.1
6234,0,1,1.0,1,1.0,1,0.5,1,0.1
6234,5,0,0.0,0,0.0,1,0.5,1,0.1
6234,0,1,1.0,1,1.0,1,0.5,1,0.1
6244,64,0,0.0,0,0.0,0,0.0,0,0.0
6244,77,0,0.0,0,0.0,0,0.0,0,0.0
6244,76,0,0.0,0,0.0,0,0.0,0,0.0
6244,112,0,0.0,0,0.0,0,0.0,0,0.0
6244,78,0,0.0,0,0.0,0,0.0,0,0.0
6260,0,1,1.0,1,1.0,1,0.5,1,0.1
6260,211,0,0.0,0,0.0,0,0.0,0,0.0
6260,218,0,0.0,0,0.0,0,0.0,0,0.0
6260,59,0,0.0,0,0.0,0,0.0,0,0.0
6260,29,0,0.0,0,0.0,0,0.0,1,0.1
6264,14,0,0.0,0,0.0,0,0.0,1,0.1
6264,15,0,0.0,0,0.0,0,0.0,1,0.1
6264,4,0,0.0,1,0.2,1,0.5,1,0.1
6264,0,1,1.0,1,1.0,1,0.5,1,0.1
6264,0,1,1.0,1,1.0,1,0.5,1,0.1
6300,632,0,0.0,0,0.0,0,0.0,0,0.0
6300,48,0,0.0,0,0.0,0,0.0,1,0.04
6300,143,0,0.0,0,0.0,0,0.0,0,0.0
6300,43,0,0.0,0,0.0,0,0.0,1,0.1
6300,58,0,0.0,0,0.0,0,0.0,0,0.0
6308,5,0,0.0,0,0.0,1,0.5,1,0.1
6308,470,0,0.0,0,0.0,0,0.0,0,0.0
6308,5,0,0.0,0,0.0,1,0.5,1,0.1
6308,3,0,0.0,1,0.4,1,0.5,1,0.1
6308,86,0,0.0,0,0.0,0,0.0,0,0.0
6311,0,1,1.0,1,1.0,1,0.5,1,0.1
6311,0,1,1.0,1,1.0,1,0.5,1,0.1
6311,0,1,1.0,1,1.0,1,0.5,1,0.1
6311,0,1,1.0,1,1.0,1,0.5,1,0.1
6311,0,1,1.0,1,1.0,1,0.5,1,0.1
6337,26,0,0.0,0,0.0,0,0.0,1,0.1
6337,59,0,0.0,0,0.0,0,0.0,0,0.0
6337,5,0,0.0,0,0.0,1,0.5,1,0.1
6337,40,0,0.0,0,0.0,0,0.0,1,0.1
6337,77,0,0.0,0,0.0,0,0.0,0,0.0
6342,93,0,0.0,0,0.0,0,0.0,0,0.0
6342,173,0,0.0,0,0.0,0,0.0,0,0.0
6342,1079,0,0.0,0,0.0,0,0.0,0,0.0
6342,2383,0,0.0,0,0.0,0,0.0,0,0.0
6342,2069,0,0.0,0,0.0,0,0.0,0,0.0
6347,242,0,0.0,0,0.0,0,0.0,0,0.0
6347,20,0,0.0,0,0.0,0,0.0,1,0.1
6347,20,0,0.0,0,0.0,0,0.0,1,0.1
6347,20,0,0.0,0,0.0,0,0.0,1,0.1
6347,20,0,0.0,0,0.0,0,0.0,1,0.1
6350,18,0,0.0,0,0.0,0,0.0,1,0.1
6350,5,0,0.0,0,0.0,1,0.5,1,0.1
6350,0,1,1.0,1,1.0,1,0.5,1,0.1
6350,0,1,1.0,1,1.0,1,0.5,1,0.1
6350,20,0,0.0,0,0.0,0,0.0,1,0.1
6364,89,0,0.0,0,0.0,0,0.0,0,0.0
6364,23,0,0.0,0,0.0,0,0.0,1,0.1
6364,10,0,0.0,0,0.0,0,0.0,1,0.1
6364,127,0,0.0,0,0.0,0,0.0,0,0.0
6364,0,1,1.0,1,1.0,1,0.5,1,0.1
6381,24,0,0.0,0,0.0,0,0.0,1,0.1
6381,404,0,0.0,0,0.0,0,0.0,0,0.0
6381,506,0,0.0,0,0.0,0,0.0,0,0.0
6381,133,0,0.0,0,0.0,0,0.0,0,0.0
6381,70,0,0.0,0,0.0,0,0.0,0,0.0
6388,49,0,0.0,0,0.0,0,0.0,1,0.02
6388,123,0,0.0,0,0.0,0,0.0,0,0.0
6388,5,0,0.0,0,0.0,1,0.5,1,0.1
6388,74,0,0.0,0,0.0,0,0.0,0,0.0
6388,163,0,0.0,0,0.0,0,0.0,0,0.0
6399,89,0,0.0,0,0.0,0,0.0,0,0.0
6399,234,0,0.0,0,0.0,0,0.0,0,0.0
6399,277,0,0.0,0,0.0,0,0.0,0,0.0
6399,361,0,0.0,0,0.0,0,0.0,0,0.0
6407,472,0,0.0,0,0.0,0,0.0,0,0.0
6407,19,0,0.0,0,0.0,0,0.0,1,0.1
6407,25,0,0.0,0,0.0,0,0.0,1,0.1
6407,1068,0,0.0,0,0.0,0,0.0,0,0.0
6407,96,0,0.0,0,0.0,0,0.0,0,0.0
6411,253,0,0.0,0,0.0,0,0.0,0,0.0
6411,150,0,0.0,0,0.0,0,0.0,0,0.0
6411,568,0,0.0,0,0.0,0,0.0,0,0.0
6411,126,0,0.0,0,0.0,0,0.0,0,0.0
6411,5,0,0.0,0,0.0,1,0.5,1,0.1
6432,42,0,0.0,0,0.0,0,0.0,1,0.1
6432,5,0,0.0,0,0.0,1,0.5,1,0.1
6432,69,0,0.0,0,0.0,0,0.0,0,0.0
6432,63,0,0.0,0,0.0,0,0.0,0,0.0
6432,10,0,0.0,0,0.0,0,0.0,1,0.1
6439,136,0,0.0,0,0.0,0,0.0,0,0.0
6439,1232,0,0.0,0,0.0,0,0.0,0,0.0
6439,1724,0,0.0,0,0.0,0,0.0,0,0.0
6439,548,0,0.0,0,0.0,0,0.0,0,0.0
6439,176,0,0.0,0,0.0,0,0.0,0,0.0
6447,10,0,0.0,0,0.0,0,0.0,1,0.1
6447,15,0,0.0,0,0.0,0,0.0,1,0.1
6447,374,0,0.0,0,0.0,0,0.0,0,0.0
6447,5,0,0.0,0,0.0,1,0.5,1,0.1
6447,35,0,0.0,0,0.0,0,0.0,1,0.1
6458,277,0,0.0,0,0.0,0,0.0,0,0.0
6458,78,0,0.0,0,0.0,0,0.0,0,0.0
6458,213,0,0.0,0,0.0,0,0.0,0,0.0
6458,10,0,0.0,0,0.0,0,0.0,1,0.1
6458,0,1,1.0,1,1.0,1,0.5,1,0.1
6481,4,0,0.0,1,0.2,1,0.5,1,0.1
6481,60,0,0.0,0,0.0,0,0.0,0,0.0
6481,0,1,1.0,1,1.0,1,0.5,1,0.1
6481,25,0,0.0,0,0.0,0,0.0,1,0.1
6481,25,0,0.0,0,0.0,0,0.0,1,0.1
6491,55,0,0.0,0,0.0,0,0.0,0,0.0
6491,333,0,0.0,0,0.0,0,0.0,0,0.0
6491,188,0,0.0,0,0.0,0,0.0,0,0.0
6491,54,0,0.0,0,0.0,0,0.0,0,0.0
6491,305,0,0.0,0,0.0,0,0.0,0,0.0
6492,79,0,0.0,0,0.0,0,0.0,0,0.0
6492,256,0,0.0,0,0.0,0,0.0,0,0.0
6492,475,0,0.0,0,0.0,0,0.0,0,0.0
6492,88,0,0.0,0,0.0,0,0.0,0,0.0
6492,147,0,0.0,0,0.0,0,0.0,0,0.0
6501,407,0,0.0,0,0.0,0,0.0,0,0.0
6501,98,0,0.0,0,0.0,0,0.0,0,0.0
6501,36,0,0.0,0,0.0,0,0.0,1,0.1
6501,14,0,0.0,0,0.0,0,0.0,1,0.1
6501,0,1,1.0,1,1.0,1,0.5,1,0.1
6515,0,1,1.0,1,1.0,1,0.5,1,0.1
6515,425,0,0.0,0,0.0,0,0.0,0,0.0
6515,15,0,0.0,0,0.0,0,0.0,1,0.1
6515,5,0,0.0,0,0.0,1,0.5,1,0.1
6515,5,0,0.0,0,0.0,1,0.5,1,0.1
6528,65,0,0.0,0,0.0,0,0.0,0,0.0
6528,88,0,0.0,0,0.0,0,0.0,0,0.0
6528,52,0,0.0,0,0.0,0,0.0,0,0.0
6528,84,0,0.0,0,0.0,0,0.0,0,0.0
6528,95,0,0.0,0,0.0,0,0.0,0,0.0
6530,1234,0,0.0,0,0.0,0,0.0,0,0.0
6530,20,0,0.0,0,0.0,0,0.0,1,0.1
6530,154,0,0.0,0,0.0,0,0.0,0,0.0
6530,54,0,0.0,0,0.0,0,0.0,0,0.0
6530,50,0,0.0,0,0.0,0,0.0,0,0.0
6533,77,0,0.0,0,0.0,0,0.0,0,0.0
6533,554,0,0.0,0,0.0,0,0.0,0,0.0
6533,137,0,0.0,0,0.0,0,0.0,0,0.0
6533,696,0,0.0,0,0.0,0,0.0,0,0.0
6533,415,0,0.0,0,0.0,0,0.0,0,0.0
6570,256,0,0.0,0,0.0,0,0.0,0,0.0
6570,24,0,0.0,0,0.0,0,0.0,1,0.1
6570,61,0,0.0,0,0.0,0,0.0,0,0.0
6570,15,0,0.0,0,0.0,0,0.0,1,0.1
6570,1271,0,0.0,0,0.0,0,0.0,0,0.0
6582,792,0,0.0,0,0.0,0,0.0,0,0.0
6582,259,0,0.0,0,0.0,0,0.0,0,0.0
6582,117,0,0.0,0,0.0,0,0.0,0,0.0
6582,339,0,0.0,0,0.0,0,0.0,0,0.0
6582,231,0,0.0,0,0.0,0,0.0,0,0.0
6596,52,0,0.0,0,0.0,0,0.0,0,0.0
6596,844,0,0.0,0,0.0,0,0.0,0,0.0
6596,381,0,0.0,0,0.0,0,0.0,0,0.0
6596,195,0,0.0,0,0.0,0,0.0,0,0.0
6596,71,0,0.0,0,0.0,0,0.0,0,0.0
6608,933,0,0.0,0,0.0,0,0.0,0,0.0
6608,59,0,0.0,0,0.0,0,0.0,0,0.0
6608,175,0,0.0,0,0.0,0,0.0,0,0.0
6608,35,0,0.0,0,0.0,0,0.0,1,0.1
6608,50,0,0.0,0,0.0,0,0.0,0,0.0
6613,5,0,0.0,0,0.0,1,0.5,1,0.1
6613,871,0,0.0,0,0.0,0,0.0,0,0.0
6613,198,0,0.0,0,0.0,0,0.0,0,0.0
6613,0,1,1.0,1,1.0,1,0.5,1,0.1
6613,325,0,0.0,0,0.0,0,0.0,0,0.0
6619,14,0,0.0,0,0.0,0,0.0,1,0.1
6619,47,0,0.0,0,0.0,0,0.0,1,0.06
6619,9,0,0.0,0,0.0,1,0.1,1,0.1
6619,10,0,0.0,0,0.0,0,0.0,1,0.1
6619,53,0,0.0,0,0.0,0,0.0,0,0.0
6626,53,0,0.0,0,0.0,0,0.0,0,0.0
6626,58,0,0.0,0,0.0,0,0.0,0,0.0
6626,58,0,0.0,0,0.0,0,0.0,0,0.0
6626,23,0,0.0,0,0.0,0,0.0,1,0.1
6626,20,0,0.0,0,0.0,0,0.0,1,0.1
6648,35,0,0.0,0,0.0,0,0.0,1,0.1
6648,78,0,0.0,0,0.0,0,0.0,0,0.0
6648,60,0,0.0,0,0.0,0,0.0,0,0.0
6648,15,0,0.0,0,0.0,0,0.0,1,0.1
6648,10,0,0.0,0,0.0,0,0.0,1,0.1
6651,62,0,0.0,0,0.0,0,0.0,0,0.0
6651,133,0,0.0,0,0.0,0,0.0,0,0.0
6651,45,0,0.0,0,0.0,0,0.0,1,0.1
6651,19,0,0.0,0,0.0,0,0.0,1,0.1
6651,38,0,0.0,0,0.0,0,0.0,1,0.1
6671,408,0,0.0,0,0.0,0,0.0,0,0.0
6671,0,1,1.0,1,1.0,1,0.5,1,0.1
6671,24,0,0.0,0,0.0,0,0.0,1,0.1
6671,472,0,0.0,0,0.0,0,0.0,0,0.0
6671,0,1,1.0,1,1.0,1,0.5,1,0.1
6687,0,1,1.0,1,1.0,1,0.5,1,0.1
6687,0,1,1.0,1,1.0,1,0.5,1,0.1
6687,1351,0,0.0,0,0.0,0,0.0,0,0.0
6687,32,0,0.0,0,0.0,0,0.0,1,0.1
6687,0,1,1.0,1,1.0,1,0.5,1,0.1
6689,84,0,0.0,0,0.0,0,0.0,0,0.0
6689,218,0,0.0,0,0.0,0,0.0,0,0.0
6689,35,0,0.0,0,0.0,0,0.0,1,0.1
6689,15,0,0.0,0,0.0,0,0.0,1,0.1
6689,45,0,0.0,0,0.0,0,0.0,1,0.1
6693,125,0,0.0,0,0.0,0,0.0,0,0.0
6693,360,0,0.0,0,0.0,0,0.0,0,0.0
6693,1145,0,0.0,0,0.0,0,0.0,0,0.0
6693,29,0,0.0,0,0.0,0,0.0,1,0.1
6693,150,0,0.0,0,0.0,0,0.0,0,0.0
6699,10,0,0.0,0,0.0,0,0.0,1,0.1
6699,318,0,0.0,0,0.0,0,0.0,0,0.0
6699,110,0,0.0,0,0.0,0,0.0,0,0.0
6699,213,0,0.0,0,0.0,0,0.0,0,0.0
6699,153,0,0.0,0,0.0,0,0.0,0,0.0
6716,284,0,0.0,0,0.0,0,0.0,0,0.0
6716,5,0,0.0,0,0.0,1,0.5,1,0.1
6716,372,0,0.0,0,0.0,0,0.0,0,0.0
6716,0,1,1.0,1,1.0,1,0.5,1,0.1
6716,119,0,0.0,0,0.0,0,0.0,0,0.0
6721,9,0,0.0,0,0.0,1,0.1,1,0.1
6721,140,0,0.0,0,0.0,0,0.0,0,0.0
6721,64,0,0.0,0,0.0,0,0.0,0,0.0
6721,54,0,0.0,0,0.0,0,0.0,0,0.0
6721,445,0,0.0,0,0.0,0,0.0,0,0.0
6734,10,0,0.0,0,0.0,0,0.0,1,0.1
6734,112,0,0.0,0,0.0,0,0.0,0,0.0
6734,19,0,0.0,0,0.0,0,0.0,1,0.1
6734,19,0,0.0,0,0.0,0,0.0,1,0.1
6734,9,0,0.0,0,0.0,1,0.1,1,0.1
6768,9,0,0.0,0,0.0,1,0.1,1,0.1
6768,4,0,0.0,1,0.2,1,0.5,1,0.1
6768,19,0,0.0,0,0.0,0,0.0,1,0.1
6768,9,0,0.0,0,0.0,1,0.1,1,0.1
6768,10,0,0.0,0,0.0,0,0.0,1,0.1
6785,138,0,0.0,0,0.0,0,0.0,0,0.0
6785,264,0,0.0,0,0.0,0,0.0,0,0.0
6785,131,0,0.0,0,0.0,0,0.0,0,0.0
6785,180,0,0.0,0,0.0,0,0.0,0,0.0
6797,198,0,0.0,0,0.0,0,0.0,0,0.0
6797,5,0,0.0,0,0.0,1,0.3,1,0.06
6797,1010,0,0.0,0,0.0,0,0.0,0,0.0
6804,5,0,0.0,0,0.0,1,0.5,1,0.1
6804,10,0,0.0,0,0.0,0,0.0,1,0.1
6804,44,0,0.0,0,0.0,0,0.0,1,0.1
6804,83,0,0.0,0,0.0,0,0.0,0,0.0
6804,20,0,0.0,0,0.0,0,0.0,1,0.1
6808,130,0,0.0,0,0.0,0,0.0,0,0.0
6808,34,0,0.0,0,0.0,0,0.0,1,0.1
6808,70,0,0.0,0,0.0,0,0.0,0,0.0
6808,65,0,0.0,0,0.0,0,0.0,0,0.0
6808,84,0,0.0,0,0.0,0,0.0,0,0.0
6836,513,0,0.0,0,0.0,0,0.0,0,0.0
6836,145,0,0.0,0,0.0,0,0.0,0,0.0
6836,10,0,0.0,0,0.0,0,0.0,1,0.1
6836,116,0,0.0,0,0.0,0,0.0,0,0.0
6836,170,0,0.0,0,0.0,0,0.0,0,0.0
6848,786,0,0.0,0,0.0,0,0.0,0,0.0
6848,55,0,0.0,0,0.0,0,0.0,0,0.0
6848,74,0,0.0,0,0.0,0,0.0,0,0.0
6848,101,0,0.0,0,0.0,0,0.0,0,0.0
6848,92,0,0.0,0,0.0,0,0.0,0,0.0
6856,49,0,0.0,0,0.0,0,0.0,1,0.02
6856,82,0,0.0,0,0.0,0,0.0,0,0.0
6856,48,0,0.0,0,0.0,0,0.0,1,0.04
6860,15,0,0.0,0,0.0,0,0.0,1,0.1
6860,465,0,0.0,0,0.0,0,0.0,0,0.0
6860,63,0,0.0,0,0.0,0,0.0,0,0.0
6860,29,0,0.0,0,0.0,0,0.0,1,0.1
6860,25,0,0.0,0,0.0,0,0.0,1,0.1
6872,120,0,0.0,0,0.0,0,0.0,0,0.0
6872,221,0,0.0,0,0.0,0,0.0,0,0.0
6872,52,0,0.0,0,0.0,0,0.0,0,0.0
6872,33,0,0.0,0,0.0,0,0.0,1,0.1
6872,169,0,0.0,0,0.0,0,0.0,0,0.0
6877,95,0,0.0,0,0.0,0,0.0,0,0.0
6877,0,1,1.0,1,0.8,1,0.4,1,0.08
6877,66,0,0.0,0,0.0,0,0.0,0,0.0
6877,430,0,0.0,0,0.0,0,0.0,0,0.0
6879,104,0,0.0,0,0.0,0,0.0,0,0.0
6879,222,0,0.0,0,0.0,0,0.0,0,0.0
6879,127,0,0.0,0,0.0,0,0.0,0,0.0
6879,187,0,0.0,0,0.0,0,0.0,0,0.0
6879,152,0,0.0,0,0.0,0,0.0,0,0.0
6892,67,0,0.0,0,0.0,0,0.0,0,0.0
6892,8,0,0.0,0,0.0,1,0.2,1,0.08
6892,330,0,0.0,0,0.0,0,0.0,0,0.0
6892,43,0,0.0,0,0.0,0,0.0,1,0.08
6908,39,0,0.0,0,0.0,0,0.0,1,0.08
6908,44,0,0.0,0,0.0,0,0.0,1,0.08
6908,44,0,0.0,0,0.0,0,0.0,1,0.08
6908,43,0,0.0,0,0.0,0,0.0,1,0.08
6909,321,0,0.0,0,0.0,0,0.0,0,0.0
6909,396,0,0.0,0,0.0,0,0.0,0,0.0
6909,337,0,0.0,0,0.0,0,0.0,0,0.0
6910,112,0,0.0,0,0.0,0,0.0,0,0.0
6910,118,0,0.0,0,0.0,0,0.0,0,0.0
6910,115,0,0.0,0,0.0,0,0.0,0,0.0
6910,70,0,0.0,0,0.0,0,0.0,0,0.0
6912,1234,0,0.0,0,0.0,0,0.0,0,0.0
6912,119,0,0.0,0,0.0,0,0.0,0,0.0
6912,1364,0,0.0,0,0.0,0,0.0,0,0.0
6912,0,1,1.0,1,1.0,1,0.5,1,0.1
6912,1254,0,0.0,0,0.0,0,0.0,0,0.0
6928,569,0,0.0,0,0.0,0,0.0,0,0.0
6928,25,0,0.0,0,0.0,0,0.0,1,0.1
6928,20,0,0.0,0,0.0,0,0.0,1,0.1
6928,14,0,0.0,0,0.0,0,0.0,1,0.1
6928,1105,0,0.0,0,0.0,0,0.0,0,0.0
6942,0,1,1.0,1,0.8,1,0.4,1,0.08
6942,293,0,0.0,0,0.0,0,0.0,0,0.0
6942,9,0,0.0,0,0.0,1,0.1,1,0.08
6942,0,1,1.0,1,0.8,1,0.4,1,0.08
6951,69,0,0.0,0,0.0,0,0.0,0,0.0
6951,521,0,0.0,0,0.0,0,0.0,0,0.0
6951,635,0,0.0,0,0.0,0,0.0,0,0.0
6951,57,0,0.0,0,0.0,0,0.0,0,0.0
6951,163,0,0.0,0,0.0,0,0.0,0,0.0
6981,5,0,0.0,0,0.0,1,0.5,1,0.1
6981,293,0,0.0,0,0.0,0,0.0,0,0.0
6981,20,0,0.0,0,0.0,0,0.0,1,0.1
6981,30,0,0.0,0,0.0,0,0.0,1,0.1
6981,25,0,0.0,0,0.0,0,0.0,1,0.1
6985,5,0,0.0,0,0.0,1,0.5,1,0.1
6985,19,0,0.0,0,0.0,0,0.0,1,0.1
6985,309,0,0.0,0,0.0,0,0.0,0,0.0
6985,20,0,0.0,0,0.0,0,0.0,1,0.1
6985,0,1,1.0,1,1.0,1,0.5,1,0.1
7007,10,0,0.0,0,0.0,0,0.0,1,0.08
7007,0,1,1.0,1,0.8,1,0.4,1,0.08
7007,113,0,0.0,0,0.0,0,0.0,0,0.0
7007,5,0,0.0,0,0.0,1,0.4,1,0.08
7053,73,0,0.0,0,0.0,0,0.0,0,0.0
7053,34,0,0.0,0,0.0,0,0.0,1,0.1
7053,29,0,0.0,0,0.0,0,0.0,1,0.1
7053,39,0,0.0,0,0.0,0,0.0,1,0.1
7053,119,0,0.0,0,0.0,0,0.0,0,0.0
7054,1458,0,0.0,0,0.0,0,0.0,0,0.0
7054,639,0,0.0,0,0.0,0,0.0,0,0.0
7054,562,0,0.0,0,0.0,0,0.0,0,0.0
7054,1205,0,0.0,0,0.0,0,0.0,0,0.0
7054,0,1,1.0,1,1.0,1,0.5,1,0.1
7072,34,0,0.0,0,0.0,0,0.0,1,0.08
7072,95,0,0.0,0,0.0,0,0.0,0,0.0
7072,38,0,0.0,0,0.0,0,0.0,1,0.08
7072,178,0,0.0,0,0.0,0,0.0,0,0.0
7073,116,0,0.0,0,0.0,0,0.0,0,0.0
7073,4,0,0.0,1,0.2,1,0.5,1,0.1
7073,230,0,0.0,0,0.0,0,0.0,0,0.0
7073,0,1,1.0,1,1.0,1,0.5,1,0.1
7073,0,1,1.0,1,1.0,1,0.5,1,0.1
7076,152,0,0.0,0,0.0,0,0.0,0,0.0
7076,10,0,0.0,0,0.0,0,0.0,1,0.1
7076,0,1,1.0,1,1.0,1,0.5,1,0.1
7076,0,1,1.0,1,1.0,1,0.5,1,0.1
7076,0,1,1.0,1,1.0,1,0.5,1,0.1
7081,251,0,0.0,0,0.0,0,0.0,0,0.0
7081,226,0,0.0,0,0.0,0,0.0,0,0.0
7081,67,0,0.0,0,0.0,0,0.0,0,0.0
7081,0,1,1.0,1,1.0,1,0.5,1,0.1
7081,64,0,0.0,0,0.0,0,0.0,0,0.0
7084,65,0,0.0,0,0.0,0,0.0,0,0.0
7084,624,0,0.0,0,0.0,0,0.0,0,0.0
7084,25,0,0.0,0,0.0,0,0.0,1,0.1
7084,20,0,0.0,0,0.0,0,0.0,1,0.1
7084,34,0,0.0,0,0.0,0,0.0,1,0.1
7091,17,0,0.0,0,0.0,0,0.0,1,0.08
7091,34,0,0.0,0,0.0,0,0.0,1,0.08
7091,10,0,0.0,0,0.0,0,0.0,1,0.08
7091,5,0,0.0,0,0.0,1,0.4,1,0.08
7095,56,0,0.0,0,0.0,0,0.0,0,0.0
7095,53,0,0.0,0,0.0,0,0.0,0,0.0
7095,15,0,0.0,0,0.0,0,0.0,1,0.1
7095,43,0,0.0,0,0.0,0,0.0,1,0.1
7095,27,0,0.0,0,0.0,0,0.0,1,0.1
7098,5,0,0.0,0,0.0,1,0.5,1,0.1
7098,288,0,0.0,0,0.0,0,0.0,0,0.0
7098,344,0,0.0,0,0.0,0,0.0,0,0.0
7098,549,0,0.0,0,0.0,0,0.0,0,0.0
7098,467,0,0.0,0,0.0,0,0.0,0,0.0
7108,10,0,0.0,0,0.0,0,0.0,1,0.1
7108,0,1,1.0,1,1.0,1,0.5,1,0.1
7108,0,1,1.0,1,1.0,1,0.5,1,0.1
7108,0,1,1.0,1,1.0,1,0.5,1,0.1
7108,0,1,1.0,1,1.0,1,0.5,1,0.1
7137,51,0,0.0,0,0.0,0,0.0,0,0.0
7137,20,0,0.0,0,0.0,0,0.0,1,0.08
7137,344,0,0.0,0,0.0,0,0.0,0,0.0
7137,140,0,0.0,0,0.0,0,0.0,0,0.0
7163,32,0,0.0,0,0.0,0,0.0,1,0.1
7163,42,0,0.0,0,0.0,0,0.0,1,0.1
7163,78,0,0.0,0,0.0,0,0.0,0,0.0
7163,49,0,0.0,0,0.0,0,0.0,1,0.02
7163,177,0,0.0,0,0.0,0,0.0,0,0.0
7180,0,1,1.0,1,1.0,1,0.5,1,0.1
7180,105,0,0.0,0,0.0,0,0.0,0,0.0
7180,54,0,0.0,0,0.0,0,0.0,0,0.0
7180,5,0,0.0,0,0.0,1,0.5,1,0.1
7180,10,0,0.0,0,0.0,0,0.0,1,0.1
7185,49,0,0.0,0,0.0,0,0.0,1,0.02
7185,35,0,0.0,0,0.0,0,0.0,1,0.1
7185,928,0,0.0,0,0.0,0,0.0,0,0.0
7185,0,1,1.0,1,1.0,1,0.5,1,0.1
7185,498,0,0.0,0,0.0,0,0.0,0,0.0
7187,0,1,1.0,1,1.0,1,0.5,1,0.1
7187,34,0,0.0,0,0.0,0,0.0,1,0.1
7187,30,0,0.0,0,0.0,0,0.0,1,0.1
7187,0,1,1.0,1,1.0,1,0.5,1,0.1
7187,5,0,0.0,0,0.0,1,0.5,1,0.1
7196,155,0,0.0,0,0.0,0,0.0,0,0.0
7196,44,0,0.0,0,0.0,0,0.0,1,0.08
7196,149,0,0.0,0,0.0,0,0.0,0,0.0
7196,54,0,0.0,0,0.0,0,0.0,0,0.0
7224,33,0,0.0,0,0.0,0,0.0,1,0.1
7224,14,0,0.0,0,0.0,0,0.0,1,0.1
7224,4,0,0.0,1,0.2,1,0.5,1,0.1
7224,19,0,0.0,0,0.0,0,0.0,1,0.1
7224,9,0,0.0,0,0.0,1,0.1,1,0.1
7231,134,0,0.0,0,0.0,0,0.0,0,0.0
7231,34,0,0.0,0,0.0,0,0.0,1,0.1
7231,5,0,0.0,0,0.0,1,0.5,1,0.1
7231,64,0,0.0,0,0.0,0,0.0,0,0.0
7231,59,0,0.0,0,0.0,0,0.0,0,0.0
7246,69,0,0.0,0,0.0,0,0.0,0,0.0
7246,94,0,0.0,0,0.0,0,0.0,0,0.0
7246,89,0,0.0,0,0.0,0,0.0,0,0.0
7246,29,0,0.0,0,0.0,0,0.0,1,0.1
7246,100,0,0.0,0,0.0,0,0.0,0,0.0
7262,5,0,0.0,0,0.0,1,0.5,1,0.1
7262,5,0,0.0,0,0.0,1,0.5,1,0.1
7262,287,0,0.0,0,0.0,0,0.0,0,0.0
7262,5,0,0.0,0,0.0,1,0.5,1,0.1
7262,53,0,0.0,0,0.0,0,0.0,0,0.0
7266,59,0,0.0,0,0.0,0,0.0,0,0.0
7266,0,1,1.0,1,0.8,1,0.4,1,0.08
7266,0,1,1.0,1,0.8,1,0.4,1,0.08
7266,50,0,0.0,0,0.0,0,0.0,0,0.0
7277,728,0,0.0,0,0.0,0,0.0,0,0.0
7277,10,0,0.0,0,0.0,0,0.0,1,0.08
7277,98,0,0.0,0,0.0,0,0.0,0,0.0
7277,700,0,0.0,0,0.0,0,0.0,0,0.0
7281,82,0,0.0,0,0.0,0,0.0,0,0.0
7281,1016,0,0.0,0,0.0,0,0.0,0,0.0
7281,88,0,0.0,0,0.0,0,0.0,0,0.0
7281,10,0,0.0,0,0.0,0,0.0,1,0.08
7286,200,0,0.0,0,0.0,0,0.0,0,0.0
7286,103,0,0.0,0,0.0,0,0.0,0,0.0
7286,15,0,0.0,0,0.0,0,0.0,1,0.08
7286,35,0,0.0,0,0.0,0,0.0,1,0.08
7312,10,0,0.0,0,0.0,0,0.0,1,0.08
7312,150,0,0.0,0,0.0,0,0.0,0,0.0
7312,139,0,0.0,0,0.0,0,0.0,0,0.0
7312,10,0,0.0,0,0.0,0,0.0,1,0.08
7314,188,0,0.0,0,0.0,0,0.0,0,0.0
7314,489,0,0.0,0,0.0,0,0.0,0,0.0
7314,15,0,0.0,0,0.0,0,0.0,1,0.08
7314,29,0,0.0,0,0.0,0,0.0,1,0.08
7316,15,0,0.0,0,0.0,0,0.0,1,0.1
7316,142,0,0.0,0,0.0,0,0.0,0,0.0
7316,5,0,0.0,0,0.0,1,0.5,1,0.1
7316,10,0,0.0,0,0.0,0,0.0,1,0.1
7316,207,0,0.0,0,0.0,0,0.0,0,0.0
7320,67,0,0.0,0,0.0,0,0.0,0,0.0
7320,611,0,0.0,0,0.0,0,0.0,0,0.0
7320,129,0,0.0,0,0.0,0,0.0,0,0.0
7320,15,0,0.0,0,0.0,0,0.0,1,0.1
7320,42,0,0.0,0,0.0,0,0.0,1,0.1
7330,1511,0,0.0,0,0.0,0,0.0,0,0.0
7330,1066,0,0.0,0,0.0,0,0.0,0,0.0
7330,2227,0,0.0,0,0.0,0,0.0,0,0.0
7330,1666,0,0.0,0,0.0,0,0.0,0,0.0
7330,1148,0,0.0,0,0.0,0,0.0,0,0.0
7334,431,0,0.0,0,0.0,0,0.0,0,0.0
7334,9,0,0.0,0,0.0,1,0.1,1,0.1
7334,13,0,0.0,0,0.0,0,0.0,1,0.1
7334,73,0,0.0,0,0.0,0,0.0,0,0.0
7334,5,0,0.0,0,0.0,1,0.5,1,0.1
7350,245,0,0.0,0,0.0,0,0.0,0,0.0
7350,47,0,0.0,0,0.0,0,0.0,1,0.06
7350,282,0,0.0,0,0.0,0,0.0,0,0.0
7350,49,0,0.0,0,0.0,0,0.0,1,0.02
7350,140,0,0.0,0,0.0,0,0.0,0,0.0
7363,55,0,0.0,0,0.0,0,0.0,0,0.0
7363,15,0,0.0,0,0.0,0,0.0,1,0.08
7363,15,0,0.0,0,0.0,0,0.0,1,0.08
7363,10,0,0.0,0,0.0,0,0.0,1,0.08
7372,222,0,0.0,0,0.0,0,0.0,0,0.0
7372,13,0,0.0,0,0.0,0,0.0,1,0.08
7372,74,0,0.0,0,0.0,0,0.0,0,0.0
7372,314,0,0.0,0,0.0,0,0.0,0,0.0
7376,132,0,0.0,0,0.0,0,0.0,0,0.0
7376,120,0,0.0,0,0.0,0,0.0,0,0.0
7376,130,0,0.0,0,0.0,0,0.0,0,0.0
7376,94,0,0.0,0,0.0,0,0.0,0,0.0
7376,412,0,0.0,0,0.0,0,0.0,0,0.0
7379,57,0,0.0,0,0.0,0,0.0,0,0.0
7379,94,0,0.0,0,0.0,0,0.0,0,0.0
7379,109,0,0.0,0,0.0,0,0.0,0,0.0
7379,62,0,0.0,0,0.0,0,0.0,0,0.0
7379,174,0,0.0,0,0.0,0,0.0,0,0.0
7411,106,0,0.0,0,0.0,0,0.0,0,0.0
7411,30,0,0.0,0,0.0,0,0.0,1,0.1
7411,74,0,0.0,0,0.0,0,0.0,0,0.0
7411,25,0,0.0,0,0.0,0,0.0,1,0.1
7411,172,0,0.0,0,0.0,0,0.0,0,0.0
7412,570,0,0.0,0,0.0,0,0.0,0,0.0
7412,76,0,0.0,0,0.0,0,0.0,0,0.0
7412,20,0,0.0,0,0.0,0,0.0,1,0.1
7412,19,0,0.0,0,0.0,0,0.0,1,0.1
7412,79,0,0.0,0,0.0,0,0.0,0,0.0
7415,80,0,0.0,0,0.0,0,0.0,0,0.0
7415,0,1,1.0,1,1.0,1,0.5,1,0.1
7415,14,0,0.0,0,0.0,0,0.0,1,0.1
7415,143,0,0.0,0,0.0,0,0.0,0,0.0
7415,13,0,0.0,0,0.0,0,0.0,1,0.1
7417,64,0,0.0,0,0.0,0,0.0,0,0.0
7417,344,0,0.0,0,0.0,0,0.0,0,0.0
7417,109,0,0.0,0,0.0,0,0.0,0,0.0
7417,15,0,0.0,0,0.0,0,0.0,1,0.1
7417,84,0,0.0,0,0.0,0,0.0,0,0.0
7421,5,0,0.0,0,0.0,1,0.5,1,0.1
7421,30,0,0.0,0,0.0,0,0.0,1,0.1
7421,15,0,0.0,0,0.0,0,0.0,1,0.1
7421,9,0,0.0,0,0.0,1,0.1,1,0.1
7421,169,0,0.0,0,0.0,0,0.0,0,0.0
7429,0,1,1.0,1,1.0,1,0.5,1,0.1
7429,29,0,0.0,0,0.0,0,0.0,1,0.1
7429,0,1,1.0,1,1.0,1,0.5,1,0.1
7429,0,1,1.0,1,1.0,1,0.5,1,0.1
7429,0,1,1.0,1,1.0,1,0.5,1,0.1
7430,52,0,0.0,0,0.0,0,0.0,0,0.0
7430,0,1,1.0,1,1.0,1,0.5,1,0.1
7430,0,1,1.0,1,1.0,1,0.5,1,0.1
7430,20,0,0.0,0,0.0,0,0.0,1,0.1
7430,0,1,1.0,1,1.0,1,0.5,1,0.1
7466,143,0,0.0,0,0.0,0,0.0,0,0.0
7466,42,0,0.0,0,0.0,0,0.0,1,0.1
7466,1360,0,0.0,0,0.0,0,0.0,0,0.0
7466,193,0,0.0,0,0.0,0,0.0,0,0.0
7466,93,0,0.0,0,0.0,0,0.0,0,0.0
7472,498,0,0.0,0,0.0,0,0.0,0,0.0
7472,30,0,0.0,0,0.0,0,0.0,1,0.1
7472,111,0,0.0,0,0.0,0,0.0,0,0.0
7472,0,1,1.0,1,1.0,1,0.5,1,0.1
7472,436,0,0.0,0,0.0,0,0.0,0,0.0
7478,578,0,0.0,0,0.0,0,0.0,0,0.0
7478,121,0,0.0,0,0.0,0,0.0,0,0.0
7478,50,0,0.0,0,0.0,0,0.0,0,0.0
7478,439,0,0.0,0,0.0,0,0.0,0,0.0
7478,114,0,0.0,0,0.0,0,0.0,0,0.0
7483,25,0,0.0,0,0.0,0,0.0,1,0.1
7483,0,1,1.0,1,1.0,1,0.5,1,0.1
7483,88,0,0.0,0,0.0,0,0.0,0,0.0
7483,59,0,0.0,0,0.0,0,0.0,0,0.0
7483,101,0,0.0,0,0.0,0,0.0,0,0.0
7490,35,0,0.0,0,0.0,0,0.0,1,0.1
7490,43,0,0.0,0,0.0,0,0.0,1,0.1
7490,44,0,0.0,0,0.0,0,0.0,1,0.1
7490,39,0,0.0,0,0.0,0,0.0,1,0.1
7490,43,0,0.0,0,0.0,0,0.0,1,0.1
7494,4,0,0.0,1,0.2,1,0.5,1,0.1
7494,16,0,0.0,0,0.0,0,0.0,1,0.1
7494,37,0,0.0,0,0.0,0,0.0,1,0.1
7494,2513,0,0.0,0,0.0,0,0.0,0,0.0
7494,5,0,0.0,0,0.0,1,0.5,1,0.1
7528,9,0,0.0,0,0.0,1,0.1,1,0.1
7528,30,0,0.0,0,0.0,0,0.0,1,0.1
7528,350,0,0.0,0,0.0,0,0.0,0,0.0
7528,0,1,1.0,1,1.0,1,0.5,1,0.1
7528,0,1,1.0,1,1.0,1,0.5,1,0.1
7533,517,0,0.0,0,0.0,0,0.0,0,0.0
7533,63,0,0.0,0,0.0,0,0.0,0,0.0
7533,0,1,1.0,1,1.0,1,0.5,1,0.1
7533,10,0,0.0,0,0.0,0,0.0,1,0.1
7533,215,0,0.0,0,0.0,0,0.0,0,0.0
7569,501,0,0.0,0,0.0,0,0.0,0,0.0
7569,451,0,0.0,0,0.0,0,0.0,0,0.0
7569,116,0,0.0,0,0.0,0,0.0,0,0.0
7569,805,0,0.0,0,0.0,0,0.0,0,0.0
7569,706,0,0.0,0,0.0,0,0.0,0,0.0
7578,197,0,0.0,0,0.0,0,0.0,0,0.0
7578,25,0,0.0,0,0.0,0,0.0,1,0.1
7578,2083,0,0.0,0,0.0,0,0.0,0,0.0
7578,118,0,0.0,0,0.0,0,0.0,0,0.0
7578,233,0,0.0,0,0.0,0,0.0,0,0.0
7580,533,0,0.0,0,0.0,0,0.0,0,0.0
7580,34,0,0.0,0,0.0,0,0.0,1,0.1
7580,829,0,0.0,0,0.0,0,0.0,0,0.0
7580,89,0,0.0,0,0.0,0,0.0,0,0.0
7580,150,0,0.0,0,0.0,0,0.0,0,0.0
7581,809,0,0.0,0,0.0,0,0.0,0,0.0
7581,269,0,0.0,0,0.0,0,0.0,0,0.0
7581,215,0,0.0,0,0.0,0,0.0,0,0.0
7581,270,0,0.0,0,0.0,0,0.0,0,0.0
7581,40,0,0.0,0,0.0,0,0.0,1,0.1
7588,388,0,0.0,0,0.0,0,0.0,0,0.0
7588,20,0,0.0,0,0.0,0,0.0,1,0.1
7588,10,0,0.0,0,0.0,0,0.0,1,0.1
7588,29,0,0.0,0,0.0,0,0.0,1,0.1
7588,55,0,0.0,0,0.0,0,0.0,0,0.0
7600,306,0,0.0,0,0.0,0,0.0,0,0.0
7600,9,0,0.0,0,0.0,1,0.1,1,0.08
7600,77,0,0.0,0,0.0,0,0.0,0,0.0
7600,0,1,1.0,1,0.8,1,0.4,1,0.08
7620,163,0,0.0,0,0.0,0,0.0,0,0.0
7620,38,0,0.0,0,0.0,0,0.0,1,0.1
7620,352,0,0.0,0,0.0,0,0.0,0,0.0
7620,396,0,0.0,0,0.0,0,0.0,0,0.0
7620,112,0,0.0,0,0.0,0,0.0,0,0.0
7621,61,0,0.0,0,0.0,0,0.0,0,0.0
7621,113,0,0.0,0,0.0,0,0.0,0,0.0
7621,325,0,0.0,0,0.0,0,0.0,0,0.0
7621,61,0,0.0,0,0.0,0,0.0,0,0.0
7621,109,0,0.0,0,0.0,0,0.0,0,0.0
7627,189,0,0.0,0,0.0,0,0.0,0,0.0
7627,918,0,0.0,0,0.0,0,0.0,0,0.0
7627,515,0,0.0,0,0.0,0,0.0,0,0.0
7627,486,0,0.0,0,0.0,0,0.0,0,0.0
7627,55,0,0.0,0,0.0,0,0.0,0,0.0
7630,68,0,0.0,0,0.0,0,0.0,0,0.0
7630,43,0,0.0,0,0.0,0,0.0,1,0.1
7630,4,0,0.0,1,0.2,1,0.5,1,0.1
7630,73,0,0.0,0,0.0,0,0.0,0,0.0
7630,49,0,0.0,0,0.0,0,0.0,1,0.02
7639,8,0,0.0,0,0.0,1,0.2,1,0.1
7639,5,0,0.0,0,0.0,1,0.5,1,0.1
7639,106,0,0.0,0,0.0,0,0.0,0,0.0
7639,224,0,0.0,0,0.0,0,0.0,0,0.0
7639,95,0,0.0,0,0.0,0,0.0,0,0.0
7653,1129,0,0.0,0,0.0,0,0.0,0,0.0
7653,931,0,0.0,0,0.0,0,0.0,0,0.0
7653,426,0,0.0,0,0.0,0,0.0,0,0.0
7653,486,0,0.0,0,0.0,0,0.0,0,0.0
7653,166,0,0.0,0,0.0,0,0.0,0,0.0
7654,35,0,0.0,0,0.0,0,0.0,1,0.1
7654,25,0,0.0,0,0.0,0,0.0,1,0.1
7654,0,1,1.0,1,1.0,1,0.5,1,0.1
7654,10,0,0.0,0,0.0,0,0.0,1,0.1
7654,10,0,0.0,0,0.0,0,0.0,1,0.1
7655,0,1,1.0,1,1.0,1,0.5,1,0.1
7655,34,0,0.0,0,0.0,0,0.0,1,0.1
7655,358,0,0.0,0,0.0,0,0.0,0,0.0
7655,903,0,0.0,0,0.0,0,0.0,0,0.0
7655,5,0,0.0,0,0.0,1,0.5,1,0.1
7660,192,0,0.0,0,0.0,0,0.0,0,0.0
7660,26,0,0.0,0,0.0,0,0.0,1,0.1
7660,1925,0,0.0,0,0.0,0,0.0,0,0.0
7660,5,0,0.0,0,0.0,1,0.5,1,0.1
7660,319,0,0.0,0,0.0,0,0.0,0,0.0
7661,121,0,0.0,0,0.0,0,0.0,0,0.0
7661,78,0,0.0,0,0.0,0,0.0,0,0.0
7661,164,0,0.0,0,0.0,0,0.0,0,0.0
7661,25,0,0.0,0,0.0,0,0.0,1,0.1
7661,126,0,0.0,0,0.0,0,0.0,0,0.0
7703,109,0,0.0,0,0.0,0,0.0,0,0.0
7703,79,0,0.0,0,0.0,0,0.0,0,0.0
7703,127,0,0.0,0,0.0,0,0.0,0,0.0
7703,37,0,0.0,0,0.0,0,0.0,1,0.1
7703,24,0,0.0,0,0.0,0,0.0,1,0.1
7733,86,0,0.0,0,0.0,0,0.0,0,0.0
7733,10,0,0.0,0,0.0,0,0.0,1,0.1
7733,299,0,0.0,0,0.0,0,0.0,0,0.0
7733,227,0,0.0,0,0.0,0,0.0,0,0.0
7733,472,0,0.0,0,0.0,0,0.0,0,0.0
7739,0,1,1.0,1,1.0,1,0.5,1,0.1
7739,0,1,1.0,1,1.0,1,0.5,1,0.1
7739,0,1,1.0,1,1.0,1,0.5,1,0.1
7739,33,0,0.0,0,0.0,0,0.0,1,0.1
7739,0,1,1.0,1,1.0,1,0.5,1,0.1
7756,0,1,1.0,1,1.0,1,0.5,1,0.1
7756,177,0,0.0,0,0.0,0,0.0,0,0.0
7756,28,0,0.0,0,0.0,0,0.0,1,0.1
7756,5,0,0.0,0,0.0,1,0.5,1,0.1
7756,34,0,0.0,0,0.0,0,0.0,1,0.1
7757,45,0,0.0,0,0.0,0,0.0,1,0.1
7757,20,0,0.0,0,0.0,0,0.0,1,0.1
7757,0,1,1.0,1,1.0,1,0.5,1,0.1
7757,0,1,1.0,1,1.0,1,0.5,1,0.1
7757,20,0,0.0,0,0.0,0,0.0,1,0.1
7778,59,0,0.0,0,0.0,0,0.0,0,0.0
7778,94,0,0.0,0,0.0,0,0.0,0,0.0
7778,289,0,0.0,0,0.0,0,0.0,0,0.0
7778,1368,0,0.0,0,0.0,0,0.0,0,0.0
7778,120,0,0.0,0,0.0,0,0.0,0,0.0
7780,5,0,0.0,0,0.0,1,0.5,1,0.1
7780,23,0,0.0,0,0.0,0,0.0,1,0.1
7780,34,0,0.0,0,0.0,0,0.0,1,0.1
7780,81,0,0.0,0,0.0,0,0.0,0,0.0
7780,58,0,0.0,0,0.0,0,0.0,0,0.0
7804,15,0,0.0,0,0.0,0,0.0,1,0.1
7804,30,0,0.0,0,0.0,0,0.0,1,0.1
7804,15,0,0.0,0,0.0,0,0.0,1,0.1
7804,10,0,0.0,0,0.0,0,0.0,1,0.1
7804,25,0,0.0,0,0.0,0,0.0,1,0.1
7805,35,0,0.0,0,0.0,0,0.0,1,0.08
7805,29,0,0.0,0,0.0,0,0.0,1,0.08
7805,536,0,0.0,0,0.0,0,0.0,0,0.0
7805,80,0,0.0,0,0.0,0,0.0,0,0.0
7809,160,0,0.0,0,0.0,0,0.0,0,0.0
7809,47,0,0.0,0,0.0,0,0.0,1,0.06
7809,63,0,0.0,0,0.0,0,0.0,0,0.0
7809,0,1,1.0,1,1.0,1,0.5,1,0.1
7809,115,0,0.0,0,0.0,0,0.0,0,0.0
7825,0,1,1.0,1,1.0,1,0.5,1,0.1
7825,0,1,1.0,1,1.0,1,0.5,1,0.1
7825,0,1,1.0,1,1.0,1,0.5,1,0.1
7825,0,1,1.0,1,1.0,1,0.5,1,0.1
7825,0,1,1.0,1,1.0,1,0.5,1,0.1
7832,37,0,0.0,0,0.0,0,0.0,1,0.1
7832,119,0,0.0,0,0.0,0,0.0,0,0.0
7832,138,0,0.0,0,0.0,0,0.0,0,0.0
7832,134,0,0.0,0,0.0,0,0.0,0,0.0
7832,92,0,0.0,0,0.0,0,0.0,0,0.0
7851,436,0,0.0,0,0.0,0,0.0,0,0.0
7851,54,0,0.0,0,0.0,0,0.0,0,0.0
7851,25,0,0.0,0,0.0,0,0.0,1,0.1
7851,69,0,0.0,0,0.0,0,0.0,0,0.0
7851,59,0,0.0,0,0.0,0,0.0,0,0.0
7853,49,0,0.0,0,0.0,0,0.0,1,0.02
7853,44,0,0.0,0,0.0,0,0.0,1,0.1
7853,55,0,0.0,0,0.0,0,0.0,0,0.0
7853,44,0,0.0,0,0.0,0,0.0,1,0.1
7853,34,0,0.0,0,0.0,0,0.0,1,0.1
7862,138,0,0.0,0,0.0,0,0.0,0,0.0
7862,107,0,0.0,0,0.0,0,0.0,0,0.0
7862,34,0,0.0,0,0.0,0,0.0,1,0.1
7862,25,0,0.0,0,0.0,0,0.0,1,0.1
7862,230,0,0.0,0,0.0,0,0.0,0,0.0
7867,58,0,0.0,0,0.0,0,0.0,0,0.0
7867,45,0,0.0,0,0.0,0,0.0,1,0.1
7867,49,0,0.0,0,0.0,0,0.0,1,0.02
7867,49,0,0.0,0,0.0,0,0.0,1,0.02
7867,48,0,0.0,0,0.0,0,0.0,1,0.04
7868,34,0,0.0,0,0.0,0,0.0,1,0.1
7868,160,0,0.0,0,0.0,0,0.0,0,0.0
7868,227,0,0.0,0,0.0,0,0.0,0,0.0
7868,44,0,0.0,0,0.0,0,0.0,1,0.1
7868,170,0,0.0,0,0.0,0,0.0,0,0.0
7880,34,0,0.0,0,0.0,0,0.0,1,0.1
7880,147,0,0.0,0,0.0,0,0.0,0,0.0
7880,87,0,0.0,0,0.0,0,0.0,0,0.0
7880,175,0,0.0,0,0.0,0,0.0,0,0.0
7880,231,0,0.0,0,0.0,0,0.0,0,0.0
7881,25,0,0.0,0,0.0,0,0.0,1,0.1
7881,20,0,0.0,0,0.0,0,0.0,1,0.1
7881,25,0,0.0,0,0.0,0,0.0,1,0.1
7881,38,0,0.0,0,0.0,0,0.0,1,0.1
7881,30,0,0.0,0,0.0,0,0.0,1,0.1
7883,93,0,0.0,0,0.0,0,0.0,0,0.0
7883,26,0,0.0,0,0.0,0,0.0,1,0.1
7883,0,1,1.0,1,1.0,1,0.5,1,0.1
7883,155,0,0.0,0,0.0,0,0.0,0,0.0
7883,19,0,0.0,0,0.0,0,0.0,1,0.1
7892,243,0,0.0,0,0.0,0,0.0,0,0.0
7892,150,0,0.0,0,0.0,0,0.0,0,0.0
7892,106,0,0.0,0,0.0,0,0.0,0,0.0
7892,23,0,0.0,0,0.0,0,0.0,1,0.1
7892,330,0,0.0,0,0.0,0,0.0,0,0.0
7902,136,0,0.0,0,0.0,0,0.0,0,0.0
7902,0,1,1.0,1,1.0,1,0.5,1,0.1
7902,28,0,0.0,0,0.0,0,0.0,1,0.1
7902,157,0,0.0,0,0.0,0,0.0,0,0.0
7902,28,0,0.0,0,0.0,0,0.0,1,0.1
7912,1086,0,0.0,0,0.0,0,0.0,0,0.0
7912,609,0,0.0,0,0.0,0,0.0,0,0.0
7912,205,0,0.0,0,0.0,0,0.0,0,0.0
7912,195,0,0.0,0,0.0,0,0.0,0,0.0
7912,294,0,0.0,0,0.0,0,0.0,0,0.0
7937,0,1,1.0,1,1.0,1,0.5,1,0.1
7937,39,0,0.0,0,0.0,0,0.0,1,0.1
7937,116,0,0.0,0,0.0,0,0.0,0,0.0
7937,23,0,0.0,0,0.0,0,0.0,1,0.1
7937,53,0,0.0,0,0.0,0,0.0,0,0.0
7973,126,0,0.0,0,0.0,0,0.0,0,0.0
7973,121,0,0.0,0,0.0,0,0.0,0,0.0
7973,734,0,0.0,0,0.0,0,0.0,0,0.0
7973,118,0,0.0,0,0.0,0,0.0,0,0.0
7973,354,0,0.0,0,0.0,0,0.0,0,0.0
7975,24,0,0.0,0,0.0,0,0.0,1,0.1
7975,259,0,0.0,0,0.0,0,0.0,0,0.0
7975,10,0,0.0,0,0.0,0,0.0,1,0.1
7975,39,0,0.0,0,0.0,0,0.0,1,0.1
7975,0,1,1.0,1,1.0,1,0.5,1,0.1
7976,179,0,0.0,0,0.0,0,0.0,0,0.0
7976,15,0,0.0,0,0.0,0,0.0,1,0.08
7976,948,0,0.0,0,0.0,0,0.0,0,0.0
7976,35,0,0.0,0,0.0,0,0.0,1,0.08
7982,84,0,0.0,0,0.0,0,0.0,0,0.0
7982,156,0,0.0,0,0.0,0,0.0,0,0.0
7982,86,0,0.0,0,0.0,0,0.0,0,0.0
7982,85,0,0.0,0,0.0,0,0.0,0,0.0
7983,0,1,1.0,1,1.0,1,0.5,1,0.1
7983,0,1,1.0,1,1.0,1,0.5,1,0.1
7983,0,1,1.0,1,1.0,1,0.5,1,0.1
7983,0,1,1.0,1,1.0,1,0.5,1,0.1
7983,0,1,1.0,1,1.0,1,0.5,1,0.1
7984,298,0,0.0,0,0.0,0,0.0,0,0.0
7984,5,0,0.0,0,0.0,1,0.5,1,0.1
7984,91,0,0.0,0,0.0,0,0.0,0,0.0
7984,136,0,0.0,0,0.0,0,0.0,0,0.0
7984,245,0,0.0,0,0.0,0,0.0,0,0.0
7993,419,0,0.0,0,0.0,0,0.0,0,0.0
7993,5,0,0.0,0,0.0,1,0.5,1,0.1
7993,179,0,0.0,0,0.0,0,0.0,0,0.0
7993,9,0,0.0,0,0.0,1,0.1,1,0.1
7993,19,0,0.0,0,0.0,0,0.0,1,0.1
8014,29,0,0.0,0,0.0,0,0.0,1,0.1
8014,0,1,1.0,1,1.0,1,0.5,1,0.1
8014,265,0,0.0,0,0.0,0,0.0,0,0.0
8014,34,0,0.0,0,0.0,0,0.0,1,0.1
8014,14,0,0.0,0,0.0,0,0.0,1,0.1
8025,45,0,0.0,0,0.0,0,0.0,1,0.1
8025,0,1,1.0,1,1.0,1,0.5,1,0.1
8025,10,0,0.0,0,0.0,0,0.0,1,0.1
8025,0,1,1.0,1,1.0,1,0.5,1,0.1
8025,0,1,1.0,1,1.0,1,0.5,1,0.1
8033,112,0,0.0,0,0.0,0,0.0,0,0.0
8033,0,1,1.0,1,1.0,1,0.5,1,0.1
8033,5,0,0.0,0,0.0,1,0.5,1,0.1
8033,282,0,0.0,0,0.0,0,0.0,0,0.0
8033,164,0,0.0,0,0.0,0,0.0,0,0.0
8035,35,0,0.0,0,0.0,0,0.0,1,0.1
8035,373,0,0.0,0,0.0,0,0.0,0,0.0
8035,37,0,0.0,0,0.0,0,0.0,1,0.1
8035,28,0,0.0,0,0.0,0,0.0,1,0.1
8035,35,0,0.0,0,0.0,0,0.0,1,0.1
8066,5,0,0.0,0,0.0,1,0.5,1,0.1
8066,15,0,0.0,0,0.0,0,0.0,1,0.1
8066,55,0,0.0,0,0.0,0,0.0,0,0.0
8066,5,0,0.0,0,0.0,1,0.5,1,0.1
8066,50,0,0.0,0,0.0,0,0.0,0,0.0
8068,265,0,0.0,0,0.0,0,0.0,0,0.0
8068,10,0,0.0,0,0.0,0,0.0,1,0.1
8068,10,0,0.0,0,0.0,0,0.0,1,0.1
8068,40,0,0.0,0,0.0,0,0.0,1,0.1
8068,102,0,0.0,0,0.0,0,0.0,0,0.0
8079,24,0,0.0,0,0.0,0,0.0,1,0.1
8079,10,0,0.0,0,0.0,0,0.0,1,0.1
8079,19,0,0.0,0,0.0,0,0.0,1,0.1
8079,19,0,0.0,0,0.0,0,0.0,1,0.1
8079,24,0,0.0,0,0.0,0,0.0,1,0.1
8108,0,1,1.0,1,1.0,1,0.5,1,0.1
8108,10,0,0.0,0,0.0,0,0.0,1,0.1
8108,0,1,1.0,1,1.0,1,0.5,1,0.1
8108,10,0,0.0,0,0.0,0,0.0,1,0.1
8108,0,1,1.0,1,1.0,1,0.5,1,0.1
8117,99,0,0.0,0,0.0,0,0.0,0,0.0
8117,593,0,0.0,0,0.0,0,0.0,0,0.0
8117,39,0,0.0,0,0.0,0,0.0,1,0.1
8117,298,0,0.0,0,0.0,0,0.0,0,0.0
8117,142,0,0.0,0,0.0,0,0.0,0,0.0
8125,147,0,0.0,0,0.0,0,0.0,0,0.0
8125,0,1,1.0,1,1.0,1,0.5,1,0.1
8125,48,0,0.0,0,0.0,0,0.0,1,0.04
8125,53,0,0.0,0,0.0,0,0.0,0,0.0
8125,35,0,0.0,0,0.0,0,0.0,1,0.1
8126,40,0,0.0,0,0.0,0,0.0,1,0.1
8126,10,0,0.0,0,0.0,0,0.0,1,0.1
8126,0,1,1.0,1,1.0,1,0.5,1,0.1
8126,82,0,0.0,0,0.0,0,0.0,0,0.0
8126,196,0,0.0,0,0.0,0,0.0,0,0.0
8130,9,0,0.0,0,0.0,1,0.1,1,0.1
8130,23,0,0.0,0,0.0,0,0.0,1,0.1
8130,40,0,0.0,0,0.0,0,0.0,1,0.1
8130,450,0,0.0,0,0.0,0,0.0,0,0.0
8130,682,0,0.0,0,0.0,0,0.0,0,0.0
8146,28,0,0.0,0,0.0,0,0.0,1,0.1
8146,41,0,0.0,0,0.0,0,0.0,1,0.1
8146,99,0,0.0,0,0.0,0,0.0,0,0.0
8146,5,0,0.0,0,0.0,1,0.5,1,0.1
8146,172,0,0.0,0,0.0,0,0.0,0,0.0
8172,267,0,0.0,0,0.0,0,0.0,0,0.0
8172,40,0,0.0,0,0.0,0,0.0,1,0.1
8172,101,0,0.0,0,0.0,0,0.0,0,0.0
8172,57,0,0.0,0,0.0,0,0.0,0,0.0
8172,93,0,0.0,0,0.0,0,0.0,0,0.0
8174,23,0,0.0,0,0.0,0,0.0,1,0.1
8174,30,0,0.0,0,0.0,0,0.0,1,0.1
8174,35,0,0.0,0,0.0,0,0.0,1,0.1
8174,10,0,0.0,0,0.0,0,0.0,1,0.1
8174,5,0,0.0,0,0.0,1,0.5,1,0.1
8183,29,0,0.0,0,0.0,0,0.0,1,0.1
8183,37,0,0.0,0,0.0,0,0.0,1,0.1
8183,68,0,0.0,0,0.0,0,0.0,0,0.0
8183,43,0,0.0,0,0.0,0,0.0,1,0.1
8183,63,0,0.0,0,0.0,0,0.0,0,0.0
8184,4,0,0.0,1,0.2,1,0.5,1,0.1
8184,22,0,0.0,0,0.0,0,0.0,1,0.1
8184,133,0,0.0,0,0.0,0,0.0,0,0.0
8184,50,0,0.0,0,0.0,0,0.0,0,0.0
8184,85,0,0.0,0,0.0,0,0.0,0,0.0
8187,0,1,1.0,1,0.8,1,0.4,1,0.08
8187,199,0,0.0,0,0.0,0,0.0,0,0.0
8187,170,0,0.0,0,0.0,0,0.0,0,0.0
8187,159,0,0.0,0,0.0,0,0.0,0,0.0
8192,580,0,0.0,0,0.0,0,0.0,0,0.0
8192,10,0,0.0,0,0.0,0,0.0,1,0.06
8192,140,0,0.0,0,0.0,0,0.0,0,0.0
8197,10,0,0.0,0,0.0,0,0.0,1,0.1
8197,684,0,0.0,0,0.0,0,0.0,0,0.0
8197,15,0,0.0,0,0.0,0,0.0,1,0.1
8197,36,0,0.0,0,0.0,0,0.0,1,0.1
8197,99,0,0.0,0,0.0,0,0.0,0,0.0
8201,50,0,0.0,0,0.0,0,0.0,0,0.0
8201,0,1,1.0,1,1.0,1,0.5,1,0.1
8201,118,0,0.0,0,0.0,0,0.0,0,0.0
8201,24,0,0.0,0,0.0,0,0.0,1,0.1
8201,109,0,0.0,0,0.0,0,0.0,0,0.0
8215,621,0,0.0,0,0.0,0,0.0,0,0.0
8215,119,0,0.0,0,0.0,0,0.0,0,0.0
8215,416,0,0.0,0,0.0,0,0.0,0,0.0
8215,159,0,0.0,0,0.0,0,0.0,0,0.0
8215,174,0,0.0,0,0.0,0,0.0,0,0.0
8218,74,0,0.0,0,0.0,0,0.0,0,0.0
8218,248,0,0.0,0,0.0,0,0.0,0,0.0
8218,195,0,0.0,0,0.0,0,0.0,0,0.0
8218,127,0,0.0,0,0.0,0,0.0,0,0.0
8218,120,0,0.0,0,0.0,0,0.0,0,0.0
8248,76,0,0.0,0,0.0,0,0.0,0,0.0
8248,106,0,0.0,0,0.0,0,0.0,0,0.0
8248,74,0,0.0,0,0.0,0,0.0,0,0.0
8248,144,0,0.0,0,0.0,0,0.0,0,0.0
8249,1009,0,0.0,0,0.0,0,0.0,0,0.0
8249,867,0,0.0,0,0.0,0,0.0,0,0.0
8249,5,0,0.0,0,0.0,1,0.3,1,0.06
8251,25,0,0.0,0,0.0,0,0.0,1,0.1
8251,45,0,0.0,0,0.0,0,0.0,1,0.1
8251,25,0,0.0,0,0.0,0,0.0,1,0.1
8251,25,0,0.0,0,0.0,0,0.0,1,0.1
8251,45,0,0.0,0,0.0,0,0.0,1,0.1
8255,106,0,0.0,0,0.0,0,0.0,0,0.0
8255,0,1,1.0,1,0.6,1,0.3,1,0.06
8255,552,0,0.0,0,0.0,0,0.0,0,0.0
8274,34,0,0.0,0,0.0,0,0.0,1,0.1
8274,214,0,0.0,0,0.0,0,0.0,0,0.0
8274,539,0,0.0,0,0.0,0,0.0,0,0.0
8274,74,0,0.0,0,0.0,0,0.0,0,0.0
8274,9,0,0.0,0,0.0,1,0.1,1,0.1
8288,19,0,0.0,0,0.0,0,0.0,1,0.1
8288,5,0,0.0,0,0.0,1,0.5,1,0.1
8288,496,0,0.0,0,0.0,0,0.0,0,0.0
8288,253,0,0.0,0,0.0,0,0.0,0,0.0
8288,5,0,0.0,0,0.0,1,0.5,1,0.1
8308,35,0,0.0,0,0.0,0,0.0,1,0.1
8308,19,0,0.0,0,0.0,0,0.0,1,0.1
8308,5,0,0.0,0,0.0,1,0.5,1,0.1
8308,15,0,0.0,0,0.0,0,0.0,1,0.1
8308,44,0,0.0,0,0.0,0,0.0,1,0.1
8310,4,0,0.0,1,0.2,1,0.5,1,0.1
8310,20,0,0.0,0,0.0,0,0.0,1,0.1
8310,30,0,0.0,0,0.0,0,0.0,1,0.1
8310,15,0,0.0,0,0.0,0,0.0,1,0.1
8310,287,0,0.0,0,0.0,0,0.0,0,0.0
8311,295,0,0.0,0,0.0,0,0.0,0,0.0
8311,473,0,0.0,0,0.0,0,0.0,0,0.0
8311,236,0,0.0,0,0.0,0,0.0,0,0.0
8311,323,0,0.0,0,0.0,0,0.0,0,0.0
8311,335,0,0.0,0,0.0,0,0.0,0,0.0
8319,9,0,0.0,0,0.0,1,0.1,1,0.1
8319,9,0,0.0,0,0.0,1,0.1,1,0.1
8319,9,0,0.0,0,0.0,1,0.1,1,0.1
8319,13,0,0.0,0,0.0,0,0.0,1,0.1
8319,13,0,0.0,0,0.0,0,0.0,1,0.1
8323,181,0,0.0,0,0.0,0,0.0,0,0.0
8323,24,0,0.0,0,0.0,0,0.0,1,0.1
8323,339,0,0.0,0,0.0,0,0.0,0,0.0
8323,140,0,0.0,0,0.0,0,0.0,0,0.0
8323,8,0,0.0,0,0.0,1,0.2,1,0.1
8331,20,0,0.0,0,0.0,0,0.0,1,0.08
8331,60,0,0.0,0,0.0,0,0.0,0,0.0
8331,43,0,0.0,0,0.0,0,0.0,1,0.08
8331,65,0,0.0,0,0.0,0,0.0,0,0.0
8338,10,0,0.0,0,0.0,0,0.0,1,0.1
8338,10,0,0.0,0,0.0,0,0.0,1,0.1
8338,10,0,0.0,0,0.0,0,0.0,1,0.1
8338,10,0,0.0,0,0.0,0,0.0,1,0.1
8338,106,0,0.0,0,0.0,0,0.0,0,0.0
8358,9,0,0.0,0,0.0,1,0.1,1,0.08
8358,27,0,0.0,0,0.0,0,0.0,1,0.08
8358,14,0,0.0,0,0.0,0,0.0,1,0.08
8358,27,0,0.0,0,0.0,0,0.0,1,0.08
8359,130,0,0.0,0,0.0,0,0.0,0,0.0
8359,74,0,0.0,0,0.0,0,0.0,0,0.0
8359,220,0,0.0,0,0.0,0,0.0,0,0.0
8359,70,0,0.0,0,0.0,0,0.0,0,0.0
8363,158,0,0.0,0,0.0,0,0.0,0,0.0
8363,14,0,0.0,0,0.0,0,0.0,1,0.1
8363,44,0,0.0,0,0.0,0,0.0,1,0.1
8363,96,0,0.0,0,0.0,0,0.0,0,0.0
8363,173,0,0.0,0,0.0,0,0.0,0,0.0
8372,163,0,0.0,0,0.0,0,0.0,0,0.0
8372,323,0,0.0,0,0.0,0,0.0,0,0.0
8372,643,0,0.0,0,0.0,0,0.0,0,0.0
8372,229,0,0.0,0,0.0,0,0.0,0,0.0
8374,18,0,0.0,0,0.0,0,0.0,1,0.06
8374,29,0,0.0,0,0.0,0,0.0,1,0.06
8374,19,0,0.0,0,0.0,0,0.0,1,0.06
8379,39,0,0.0,0,0.0,0,0.0,1,0.04
8379,0,1,1.0,1,0.4,1,0.2,1,0.04
8381,45,0,0.0,0,0.0,0,0.0,1,0.1
8381,10,0,0.0,0,0.0,0,0.0,1,0.1
8381,10,0,0.0,0,0.0,0,0.0,1,0.1
8381,0,1,1.0,1,1.0,1,0.5,1,0.1
8381,10,0,0.0,0,0.0,0,0.0,1,0.1
8387,30,0,0.0,0,0.0,0,0.0,1,0.1
8387,0,1,1.0,1,1.0,1,0.5,1,0.1
8387,5,0,0.0,0,0.0,1,0.5,1,0.1
8387,5,0,0.0,0,0.0,1,0.5,1,0.1
8387,182,0,0.0,0,0.0,0,0.0,0,0.0
8409,49,0,0.0,0,0.0,0,0.0,1,0.02
8409,20,0,0.0,0,0.0,0,0.0,1,0.1
8409,35,0,0.0,0,0.0,0,0.0,1,0.1
8409,20,0,0.0,0,0.0,0,0.0,1,0.1
8409,0,1,1.0,1,1.0,1,0.5,1,0.1
8416,20,0,0.0,0,0.0,0,0.0,1,0.1
8416,25,0,0.0,0,0.0,0,0.0,1,0.1
8416,594,0,0.0,0,0.0,0,0.0,0,0.0
8416,10,0,0.0,0,0.0,0,0.0,1,0.1
8416,25,0,0.0,0,0.0,0,0.0,1,0.1
8434,210,0,0.0,0,0.0,0,0.0,0,0.0
8434,33,0,0.0,0,0.0,0,0.0,1,0.08
8434,76,0,0.0,0,0.0,0,0.0,0,0.0
8434,739,0,0.0,0,0.0,0,0.0,0,0.0
8436,36,0,0.0,0,0.0,0,0.0,1,0.1
8436,8,0,0.0,0,0.0,1,0.2,1,0.1
8436,5,0,0.0,0,0.0,1,0.5,1,0.1
8436,0,1,1.0,1,1.0,1,0.5,1,0.1
8436,45,0,0.0,0,0.0,0,0.0,1,0.1
8440,772,0,0.0,0,0.0,0,0.0,0,0.0
8440,161,0,0.0,0,0.0,0,0.0,0,0.0
8440,33,0,0.0,0,0.0,0,0.0,1,0.08
8440,347,0,0.0,0,0.0,0,0.0,0,0.0
8458,875,0,0.0,0,0.0,0,0.0,0,0.0
8458,153,0,0.0,0,0.0,0,0.0,0,0.0
8458,62,0,0.0,0,0.0,0,0.0,0,0.0
8458,35,0,0.0,0,0.0,0,0.0,1,0.1
8458,121,0,0.0,0,0.0,0,0.0,0,0.0
8465,272,0,0.0,0,0.0,0,0.0,0,0.0
8465,117,0,0.0,0,0.0,0,0.0,0,0.0
8465,182,0,0.0,0,0.0,0,0.0,0,0.0
8465,199,0,0.0,0,0.0,0,0.0,0,0.0
8465,105,0,0.0,0,0.0,0,0.0,0,0.0
8488,0,1,1.0,1,1.0,1,0.5,1,0.1
8488,0,1,1.0,1,1.0,1,0.5,1,0.1
8488,0,1,1.0,1,1.0,1,0.5,1,0.1
8488,0,1,1.0,1,1.0,1,0.5,1,0.1
8488,10,0,0.0,0,0.0,0,0.0,1,0.1
8493,235,0,0.0,0,0.0,0,0.0,0,0.0
8493,384,0,0.0,0,0.0,0,0.0,0,0.0
8493,40,0,0.0,0,0.0,0,0.0,1,0.1
8493,50,0,0.0,0,0.0,0,0.0,0,0.0
8493,291,0,0.0,0,0.0,0,0.0,0,0.0
8497,84,0,0.0,0,0.0,0,0.0,0,0.0
8497,5,0,0.0,0,0.0,1,0.5,1,0.1
8497,10,0,0.0,0,0.0,0,0.0,1,0.1
8497,10,0,0.0,0,0.0,0,0.0,1,0.1
8497,15,0,0.0,0,0.0,0,0.0,1,0.1
8499,13,0,0.0,0,0.0,0,0.0,1,0.08
8499,13,0,0.0,0,0.0,0,0.0,1,0.08
8499,8,0,0.0,0,0.0,1,0.2,1,0.08
8499,1090,0,0.0,0,0.0,0,0.0,0,0.0
8503,662,0,0.0,0,0.0,0,0.0,0,0.0
8503,52,0,0.0,0,0.0,0,0.0,0,0.0
8503,20,0,0.0,0,0.0,0,0.0,1,0.06
8514,9,0,0.0,0,0.0,1,0.1,1,0.06
8514,87,0,0.0,0,0.0,0,0.0,0,0.0
8514,1688,0,0.0,0,0.0,0,0.0,0,0.0
8515,64,0,0.0,0,0.0,0,0.0,0,0.0
8515,65,0,0.0,0,0.0,0,0.0,0,0.0
8515,99,0,0.0,0,0.0,0,0.0,0,0.0
8516,20,0,0.0,0,0.0,0,0.0,1,0.06
8516,765,0,0.0,0,0.0,0,0.0,0,0.0
8516,801,0,0.0,0,0.0,0,0.0,0,0.0
