text_idx,gt_rank,recall@1,precision@1,recall@5,precision@5,recall@10,precision@10,recall@50,precision@50
1,462,0,0.0,0,0.0,0,0.0,0,0.0
1,366,0,0.0,0,0.0,0,0.0,0,0.0
1,293,0,0.0,0,0.0,0,0.0,0,0.0
1,201,0,0.0,0,0.0,0,0.0,0,0.0
1,58,0,0.0,0,0.0,0,0.0,0,0.0
15,2557,0,0.0,0,0.0,0,0.0,0,0.0
15,1282,0,0.0,0,0.0,0,0.0,0,0.0
15,189,0,0.0,0,0.0,0,0.0,0,0.0
15,720,0,0.0,0,0.0,0,0.0,0,0.0
15,399,0,0.0,0,0.0,0,0.0,0,0.0
30,527,0,0.0,0,0.0,0,0.0,0,0.0
30,455,0,0.0,0,0.0,0,0.0,0,0.0
30,59,0,0.0,0,0.0,0,0.0,0,0.0
30,915,0,0.0,0,0.0,0,0.0,0,0.0
30,914,0,0.0,0,0.0,0,0.0,0,0.0
40,257,0,0.0,0,0.0,0,0.0,0,0.0
40,81,0,0.0,0,0.0,0,0.0,0,0.0
40,554,0,0.0,0,0.0,0,0.0,0,0.0
40,628,0,0.0,0,0.0,0,0.0,0,0.0
40,419,0,0.0,0,0.0,0,0.0,0,0.0
52,2896,0,0.0,0,0.0,0,0.0,0,0.0
52,982,0,0.0,0,0.0,0,0.0,0,0.0
52,618,0,0.0,0,0.0,0,0.0,0,0.0
52,796,0,0.0,0,0.0,0,0.0,0,0.0
52,567,0,0.0,0,0.0,0,0.0,0,0.0
59,1602,0,0.0,0,0.0,0,0.0,0,0.0
59,3341,0,0.0,0,0.0,0,0.0,0,0.0
59,852,0,0.0,0,0.0,0,0.0,0,0.0
59,93,0,0.0,0,0.0,0,0.0,0,0.0
59,823,0,0.0,0,0.0,0,0.0,0,0.0
70,1076,0,0.0,0,0.0,0,0.0,0,0.0
70,2887,0,0.0,0,0.0,0,0.0,0,0.0
70,79,0,0.0,0,0.0,0,0.0,0,0.0
70,863,0,0.0,0,0.0,0,0.0,0,0.0
70,424,0,0.0,0,0.0,0,0.0,0,0.0
98,1563,0,0.0,0,0.0,0,0.0,0,0.0
98,1412,0,0.0,0,0.0,0,0.0,0,0.0
98,970,0,0.0,0,0.0,0,0.0,0,0.0
98,1264,0,0.0,0,0.0,0,0.0,0,0.0
98,926,0,0.0,0,0.0,0,0.0,0,0.0
108,397,0,0.0,0,0.0,0,0.0,0,0.0
108,554,0,0.0,0,0.0,0,0.0,0,0.0
108,507,0,0.0,0,0.0,0,0.0,0,0.0
108,460,0,0.0,0,0.0,0,0.0,0,0.0
108,383,0,0.0,0,0.0,0,0.0,0,0.0
120,403,0,0.0,0,0.0,0,0.0,0,0.0
120,807,0,0.0,0,0.0,0,0.0,0,0.0
120,658,0,0.0,0,0.0,0,0.0,0,0.0
120,383,0,0.0,0,0.0,0,0.0,0,0.0
120,500,0,0.0,0,0.0,0,0.0,0,0.0
121,362,0,0.0,0,0.0,0,0.0,0,0.0
121,375,0,0.0,0,0.0,0,0.0,0,0.0
121,362,0,0.0,0,0.0,0,0.0,0,0.0
121,437,0,0.0,0,0.0,0,0.0,0,0.0
121,486,0,0.0,0,0.0,0,0.0,0,0.0
123,366,0,0.0,0,0.0,0,0.0,0,0.0
123,3021,0,0.0,0,0.0,0,0.0,0,0.0
123,1399,0,0.0,0,0.0,0,0.0,0,0.0
123,3904,0,0.0,0,0.0,0,0.0,0,0.0
123,2540,0,0.0,0,0.0,0,0.0,0,0.0
126,377,0,0.0,0,0.0,0,0.0,0,0.0
126,66,0,0.0,0,0.0,0,0.0,0,0.0
126,510,0,0.0,0,0.0,0,0.0,0,0.0
126,395,0,0.0,0,0.0,0,0.0,0,0.0
126,450,0,0.0,0,0.0,0,0.0,0,0.0
129,289,0,0.0,0,0.0,0,0.0,0,0.0
129,529,0,0.0,0,0.0,0,0.0,0,0.0
129,276,0,0.0,0,0.0,0,0.0,0,0.0
129,29,0,0.0,0,0.0,0,0.0,1,0.1
129,10,0,0.0,0,0.0,0,0.0,1,0.1
168,0,1,1.0,1,1.0,1,0.5,1,0.1
168,5,0,0.0,0,0.0,1,0.5,1,0.1
168,20,0,0.0,0,0.0,0,0.0,1,0.1
168,15,0,0.0,0,0.0,0,0.0,1,0.1
168,107,0,0.0,0,0.0,0,0.0,0,0.0
201,161,0,0.0,0,0.0,0,0.0,0,0.0
201,510,0,0.0,0,0.0,0,0.0,0,0.0
201,190,0,0.0,0,0.0,0,0.0,0,0.0
201,230,0,0.0,0,0.0,0,0.0,0,0.0
201,287,0,0.0,0,0.0,0,0.0,0,0.0
204,192,0,0.0,0,0.0,0,0.0,0,0.0
204,131,0,0.0,0,0.0,0,0.0,0,0.0
204,250,0,0.0,0,0.0,0,0.0,0,0.0
204,1444,0,0.0,0,0.0,0,0.0,0,0.0
204,303,0,0.0,0,0.0,0,0.0,0,0.0
212,2956,0,0.0,0,0.0,0,0.0,0,0.0
212,89,0,0.0,0,0.0,0,0.0,0,0.0
212,199,0,0.0,0,0.0,0,0.0,0,0.0
212,1768,0,0.0,0,0.0,0,0.0,0,0.0
212,176,0,0.0,0,0.0,0,0.0,0,0.0
217,34,0,0.0,0,0.0,0,0.0,1,0.1
217,384,0,0.0,0,0.0,0,0.0,0,0.0
217,33,0,0.0,0,0.0,0,0.0,1,0.1
217,293,0,0.0,0,0.0,0,0.0,0,0.0
217,567,0,0.0,0,0.0,0,0.0,0,0.0
223,193,0,0.0,0,0.0,0,0.0,0,0.0
223,1093,0,0.0,0,0.0,0,0.0,0,0.0
223,326,0,0.0,0,0.0,0,0.0,0,0.0
223,235,0,0.0,0,0.0,0,0.0,0,0.0
223,2206,0,0.0,0,0.0,0,0.0,0,0.0
234,49,0,0.0,0,0.0,0,0.0,1,0.02
234,34,0,0.0,0,0.0,0,0.0,1,0.1
234,10,0,0.0,0,0.0,0,0.0,1,0.1
234,39,0,0.0,0,0.0,0,0.0,1,0.1
234,65,0,0.0,0,0.0,0,0.0,0,0.0
239,1009,0,0.0,0,0.0,0,0.0,0,0.0
239,323,0,0.0,0,0.0,0,0.0,0,0.0
239,249,0,0.0,0,0.0,0,0.0,0,0.0
239,3521,0,0.0,0,0.0,0,0.0,0,0.0
248,525,0,0.0,0,0.0,0,0.0,0,0.0
248,200,0,0.0,0,0.0,0,0.0,0,0.0
248,105,0,0.0,0,0.0,0,0.0,0,0.0
248,3685,0,0.0,0,0.0,0,0.0,0,0.0
248,1451,0,0.0,0,0.0,0,0.0,0,0.0
254,805,0,0.0,0,0.0,0,0.0,0,0.0
254,351,0,0.0,0,0.0,0,0.0,0,0.0
254,810,0,0.0,0,0.0,0,0.0,0,0.0
254,151,0,0.0,0,0.0,0,0.0,0,0.0
254,832,0,0.0,0,0.0,0,0.0,0,0.0
266,241,0,0.0,0,0.0,0,0.0,0,0.0
266,605,0,0.0,0,0.0,0,0.0,0,0.0
266,71,0,0.0,0,0.0,0,0.0,0,0.0
266,550,0,0.0,0,0.0,0,0.0,0,0.0
266,2391,0,0.0,0,0.0,0,0.0,0,0.0
301,821,0,0.0,0,0.0,0,0.0,0,0.0
301,441,0,0.0,0,0.0,0,0.0,0,0.0
301,242,0,0.0,0,0.0,0,0.0,0,0.0
301,1743,0,0.0,0,0.0,0,0.0,0,0.0
301,3838,0,0.0,0,0.0,0,0.0,0,0.0
306,340,0,0.0,0,0.0,0,0.0,0,0.0
306,350,0,0.0,0,0.0,0,0.0,0,0.0
306,0,1,1.0,1,0.8,1,0.4,1,0.08
306,10,0,0.0,0,0.0,0,0.0,1,0.08
323,5,0,0.0,0,0.0,1,0.5,1,0.1
323,1703,0,0.0,0,0.0,0,0.0,0,0.0
323,30,0,0.0,0,0.0,0,0.0,1,0.1
323,10,0,0.0,0,0.0,0,0.0,1,0.1
323,69,0,0.0,0,0.0,0,0.0,0,0.0
341,2905,0,0.0,0,0.0,0,0.0,0,0.0
341,2684,0,0.0,0,0.0,0,0.0,0,0.0
341,360,0,0.0,0,0.0,0,0.0,0,0.0
341,1283,0,0.0,0,0.0,0,0.0,0,0.0
341,2636,0,0.0,0,0.0,0,0.0,0,0.0
345,1851,0,0.0,0,0.0,0,0.0,0,0.0
345,585,0,0.0,0,0.0,0,0.0,0,0.0
345,1126,0,0.0,0,0.0,0,0.0,0,0.0
345,655,0,0.0,0,0.0,0,0.0,0,0.0
345,325,0,0.0,0,0.0,0,0.0,0,0.0
348,258,0,0.0,0,0.0,0,0.0,0,0.0
348,19,0,0.0,0,0.0,0,0.0,1,0.08
348,63,0,0.0,0,0.0,0,0.0,0,0.0
348,1192,0,0.0,0,0.0,0,0.0,0,0.0
363,3602,0,0.0,0,0.0,0,0.0,0,0.0
363,261,0,0.0,0,0.0,0,0.0,0,0.0
363,314,0,0.0,0,0.0,0,0.0,0,0.0
363,1120,0,0.0,0,0.0,0,0.0,0,0.0
375,990,0,0.0,0,0.0,0,0.0,0,0.0
375,400,0,0.0,0,0.0,0,0.0,0,0.0
375,214,0,0.0,0,0.0,0,0.0,0,0.0
375,112,0,0.0,0,0.0,0,0.0,0,0.0
375,338,0,0.0,0,0.0,0,0.0,0,0.0
391,777,0,0.0,0,0.0,0,0.0,0,0.0
391,2363,0,0.0,0,0.0,0,0.0,0,0.0
391,1948,0,0.0,0,0.0,0,0.0,0,0.0
391,513,0,0.0,0,0.0,0,0.0,0,0.0
391,1048,0,0.0,0,0.0,0,0.0,0,0.0
394,454,0,0.0,0,0.0,0,0.0,0,0.0
394,46,0,0.0,0,0.0,0,0.0,1,0.08
394,90,0,0.0,0,0.0,0,0.0,0,0.0
394,39,0,0.0,0,0.0,0,0.0,1,0.08
401,1857,0,0.0,0,0.0,0,0.0,0,0.0
401,9,0,0.0,0,0.0,1,0.1,1,0.1
401,1733,0,0.0,0,0.0,0,0.0,0,0.0
401,136,0,0.0,0,0.0,0,0.0,0,0.0
401,2943,0,0.0,0,0.0,0,0.0,0,0.0
409,297,0,0.0,0,0.0,0,0.0,0,0.0
409,623,0,0.0,0,0.0,0,0.0,0,0.0
409,377,0,0.0,0,0.0,0,0.0,0,0.0
409,322,0,0.0,0,0.0,0,0.0,0,0.0
421,394,0,0.0,0,0.0,0,0.0,0,0.0
421,344,0,0.0,0,0.0,0,0.0,0,0.0
421,1481,0,0.0,0,0.0,0,0.0,0,0.0
421,441,0,0.0,0,0.0,0,0.0,0,0.0
421,1281,0,0.0,0,0.0,0,0.0,0,0.0
423,24,0,0.0,0,0.0,0,0.0,1,0.1
423,13,0,0.0,0,0.0,0,0.0,1,0.1
423,5,0,0.0,0,0.0,1,0.5,1,0.1
423,0,1,1.0,1,1.0,1,0.5,1,0.1
423,77,0,0.0,0,0.0,0,0.0,0,0.0
424,228,0,0.0,0,0.0,0,0.0,0,0.0
424,632,0,0.0,0,0.0,0,0.0,0,0.0
424,1402,0,0.0,0,0.0,0,0.0,0,0.0
424,1749,0,0.0,0,0.0,0,0.0,0,0.0
424,1022,0,0.0,0,0.0,0,0.0,0,0.0
426,942,0,0.0,0,0.0,0,0.0,0,0.0
426,989,0,0.0,0,0.0,0,0.0,0,0.0
426,799,0,0.0,0,0.0,0,0.0,0,0.0
426,1181,0,0.0,0,0.0,0,0.0,0,0.0
426,763,0,0.0,0,0.0,0,0.0,0,0.0
428,10,0,0.0,0,0.0,0,0.0,1,0.08
428,20,0,0.0,0,0.0,0,0.0,1,0.08
428,0,1,1.0,1,0.8,1,0.4,1,0.08
428,0,1,1.0,1,0.8,1,0.4,1,0.08
438,10,0,0.0,0,0.0,0,0.0,1,0.1
438,251,0,0.0,0,0.0,0,0.0,0,0.0
438,134,0,0.0,0,0.0,0,0.0,0,0.0
438,10,0,0.0,0,0.0,0,0.0,1,0.1
438,148,0,0.0,0,0.0,0,0.0,0,0.0
444,552,0,0.0,0,0.0,0,0.0,0,0.0
444,1659,0,0.0,0,0.0,0,0.0,0,0.0
444,810,0,0.0,0,0.0,0,0.0,0,0.0
444,1633,0,0.0,0,0.0,0,0.0,0,0.0
444,439,0,0.0,0,0.0,0,0.0,0,0.0
447,393,0,0.0,0,0.0,0,0.0,0,0.0
447,73,0,0.0,0,0.0,0,0.0,0,0.0
447,1213,0,0.0,0,0.0,0,0.0,0,0.0
447,629,0,0.0,0,0.0,0,0.0,0,0.0
447,221,0,0.0,0,0.0,0,0.0,0,0.0
448,2004,0,0.0,0,0.0,0,0.0,0,0.0
448,1289,0,0.0,0,0.0,0,0.0,0,0.0
448,1035,0,0.0,0,0.0,0,0.0,0,0.0
448,3726,0,0.0,0,0.0,0,0.0,0,0.0
461,114,0,0.0,0,0.0,0,0.0,0,0.0
461,168,0,0.0,0,0.0,0,0.0,0,0.0
461,286,0,0.0,0,0.0,0,0.0,0,0.0
461,270,0,0.0,0,0.0,0,0.0,0,0.0
461,3488,0,0.0,0,0.0,0,0.0,0,0.0
486,129,0,0.0,0,0.0,0,0.0,0,0.0
486,39,0,0.0,0,0.0,0,0.0,1,0.1
486,91,0,0.0,0,0.0,0,0.0,0,0.0
486,0,1,1.0,1,1.0,1,0.5,1,0.1
486,421,0,0.0,0,0.0,0,0.0,0,0.0
495,458,0,0.0,0,0.0,0,0.0,0,0.0
495,882,0,0.0,0,0.0,0,0.0,0,0.0
495,94,0,0.0,0,0.0,0,0.0,0,0.0
495,1139,0,0.0,0,0.0,0,0.0,0,0.0
495,479,0,0.0,0,0.0,0,0.0,0,0.0
499,14,0,0.0,0,0.0,0,0.0,1,0.08
499,96,0,0.0,0,0.0,0,0.0,0,0.0
499,465,0,0.0,0,0.0,0,0.0,0,0.0
499,66,0,0.0,0,0.0,0,0.0,0,0.0
517,317,0,0.0,0,0.0,0,0.0,0,0.0
517,354,0,0.0,0,0.0,0,0.0,0,0.0
517,359,0,0.0,0,0.0,0,0.0,0,0.0
517,239,0,0.0,0,0.0,0,0.0,0,0.0
517,5,0,0.0,0,0.0,1,0.5,1,0.1
519,1359,0,0.0,0,0.0,0,0.0,0,0.0
519,389,0,0.0,0,0.0,0,0.0,0,0.0
519,559,0,0.0,0,0.0,0,0.0,0,0.0
519,1901,0,0.0,0,0.0,0,0.0,0,0.0
519,1179,0,0.0,0,0.0,0,0.0,0,0.0
520,531,0,0.0,0,0.0,0,0.0,0,0.0
520,1875,0,0.0,0,0.0,0,0.0,0,0.0
520,478,0,0.0,0,0.0,0,0.0,0,0.0
520,578,0,0.0,0,0.0,0,0.0,0,0.0
520,566,0,0.0,0,0.0,0,0.0,0,0.0
523,215,0,0.0,0,0.0,0,0.0,0,0.0
523,0,1,1.0,1,1.0,1,0.5,1,0.1
523,60,0,0.0,0,0.0,0,0.0,0,0.0
523,425,0,0.0,0,0.0,0,0.0,0,0.0
523,29,0,0.0,0,0.0,0,0.0,1,0.1
535,103,0,0.0,0,0.0,0,0.0,0,0.0
535,191,0,0.0,0,0.0,0,0.0,0,0.0
535,142,0,0.0,0,0.0,0,0.0,0,0.0
535,176,0,0.0,0,0.0,0,0.0,0,0.0
537,173,0,0.0,0,0.0,0,0.0,0,0.0
537,502,0,0.0,0,0.0,0,0.0,0,0.0
537,502,0,0.0,0,0.0,0,0.0,0,0.0
537,44,0,0.0,0,0.0,0,0.0,1,0.1
537,558,0,0.0,0,0.0,0,0.0,0,0.0
541,314,0,0.0,0,0.0,0,0.0,0,0.0
541,503,0,0.0,0,0.0,0,0.0,0,0.0
541,507,0,0.0,0,0.0,0,0.0,0,0.0
541,127,0,0.0,0,0.0,0,0.0,0,0.0
543,42,0,0.0,0,0.0,0,0.0,1,0.08
543,568,0,0.0,0,0.0,0,0.0,0,0.0
543,1690,0,0.0,0,0.0,0,0.0,0,0.0
543,590,0,0.0,0,0.0,0,0.0,0,0.0
580,30,0,0.0,0,0.0,0,0.0,1,0.1
580,706,0,0.0,0,0.0,0,0.0,0,0.0
580,698,0,0.0,0,0.0,0,0.0,0,0.0
580,214,0,0.0,0,0.0,0,0.0,0,0.0
580,20,0,0.0,0,0.0,0,0.0,1,0.1
590,1332,0,0.0,0,0.0,0,0.0,0,0.0
590,2959,0,0.0,0,0.0,0,0.0,0,0.0
590,1125,0,0.0,0,0.0,0,0.0,0,0.0
590,1902,0,0.0,0,0.0,0,0.0,0,0.0
590,708,0,0.0,0,0.0,0,0.0,0,0.0
616,218,0,0.0,0,0.0,0,0.0,0,0.0
616,62,0,0.0,0,0.0,0,0.0,0,0.0
616,1535,0,0.0,0,0.0,0,0.0,0,0.0
616,808,0,0.0,0,0.0,0,0.0,0,0.0
616,377,0,0.0,0,0.0,0,0.0,0,0.0
626,162,0,0.0,0,0.0,0,0.0,0,0.0
626,185,0,0.0,0,0.0,0,0.0,0,0.0
626,2282,0,0.0,0,0.0,0,0.0,0,0.0
626,2076,0,0.0,0,0.0,0,0.0,0,0.0
626,499,0,0.0,0,0.0,0,0.0,0,0.0
629,669,0,0.0,0,0.0,0,0.0,0,0.0
629,67,0,0.0,0,0.0,0,0.0,0,0.0
629,364,0,0.0,0,0.0,0,0.0,0,0.0
629,502,0,0.0,0,0.0,0,0.0,0,0.0
629,538,0,0.0,0,0.0,0,0.0,0,0.0
646,765,0,0.0,0,0.0,0,0.0,0,0.0
646,2021,0,0.0,0,0.0,0,0.0,0,0.0
646,561,0,0.0,0,0.0,0,0.0,0,0.0
646,98,0,0.0,0,0.0,0,0.0,0,0.0
646,1278,0,0.0,0,0.0,0,0.0,0,0.0
652,1837,0,0.0,0,0.0,0,0.0,0,0.0
652,722,0,0.0,0,0.0,0,0.0,0,0.0
652,899,0,0.0,0,0.0,0,0.0,0,0.0
652,336,0,0.0,0,0.0,0,0.0,0,0.0
652,34,0,0.0,0,0.0,0,0.0,1,0.1
655,115,0,0.0,0,0.0,0,0.0,0,0.0
655,1117,0,0.0,0,0.0,0,0.0,0,0.0
655,2024,0,0.0,0,0.0,0,0.0,0,0.0
655,838,0,0.0,0,0.0,0,0.0,0,0.0
655,1040,0,0.0,0,0.0,0,0.0,0,0.0
665,179,0,0.0,0,0.0,0,0.0,0,0.0
665,1869,0,0.0,0,0.0,0,0.0,0,0.0
665,190,0,0.0,0,0.0,0,0.0,0,0.0
665,1423,0,0.0,0,0.0,0,0.0,0,0.0
665,489,0,0.0,0,0.0,0,0.0,0,0.0
672,601,0,0.0,0,0.0,0,0.0,0,0.0
672,158,0,0.0,0,0.0,0,0.0,0,0.0
672,1480,0,0.0,0,0.0,0,0.0,0,0.0
672,277,0,0.0,0,0.0,0,0.0,0,0.0
672,266,0,0.0,0,0.0,0,0.0,0,0.0
677,503,0,0.0,0,0.0,0,0.0,0,0.0
677,321,0,0.0,0,0.0,0,0.0,0,0.0
677,423,0,0.0,0,0.0,0,0.0,0,0.0
677,2704,0,0.0,0,0.0,0,0.0,0,0.0
677,382,0,0.0,0,0.0,0,0.0,0,0.0
680,137,0,0.0,0,0.0,0,0.0,0,0.0
680,3609,0,0.0,0,0.0,0,0.0,0,0.0
680,3554,0,0.0,0,0.0,0,0.0,0,0.0
680,124,0,0.0,0,0.0,0,0.0,0,0.0
680,3614,0,0.0,0,0.0,0,0.0,0,0.0
691,4,0,0.0,1,0.2,1,0.5,1,0.1
691,281,0,0.0,0,0.0,0,0.0,0,0.0
691,1116,0,0.0,0,0.0,0,0.0,0,0.0
691,2423,0,0.0,0,0.0,0,0.0,0,0.0
691,594,0,0.0,0,0.0,0,0.0,0,0.0
703,261,0,0.0,0,0.0,0,0.0,0,0.0
703,554,0,0.0,0,0.0,0,0.0,0,0.0
703,731,0,0.0,0,0.0,0,0.0,0,0.0
703,264,0,0.0,0,0.0,0,0.0,0,0.0
703,265,0,0.0,0,0.0,0,0.0,0,0.0
748,17,0,0.0,0,0.0,0,0.0,1,0.1
748,246,0,0.0,0,0.0,0,0.0,0,0.0
748,42,0,0.0,0,0.0,0,0.0,1,0.1
748,352,0,0.0,0,0.0,0,0.0,0,0.0
748,22,0,0.0,0,0.0,0,0.0,1,0.1
779,514,0,0.0,0,0.0,0,0.0,0,0.0
779,219,0,0.0,0,0.0,0,0.0,0,0.0
779,34,0,0.0,0,0.0,0,0.0,1,0.1
779,39,0,0.0,0,0.0,0,0.0,1,0.1
779,49,0,0.0,0,0.0,0,0.0,1,0.02
790,2798,0,0.0,0,0.0,0,0.0,0,0.0
790,1856,0,0.0,0,0.0,0,0.0,0,0.0
790,1505,0,0.0,0,0.0,0,0.0,0,0.0
790,962,0,0.0,0,0.0,0,0.0,0,0.0
790,1177,0,0.0,0,0.0,0,0.0,0,0.0
801,1933,0,0.0,0,0.0,0,0.0,0,0.0
801,974,0,0.0,0,0.0,0,0.0,0,0.0
801,3100,0,0.0,0,0.0,0,0.0,0,0.0
801,1026,0,0.0,0,0.0,0,0.0,0,0.0
801,481,0,0.0,0,0.0,0,0.0,0,0.0
808,0,1,1.0,1,1.0,1,0.5,1,0.1
808,64,0,0.0,0,0.0,0,0.0,0,0.0
808,29,0,0.0,0,0.0,0,0.0,1,0.1
808,147,0,0.0,0,0.0,0,0.0,0,0.0
808,104,0,0.0,0,0.0,0,0.0,0,0.0
824,1175,0,0.0,0,0.0,0,0.0,0,0.0
824,646,0,0.0,0,0.0,0,0.0,0,0.0
824,808,0,0.0,0,0.0,0,0.0,0,0.0
824,3066,0,0.0,0,0.0,0,0.0,0,0.0
824,1599,0,0.0,0,0.0,0,0.0,0,0.0
826,182,0,0.0,0,0.0,0,0.0,0,0.0
826,289,0,0.0,0,0.0,0,0.0,0,0.0
826,216,0,0.0,0,0.0,0,0.0,0,0.0
826,121,0,0.0,0,0.0,0,0.0,0,0.0
826,98,0,0.0,0,0.0,0,0.0,0,0.0
829,1595,0,0.0,0,0.0,0,0.0,0,0.0
829,1088,0,0.0,0,0.0,0,0.0,0,0.0
829,689,0,0.0,0,0.0,0,0.0,0,0.0
829,1308,0,0.0,0,0.0,0,0.0,0,0.0
868,286,0,0.0,0,0.0,0,0.0,0,0.0
868,144,0,0.0,0,0.0,0,0.0,0,0.0
868,222,0,0.0,0,0.0,0,0.0,0,0.0
868,133,0,0.0,0,0.0,0,0.0,0,0.0
868,2610,0,0.0,0,0.0,0,0.0,0,0.0
869,801,0,0.0,0,0.0,0,0.0,0,0.0
869,648,0,0.0,0,0.0,0,0.0,0,0.0
869,908,0,0.0,0,0.0,0,0.0,0,0.0
869,1870,0,0.0,0,0.0,0,0.0,0,0.0
869,2067,0,0.0,0,0.0,0,0.0,0,0.0
872,480,0,0.0,0,0.0,0,0.0,0,0.0
872,485,0,0.0,0,0.0,0,0.0,0,0.0
872,490,0,0.0,0,0.0,0,0.0,0,0.0
872,1576,0,0.0,0,0.0,0,0.0,0,0.0
872,709,0,0.0,0,0.0,0,0.0,0,0.0
904,27,0,0.0,0,0.0,0,0.0,1,0.1
904,229,0,0.0,0,0.0,0,0.0,0,0.0
904,61,0,0.0,0,0.0,0,0.0,0,0.0
904,153,0,0.0,0,0.0,0,0.0,0,0.0
904,200,0,0.0,0,0.0,0,0.0,0,0.0
920,42,0,0.0,0,0.0,0,0.0,1,0.1
920,88,0,0.0,0,0.0,0,0.0,0,0.0
920,61,0,0.0,0,0.0,0,0.0,0,0.0
920,234,0,0.0,0,0.0,0,0.0,0,0.0
920,1590,0,0.0,0,0.0,0,0.0,0,0.0
923,837,0,0.0,0,0.0,0,0.0,0,0.0
923,1045,0,0.0,0,0.0,0,0.0,0,0.0
923,1693,0,0.0,0,0.0,0,0.0,0,0.0
923,1293,0,0.0,0,0.0,0,0.0,0,0.0
931,310,0,0.0,0,0.0,0,0.0,0,0.0
931,3431,0,0.0,0,0.0,0,0.0,0,0.0
931,1392,0,0.0,0,0.0,0,0.0,0,0.0
931,603,0,0.0,0,0.0,0,0.0,0,0.0
931,482,0,0.0,0,0.0,0,0.0,0,0.0
941,43,0,0.0,0,0.0,0,0.0,1,0.08
941,71,0,0.0,0,0.0,0,0.0,0,0.0
941,48,0,0.0,0,0.0,0,0.0,1,0.04
941,29,0,0.0,0,0.0,0,0.0,1,0.08
967,1048,0,0.0,0,0.0,0,0.0,0,0.0
967,62,0,0.0,0,0.0,0,0.0,0,0.0
967,135,0,0.0,0,0.0,0,0.0,0,0.0
967,276,0,0.0,0,0.0,0,0.0,0,0.0
972,1041,0,0.0,0,0.0,0,0.0,0,0.0
972,804,0,0.0,0,0.0,0,0.0,0,0.0
972,823,0,0.0,0,0.0,0,0.0,0,0.0
972,3619,0,0.0,0,0.0,0,0.0,0,0.0
972,419,0,0.0,0,0.0,0,0.0,0,0.0
975,368,0,0.0,0,0.0,0,0.0,0,0.0
975,416,0,0.0,0,0.0,0,0.0,0,0.0
975,259,0,0.0,0,0.0,0,0.0,0,0.0
975,318,0,0.0,0,0.0,0,0.0,0,0.0
1004,464,0,0.0,0,0.0,0,0.0,0,0.0
1004,15,0,0.0,0,0.0,0,0.0,1,0.1
1004,555,0,0.0,0,0.0,0,0.0,0,0.0
1004,10,0,0.0,0,0.0,0,0.0,1,0.1
1004,95,0,0.0,0,0.0,0,0.0,0,0.0
1008,1830,0,0.0,0,0.0,0,0.0,0,0.0
1008,3255,0,0.0,0,0.0,0,0.0,0,0.0
1008,813,0,0.0,0,0.0,0,0.0,0,0.0
1008,1228,0,0.0,0,0.0,0,0.0,0,0.0
1008,2576,0,0.0,0,0.0,0,0.0,0,0.0
1019,294,0,0.0,0,0.0,0,0.0,0,0.0
1019,165,0,0.0,0,0.0,0,0.0,0,0.0
1019,275,0,0.0,0,0.0,0,0.0,0,0.0
1019,323,0,0.0,0,0.0,0,0.0,0,0.0
1019,260,0,0.0,0,0.0,0,0.0,0,0.0
1034,312,0,0.0,0,0.0,0,0.0,0,0.0
1034,1364,0,0.0,0,0.0,0,0.0,0,0.0
1034,568,0,0.0,0,0.0,0,0.0,0,0.0
1034,2583,0,0.0,0,0.0,0,0.0,0,0.0
1034,250,0,0.0,0,0.0,0,0.0,0,0.0
1064,2282,0,0.0,0,0.0,0,0.0,0,0.0
1064,3096,0,0.0,0,0.0,0,0.0,0,0.0
1064,3042,0,0.0,0,0.0,0,0.0,0,0.0
1064,2433,0,0.0,0,0.0,0,0.0,0,0.0
1064,2146,0,0.0,0,0.0,0,0.0,0,0.0
1077,895,0,0.0,0,0.0,0,0.0,0,0.0
1077,1518,0,0.0,0,0.0,0,0.0,0,0.0
1077,94,0,0.0,0,0.0,0,0.0,0,0.0
1077,283,0,0.0,0,0.0,0,0.0,0,0.0
1077,534,0,0.0,0,0.0,0,0.0,0,0.0
1079,637,0,0.0,0,0.0,0,0.0,0,0.0
1079,439,0,0.0,0,0.0,0,0.0,0,0.0
1079,50,0,0.0,0,0.0,0,0.0,0,0.0
1079,1044,0,0.0,0,0.0,0,0.0,0,0.0
1079,1005,0,0.0,0,0.0,0,0.0,0,0.0
1095,909,0,0.0,0,0.0,0,0.0,0,0.0
1095,607,0,0.0,0,0.0,0,0.0,0,0.0
1095,763,0,0.0,0,0.0,0,0.0,0,0.0
1095,226,0,0.0,0,0.0,0,0.0,0,0.0
1095,157,0,0.0,0,0.0,0,0.0,0,0.0
1103,552,0,0.0,0,0.0,0,0.0,0,0.0
1103,69,0,0.0,0,0.0,0,0.0,0,0.0
1103,2061,0,0.0,0,0.0,0,0.0,0,0.0
1103,103,0,0.0,0,0.0,0,0.0,0,0.0
1103,258,0,0.0,0,0.0,0,0.0,0,0.0
1116,257,0,0.0,0,0.0,0,0.0,0,0.0
1116,136,0,0.0,0,0.0,0,0.0,0,0.0
1116,321,0,0.0,0,0.0,0,0.0,0,0.0
1116,44,0,0.0,0,0.0,0,0.0,1,0.08
1138,176,0,0.0,0,0.0,0,0.0,0,0.0
1138,1103,0,0.0,0,0.0,0,0.0,0,0.0
1138,0,1,1.0,1,1.0,1,0.5,1,0.1
1138,5,0,0.0,0,0.0,1,0.5,1,0.1
1138,1173,0,0.0,0,0.0,0,0.0,0,0.0
1149,384,0,0.0,0,0.0,0,0.0,0,0.0
1149,470,0,0.0,0,0.0,0,0.0,0,0.0
1149,1568,0,0.0,0,0.0,0,0.0,0,0.0
1149,603,0,0.0,0,0.0,0,0.0,0,0.0
1149,1465,0,0.0,0,0.0,0,0.0,0,0.0
1155,77,0,0.0,0,0.0,0,0.0,0,0.0
1155,246,0,0.0,0,0.0,0,0.0,0,0.0
1155,183,0,0.0,0,0.0,0,0.0,0,0.0
1155,191,0,0.0,0,0.0,0,0.0,0,0.0
1155,213,0,0.0,0,0.0,0,0.0,0,0.0
1160,1999,0,0.0,0,0.0,0,0.0,0,0.0
1160,1071,0,0.0,0,0.0,0,0.0,0,0.0
1160,1071,0,0.0,0,0.0,0,0.0,0,0.0
1160,1590,0,0.0,0,0.0,0,0.0,0,0.0
1160,1385,0,0.0,0,0.0,0,0.0,0,0.0
1165,555,0,0.0,0,0.0,0,0.0,0,0.0
1165,260,0,0.0,0,0.0,0,0.0,0,0.0
1165,313,0,0.0,0,0.0,0,0.0,0,0.0
1165,532,0,0.0,0,0.0,0,0.0,0,0.0
1165,104,0,0.0,0,0.0,0,0.0,0,0.0
1172,78,0,0.0,0,0.0,0,0.0,0,0.0
1172,452,0,0.0,0,0.0,0,0.0,0,0.0
1172,94,0,0.0,0,0.0,0,0.0,0,0.0
1172,110,0,0.0,0,0.0,0,0.0,0,0.0
1172,103,0,0.0,0,0.0,0,0.0,0,0.0
1185,98,0,0.0,0,0.0,0,0.0,0,0.0
1185,2732,0,0.0,0,0.0,0,0.0,0,0.0
1185,121,0,0.0,0,0.0,0,0.0,0,0.0
1185,77,0,0.0,0,0.0,0,0.0,0,0.0
1185,332,0,0.0,0,0.0,0,0.0,0,0.0
1188,1275,0,0.0,0,0.0,0,0.0,0,0.0
1188,1763,0,0.0,0,0.0,0,0.0,0,0.0
1188,1660,0,0.0,0,0.0,0,0.0,0,0.0
1188,1730,0,0.0,0,0.0,0,0.0,0,0.0
1188,1754,0,0.0,0,0.0,0,0.0,0,0.0
1193,349,0,0.0,0,0.0,0,0.0,0,0.0
1193,125,0,0.0,0,0.0,0,0.0,0,0.0
1193,112,0,0.0,0,0.0,0,0.0,0,0.0
1193,81,0,0.0,0,0.0,0,0.0,0,0.0
1193,258,0,0.0,0,0.0,0,0.0,0,0.0
1197,569,0,0.0,0,0.0,0,0.0,0,0.0
1197,503,0,0.0,0,0.0,0,0.0,0,0.0
1197,683,0,0.0,0,0.0,0,0.0,0,0.0
1197,562,0,0.0,0,0.0,0,0.0,0,0.0
1197,1159,0,0.0,0,0.0,0,0.0,0,0.0
1202,2641,0,0.0,0,0.0,0,0.0,0,0.0
1202,189,0,0.0,0,0.0,0,0.0,0,0.0
1202,2122,0,0.0,0,0.0,0,0.0,0,0.0
1202,1001,0,0.0,0,0.0,0,0.0,0,0.0
1202,3328,0,0.0,0,0.0,0,0.0,0,0.0
1207,195,0,0.0,0,0.0,0,0.0,0,0.0
1207,1287,0,0.0,0,0.0,0,0.0,0,0.0
1207,2682,0,0.0,0,0.0,0,0.0,0,0.0
1207,10,0,0.0,0,0.0,0,0.0,1,0.1
1207,2740,0,0.0,0,0.0,0,0.0,0,0.0
1210,655,0,0.0,0,0.0,0,0.0,0,0.0
1210,167,0,0.0,0,0.0,0,0.0,0,0.0
1210,110,0,0.0,0,0.0,0,0.0,0,0.0
1210,168,0,0.0,0,0.0,0,0.0,0,0.0
1210,1977,0,0.0,0,0.0,0,0.0,0,0.0
1227,10,0,0.0,0,0.0,0,0.0,1,0.1
1227,25,0,0.0,0,0.0,0,0.0,1,0.1
1227,20,0,0.0,0,0.0,0,0.0,1,0.1
1227,33,0,0.0,0,0.0,0,0.0,1,0.1
1227,20,0,0.0,0,0.0,0,0.0,1,0.1
1233,455,0,0.0,0,0.0,0,0.0,0,0.0
1233,342,0,0.0,0,0.0,0,0.0,0,0.0
1233,530,0,0.0,0,0.0,0,0.0,0,0.0
1233,609,0,0.0,0,0.0,0,0.0,0,0.0
1233,1612,0,0.0,0,0.0,0,0.0,0,0.0
1246,35,0,0.0,0,0.0,0,0.0,1,0.1
1246,2621,0,0.0,0,0.0,0,0.0,0,0.0
1246,3245,0,0.0,0,0.0,0,0.0,0,0.0
1246,908,0,0.0,0,0.0,0,0.0,0,0.0
1246,10,0,0.0,0,0.0,0,0.0,1,0.1
1271,397,0,0.0,0,0.0,0,0.0,0,0.0
1271,42,0,0.0,0,0.0,0,0.0,1,0.08
1271,120,0,0.0,0,0.0,0,0.0,0,0.0
1271,164,0,0.0,0,0.0,0,0.0,0,0.0
1276,999,0,0.0,0,0.0,0,0.0,0,0.0
1276,411,0,0.0,0,0.0,0,0.0,0,0.0
1276,43,0,0.0,0,0.0,0,0.0,1,0.1
1276,2143,0,0.0,0,0.0,0,0.0,0,0.0
1276,2378,0,0.0,0,0.0,0,0.0,0,0.0
1300,58,0,0.0,0,0.0,0,0.0,0,0.0
1300,130,0,0.0,0,0.0,0,0.0,0,0.0
1300,118,0,0.0,0,0.0,0,0.0,0,0.0
1300,49,0,0.0,0,0.0,0,0.0,1,0.02
1300,1348,0,0.0,0,0.0,0,0.0,0,0.0
1324,785,0,0.0,0,0.0,0,0.0,0,0.0
1324,857,0,0.0,0,0.0,0,0.0,0,0.0
1324,2668,0,0.0,0,0.0,0,0.0,0,0.0
1324,961,0,0.0,0,0.0,0,0.0,0,0.0
1324,163,0,0.0,0,0.0,0,0.0,0,0.0
1331,2493,0,0.0,0,0.0,0,0.0,0,0.0
1331,2217,0,0.0,0,0.0,0,0.0,0,0.0
1331,351,0,0.0,0,0.0,0,0.0,0,0.0
1331,2207,0,0.0,0,0.0,0,0.0,0,0.0
1331,941,0,0.0,0,0.0,0,0.0,0,0.0
1336,10,0,0.0,0,0.0,0,0.0,1,0.1
1336,152,0,0.0,0,0.0,0,0.0,0,0.0
1336,928,0,0.0,0,0.0,0,0.0,0,0.0
1336,599,0,0.0,0,0.0,0,0.0,0,0.0
1336,990,0,0.0,0,0.0,0,0.0,0,0.0
1350,881,0,0.0,0,0.0,0,0.0,0,0.0
1350,3537,0,0.0,0,0.0,0,0.0,0,0.0
1350,667,0,0.0,0,0.0,0,0.0,0,0.0
1350,102,0,0.0,0,0.0,0,0.0,0,0.0
1350,3850,0,0.0,0,0.0,0,0.0,0,0.0
1366,1374,0,0.0,0,0.0,0,0.0,0,0.0
1366,92,0,0.0,0,0.0,0,0.0,0,0.0
1366,1431,0,0.0,0,0.0,0,0.0,0,0.0
1366,134,0,0.0,0,0.0,0,0.0,0,0.0
1366,82,0,0.0,0,0.0,0,0.0,0,0.0
1411,53,0,0.0,0,0.0,0,0.0,0,0.0
1411,129,0,0.0,0,0.0,0,0.0,0,0.0
1411,150,0,0.0,0,0.0,0,0.0,0,0.0
1411,216,0,0.0,0,0.0,0,0.0,0,0.0
1413,1336,0,0.0,0,0.0,0,0.0,0,0.0
1413,922,0,0.0,0,0.0,0,0.0,0,0.0
1413,326,0,0.0,0,0.0,0,0.0,0,0.0
1413,1725,0,0.0,0,0.0,0,0.0,0,0.0
1413,583,0,0.0,0,0.0,0,0.0,0,0.0
1431,15,0,0.0,0,0.0,0,0.0,1,0.1
1431,137,0,0.0,0,0.0,0,0.0,0,0.0
1431,475,0,0.0,0,0.0,0,0.0,0,0.0
1431,78,0,0.0,0,0.0,0,0.0,0,0.0
1431,690,0,0.0,0,0.0,0,0.0,0,0.0
1438,1018,0,0.0,0,0.0,0,0.0,0,0.0
1438,2950,0,0.0,0,0.0,0,0.0,0,0.0
1438,380,0,0.0,0,0.0,0,0.0,0,0.0
1438,1382,0,0.0,0,0.0,0,0.0,0,0.0
1438,742,0,0.0,0,0.0,0,0.0,0,0.0
1444,2189,0,0.0,0,0.0,0,0.0,0,0.0
1444,885,0,0.0,0,0.0,0,0.0,0,0.0
1444,1445,0,0.0,0,0.0,0,0.0,0,0.0
1444,1617,0,0.0,0,0.0,0,0.0,0,0.0
1455,975,0,0.0,0,0.0,0,0.0,0,0.0
1455,598,0,0.0,0,0.0,0,0.0,0,0.0
1455,3314,0,0.0,0,0.0,0,0.0,0,0.0
1455,1143,0,0.0,0,0.0,0,0.0,0,0.0
1455,3520,0,0.0,0,0.0,0,0.0,0,0.0
1457,47,0,0.0,0,0.0,0,0.0,1,0.06
1457,218,0,0.0,0,0.0,0,0.0,0,0.0
1457,603,0,0.0,0,0.0,0,0.0,0,0.0
1457,350,0,0.0,0,0.0,0,0.0,0,0.0
1457,10,0,0.0,0,0.0,0,0.0,1,0.1
1463,876,0,0.0,0,0.0,0,0.0,0,0.0
1463,988,0,0.0,0,0.0,0,0.0,0,0.0
1463,569,0,0.0,0,0.0,0,0.0,0,0.0
1463,417,0,0.0,0,0.0,0,0.0,0,0.0
1463,477,0,0.0,0,0.0,0,0.0,0,0.0
1465,96,0,0.0,0,0.0,0,0.0,0,0.0
1465,161,0,0.0,0,0.0,0,0.0,0,0.0
1465,154,0,0.0,0,0.0,0,0.0,0,0.0
1465,49,0,0.0,0,0.0,0,0.0,1,0.02
1465,84,0,0.0,0,0.0,0,0.0,0,0.0
1471,1334,0,0.0,0,0.0,0,0.0,0,0.0
1471,3755,0,0.0,0,0.0,0,0.0,0,0.0
1471,1138,0,0.0,0,0.0,0,0.0,0,0.0
1471,2420,0,0.0,0,0.0,0,0.0,0,0.0
1471,1422,0,0.0,0,0.0,0,0.0,0,0.0
1476,205,0,0.0,0,0.0,0,0.0,0,0.0
1476,275,0,0.0,0,0.0,0,0.0,0,0.0
1476,0,1,1.0,1,1.0,1,0.5,1,0.1
1476,0,1,1.0,1,1.0,1,0.5,1,0.1
1476,360,0,0.0,0,0.0,0,0.0,0,0.0
1481,256,0,0.0,0,0.0,0,0.0,0,0.0
1481,86,0,0.0,0,0.0,0,0.0,0,0.0
1481,43,0,0.0,0,0.0,0,0.0,1,0.1
1481,2862,0,0.0,0,0.0,0,0.0,0,0.0
1481,1469,0,0.0,0,0.0,0,0.0,0,0.0
1504,3520,0,0.0,0,0.0,0,0.0,0,0.0
1504,698,0,0.0,0,0.0,0,0.0,0,0.0
1504,690,0,0.0,0,0.0,0,0.0,0,0.0
1504,103,0,0.0,0,0.0,0,0.0,0,0.0
1536,58,0,0.0,0,0.0,0,0.0,0,0.0
1536,336,0,0.0,0,0.0,0,0.0,0,0.0
1536,38,0,0.0,0,0.0,0,0.0,1,0.1
1536,34,0,0.0,0,0.0,0,0.0,1,0.1
1536,66,0,0.0,0,0.0,0,0.0,0,0.0
1553,1789,0,0.0,0,0.0,0,0.0,0,0.0
1553,204,0,0.0,0,0.0,0,0.0,0,0.0
1553,869,0,0.0,0,0.0,0,0.0,0,0.0
1553,824,0,0.0,0,0.0,0,0.0,0,0.0
1559,0,1,1.0,1,1.0,1,0.5,1,0.1
1559,0,1,1.0,1,1.0,1,0.5,1,0.1
1559,34,0,0.0,0,0.0,0,0.0,1,0.1
1559,0,1,1.0,1,1.0,1,0.5,1,0.1
1559,25,0,0.0,0,0.0,0,0.0,1,0.1
1572,977,0,0.0,0,0.0,0,0.0,0,0.0
1572,2253,0,0.0,0,0.0,0,0.0,0,0.0
1572,924,0,0.0,0,0.0,0,0.0,0,0.0
1572,1238,0,0.0,0,0.0,0,0.0,0,0.0
1572,2111,0,0.0,0,0.0,0,0.0,0,0.0
1581,262,0,0.0,0,0.0,0,0.0,0,0.0
1581,30,0,0.0,0,0.0,0,0.0,1,0.1
1581,765,0,0.0,0,0.0,0,0.0,0,0.0
1581,104,0,0.0,0,0.0,0,0.0,0,0.0
1581,168,0,0.0,0,0.0,0,0.0,0,0.0
1591,0,1,1.0,1,1.0,1,0.5,1,0.1
1591,20,0,0.0,0,0.0,0,0.0,1,0.1
1591,15,0,0.0,0,0.0,0,0.0,1,0.1
1591,147,0,0.0,0,0.0,0,0.0,0,0.0
1591,20,0,0.0,0,0.0,0,0.0,1,0.1
1594,289,0,0.0,0,0.0,0,0.0,0,0.0
1594,638,0,0.0,0,0.0,0,0.0,0,0.0
1594,216,0,0.0,0,0.0,0,0.0,0,0.0
1594,394,0,0.0,0,0.0,0,0.0,0,0.0
1594,291,0,0.0,0,0.0,0,0.0,0,0.0
1595,859,0,0.0,0,0.0,0,0.0,0,0.0
1595,788,0,0.0,0,0.0,0,0.0,0,0.0
1595,604,0,0.0,0,0.0,0,0.0,0,0.0
1595,155,0,0.0,0,0.0,0,0.0,0,0.0
1596,1643,0,0.0,0,0.0,0,0.0,0,0.0
1596,361,0,0.0,0,0.0,0,0.0,0,0.0
1596,337,0,0.0,0,0.0,0,0.0,0,0.0
1596,803,0,0.0,0,0.0,0,0.0,0,0.0
1596,98,0,0.0,0,0.0,0,0.0,0,0.0
1613,1266,0,0.0,0,0.0,0,0.0,0,0.0
1613,782,0,0.0,0,0.0,0,0.0,0,0.0
1613,1260,0,0.0,0,0.0,0,0.0,0,0.0
1613,522,0,0.0,0,0.0,0,0.0,0,0.0
1613,512,0,0.0,0,0.0,0,0.0,0,0.0
1638,19,0,0.0,0,0.0,0,0.0,1,0.1
1638,0,1,1.0,1,1.0,1,0.5,1,0.1
1638,5,0,0.0,0,0.0,1,0.5,1,0.1
1638,5,0,0.0,0,0.0,1,0.5,1,0.1
1638,1453,0,0.0,0,0.0,0,0.0,0,0.0
1658,10,0,0.0,0,0.0,0,0.0,1,0.1
1658,30,0,0.0,0,0.0,0,0.0,1,0.1
1658,35,0,0.0,0,0.0,0,0.0,1,0.1
1658,77,0,0.0,0,0.0,0,0.0,0,0.0
1658,179,0,0.0,0,0.0,0,0.0,0,0.0
1664,455,0,0.0,0,0.0,0,0.0,0,0.0
1664,817,0,0.0,0,0.0,0,0.0,0,0.0
1664,758,0,0.0,0,0.0,0,0.0,0,0.0
1664,491,0,0.0,0,0.0,0,0.0,0,0.0
1664,1928,0,0.0,0,0.0,0,0.0,0,0.0
1681,30,0,0.0,0,0.0,0,0.0,1,0.1
1681,34,0,0.0,0,0.0,0,0.0,1,0.1
1681,51,0,0.0,0,0.0,0,0.0,0,0.0
1681,34,0,0.0,0,0.0,0,0.0,1,0.1
1681,39,0,0.0,0,0.0,0,0.0,1,0.1
1738,1617,0,0.0,0,0.0,0,0.0,0,0.0
1738,2414,0,0.0,0,0.0,0,0.0,0,0.0
1738,377,0,0.0,0,0.0,0,0.0,0,0.0
1738,3608,0,0.0,0,0.0,0,0.0,0,0.0
1738,731,0,0.0,0,0.0,0,0.0,0,0.0
1743,731,0,0.0,0,0.0,0,0.0,0,0.0
1743,70,0,0.0,0,0.0,0,0.0,0,0.0
1743,159,0,0.0,0,0.0,0,0.0,0,0.0
1743,430,0,0.0,0,0.0,0,0.0,0,0.0
1743,220,0,0.0,0,0.0,0,0.0,0,0.0
1760,430,0,0.0,0,0.0,0,0.0,0,0.0
1760,354,0,0.0,0,0.0,0,0.0,0,0.0
1760,44,0,0.0,0,0.0,0,0.0,1,0.06
1766,147,0,0.0,0,0.0,0,0.0,0,0.0
1766,89,0,0.0,0,0.0,0,0.0,0,0.0
1766,174,0,0.0,0,0.0,0,0.0,0,0.0
1766,122,0,0.0,0,0.0,0,0.0,0,0.0
1766,1871,0,0.0,0,0.0,0,0.0,0,0.0
1781,1034,0,0.0,0,0.0,0,0.0,0,0.0
1781,61,0,0.0,0,0.0,0,0.0,0,0.0
1781,921,0,0.0,0,0.0,0,0.0,0,0.0
1781,394,0,0.0,0,0.0,0,0.0,0,0.0
1781,1030,0,0.0,0,0.0,0,0.0,0,0.0
1792,156,0,0.0,0,0.0,0,0.0,0,0.0
1792,1610,0,0.0,0,0.0,0,0.0,0,0.0
1792,2440,0,0.0,0,0.0,0,0.0,0,0.0
1792,478,0,0.0,0,0.0,0,0.0,0,0.0
1792,1980,0,0.0,0,0.0,0,0.0,0,0.0
1806,2084,0,0.0,0,0.0,0,0.0,0,0.0
1806,1463,0,0.0,0,0.0,0,0.0,0,0.0
1806,2081,0,0.0,0,0.0,0,0.0,0,0.0
1806,1594,0,0.0,0,0.0,0,0.0,0,0.0
1806,1795,0,0.0,0,0.0,0,0.0,0,0.0
1826,19,0,0.0,0,0.0,0,0.0,1,0.1
1826,24,0,0.0,0,0.0,0,0.0,1,0.1
1826,19,0,0.0,0,0.0,0,0.0,1,0.1
1826,92,0,0.0,0,0.0,0,0.0,0,0.0
1826,0,1,1.0,1,1.0,1,0.5,1,0.1
1827,415,0,0.0,0,0.0,0,0.0,0,0.0
1827,326,0,0.0,0,0.0,0,0.0,0,0.0
1827,374,0,0.0,0,0.0,0,0.0,0,0.0
1827,1291,0,0.0,0,0.0,0,0.0,0,0.0
1827,643,0,0.0,0,0.0,0,0.0,0,0.0
1828,1000,0,0.0,0,0.0,0,0.0,0,0.0
1828,2287,0,0.0,0,0.0,0,0.0,0,0.0
1828,142,0,0.0,0,0.0,0,0.0,0,0.0
1828,262,0,0.0,0,0.0,0,0.0,0,0.0
1828,113,0,0.0,0,0.0,0,0.0,0,0.0
1844,1078,0,0.0,0,0.0,0,0.0,0,0.0
1844,1393,0,0.0,0,0.0,0,0.0,0,0.0
1844,843,0,0.0,0,0.0,0,0.0,0,0.0
1844,920,0,0.0,0,0.0,0,0.0,0,0.0
1844,993,0,0.0,0,0.0,0,0.0,0,0.0
1847,571,0,0.0,0,0.0,0,0.0,0,0.0
1847,520,0,0.0,0,0.0,0,0.0,0,0.0
1847,508,0,0.0,0,0.0,0,0.0,0,0.0
1847,656,0,0.0,0,0.0,0,0.0,0,0.0
1851,1235,0,0.0,0,0.0,0,0.0,0,0.0
1851,15,0,0.0,0,0.0,0,0.0,1,0.1
1851,293,0,0.0,0,0.0,0,0.0,0,0.0
1851,2131,0,0.0,0,0.0,0,0.0,0,0.0
1851,141,0,0.0,0,0.0,0,0.0,0,0.0
1857,327,0,0.0,0,0.0,0,0.0,0,0.0
1857,894,0,0.0,0,0.0,0,0.0,0,0.0
1857,388,0,0.0,0,0.0,0,0.0,0,0.0
1857,462,0,0.0,0,0.0,0,0.0,0,0.0
1857,130,0,0.0,0,0.0,0,0.0,0,0.0
1872,10,0,0.0,0,0.0,0,0.0,1,0.1
1872,5,0,0.0,0,0.0,1,0.5,1,0.1
1872,10,0,0.0,0,0.0,0,0.0,1,0.1
1872,20,0,0.0,0,0.0,0,0.0,1,0.1
1872,15,0,0.0,0,0.0,0,0.0,1,0.1
1882,2579,0,0.0,0,0.0,0,0.0,0,0.0
1882,1758,0,0.0,0,0.0,0,0.0,0,0.0
1882,2078,0,0.0,0,0.0,0,0.0,0,0.0
1882,2579,0,0.0,0,0.0,0,0.0,0,0.0
1882,603,0,0.0,0,0.0,0,0.0,0,0.0
1884,309,0,0.0,0,0.0,0,0.0,0,0.0
1884,586,0,0.0,0,0.0,0,0.0,0,0.0
1884,1274,0,0.0,0,0.0,0,0.0,0,0.0
1884,3972,0,0.0,0,0.0,0,0.0,0,0.0
1884,3108,0,0.0,0,0.0,0,0.0,0,0.0
1911,140,0,0.0,0,0.0,0,0.0,0,0.0
1911,43,0,0.0,0,0.0,0,0.0,1,0.1
1911,105,0,0.0,0,0.0,0,0.0,0,0.0
1911,52,0,0.0,0,0.0,0,0.0,0,0.0
1911,83,0,0.0,0,0.0,0,0.0,0,0.0
1922,108,0,0.0,0,0.0,0,0.0,0,0.0
1922,205,0,0.0,0,0.0,0,0.0,0,0.0
1922,101,0,0.0,0,0.0,0,0.0,0,0.0
1922,160,0,0.0,0,0.0,0,0.0,0,0.0
1922,251,0,0.0,0,0.0,0,0.0,0,0.0
1927,3100,0,0.0,0,0.0,0,0.0,0,0.0
1927,296,0,0.0,0,0.0,0,0.0,0,0.0
1927,555,0,0.0,0,0.0,0,0.0,0,0.0
1927,3647,0,0.0,0,0.0,0,0.0,0,0.0
1927,2201,0,0.0,0,0.0,0,0.0,0,0.0
1935,154,0,0.0,0,0.0,0,0.0,0,0.0
1935,465,0,0.0,0,0.0,0,0.0,0,0.0
1935,247,0,0.0,0,0.0,0,0.0,0,0.0
1935,595,0,0.0,0,0.0,0,0.0,0,0.0
1935,162,0,0.0,0,0.0,0,0.0,0,0.0
1941,266,0,0.0,0,0.0,0,0.0,0,0.0
1941,364,0,0.0,0,0.0,0,0.0,0,0.0
1941,1150,0,0.0,0,0.0,0,0.0,0,0.0
1941,3409,0,0.0,0,0.0,0,0.0,0,0.0
1941,119,0,0.0,0,0.0,0,0.0,0,0.0
1951,254,0,0.0,0,0.0,0,0.0,0,0.0
1951,133,0,0.0,0,0.0,0,0.0,0,0.0
1951,248,0,0.0,0,0.0,0,0.0,0,0.0
1951,408,0,0.0,0,0.0,0,0.0,0,0.0
1951,314,0,0.0,0,0.0,0,0.0,0,0.0
1962,395,0,0.0,0,0.0,0,0.0,0,0.0
1962,307,0,0.0,0,0.0,0,0.0,0,0.0
1962,3705,0,0.0,0,0.0,0,0.0,0,0.0
1962,407,0,0.0,0,0.0,0,0.0,0,0.0
1962,425,0,0.0,0,0.0,0,0.0,0,0.0
1974,115,0,0.0,0,0.0,0,0.0,0,0.0
1974,1939,0,0.0,0,0.0,0,0.0,0,0.0
1974,161,0,0.0,0,0.0,0,0.0,0,0.0
1974,438,0,0.0,0,0.0,0,0.0,0,0.0
1974,1053,0,0.0,0,0.0,0,0.0,0,0.0
1984,5,0,0.0,0,0.0,1,0.5,1,0.1
1984,170,0,0.0,0,0.0,0,0.0,0,0.0
1984,152,0,0.0,0,0.0,0,0.0,0,0.0
1984,327,0,0.0,0,0.0,0,0.0,0,0.0
1984,24,0,0.0,0,0.0,0,0.0,1,0.1
1988,29,0,0.0,0,0.0,0,0.0,1,0.1
1988,8,0,0.0,0,0.0,1,0.2,1,0.1
1988,47,0,0.0,0,0.0,0,0.0,1,0.06
1988,574,0,0.0,0,0.0,0,0.0,0,0.0
1988,54,0,0.0,0,0.0,0,0.0,0,0.0
1998,231,0,0.0,0,0.0,0,0.0,0,0.0
1998,78,0,0.0,0,0.0,0,0.0,0,0.0
1998,74,0,0.0,0,0.0,0,0.0,0,0.0
1998,157,0,0.0,0,0.0,0,0.0,0,0.0
1998,474,0,0.0,0,0.0,0,0.0,0,0.0
2004,147,0,0.0,0,0.0,0,0.0,0,0.0
2004,254,0,0.0,0,0.0,0,0.0,0,0.0
2004,156,0,0.0,0,0.0,0,0.0,0,0.0
2004,268,0,0.0,0,0.0,0,0.0,0,0.0
2004,34,0,0.0,0,0.0,0,0.0,1,0.1
2031,651,0,0.0,0,0.0,0,0.0,0,0.0
2031,590,0,0.0,0,0.0,0,0.0,0,0.0
2031,228,0,0.0,0,0.0,0,0.0,0,0.0
2031,504,0,0.0,0,0.0,0,0.0,0,0.0
2031,33,0,0.0,0,0.0,0,0.0,1,0.1
2034,62,0,0.0,0,0.0,0,0.0,0,0.0
2034,109,0,0.0,0,0.0,0,0.0,0,0.0
2034,97,0,0.0,0,0.0,0,0.0,0,0.0
2034,54,0,0.0,0,0.0,0,0.0,0,0.0
2034,28,0,0.0,0,0.0,0,0.0,1,0.1
2053,987,0,0.0,0,0.0,0,0.0,0,0.0
2053,135,0,0.0,0,0.0,0,0.0,0,0.0
2053,1646,0,0.0,0,0.0,0,0.0,0,0.0
2053,376,0,0.0,0,0.0,0,0.0,0,0.0
2053,511,0,0.0,0,0.0,0,0.0,0,0.0
2071,138,0,0.0,0,0.0,0,0.0,0,0.0
2071,170,0,0.0,0,0.0,0,0.0,0,0.0
2071,211,0,0.0,0,0.0,0,0.0,0,0.0
2071,250,0,0.0,0,0.0,0,0.0,0,0.0
2071,199,0,0.0,0,0.0,0,0.0,0,0.0
2088,2669,0,0.0,0,0.0,0,0.0,0,0.0
2088,390,0,0.0,0,0.0,0,0.0,0,0.0
2088,946,0,0.0,0,0.0,0,0.0,0,0.0
2088,300,0,0.0,0,0.0,0,0.0,0,0.0
2097,285,0,0.0,0,0.0,0,0.0,0,0.0
2097,240,0,0.0,0,0.0,0,0.0,0,0.0
2097,381,0,0.0,0,0.0,0,0.0,0,0.0
2097,711,0,0.0,0,0.0,0,0.0,0,0.0
2097,292,0,0.0,0,0.0,0,0.0,0,0.0
2116,732,0,0.0,0,0.0,0,0.0,0,0.0
2116,88,0,0.0,0,0.0,0,0.0,0,0.0
2116,2400,0,0.0,0,0.0,0,0.0,0,0.0
2116,1237,0,0.0,0,0.0,0,0.0,0,0.0
2116,358,0,0.0,0,0.0,0,0.0,0,0.0
2142,148,0,0.0,0,0.0,0,0.0,0,0.0
2142,1094,0,0.0,0,0.0,0,0.0,0,0.0
2142,96,0,0.0,0,0.0,0,0.0,0,0.0
2142,98,0,0.0,0,0.0,0,0.0,0,0.0
2142,5,0,0.0,0,0.0,1,0.5,1,0.1
2148,54,0,0.0,0,0.0,0,0.0,0,0.0
2148,40,0,0.0,0,0.0,0,0.0,1,0.1
2148,48,0,0.0,0,0.0,0,0.0,1,0.04
2148,650,0,0.0,0,0.0,0,0.0,0,0.0
2148,40,0,0.0,0,0.0,0,0.0,1,0.1
2158,119,0,0.0,0,0.0,0,0.0,0,0.0
2158,566,0,0.0,0,0.0,0,0.0,0,0.0
2158,149,0,0.0,0,0.0,0,0.0,0,0.0
2158,474,0,0.0,0,0.0,0,0.0,0,0.0
2158,1039,0,0.0,0,0.0,0,0.0,0,0.0
2182,113,0,0.0,0,0.0,0,0.0,0,0.0
2182,149,0,0.0,0,0.0,0,0.0,0,0.0
2182,447,0,0.0,0,0.0,0,0.0,0,0.0
2182,153,0,0.0,0,0.0,0,0.0,0,0.0
2182,104,0,0.0,0,0.0,0,0.0,0,0.0
2189,1569,0,0.0,0,0.0,0,0.0,0,0.0
2189,986,0,0.0,0,0.0,0,0.0,0,0.0
2189,293,0,0.0,0,0.0,0,0.0,0,0.0
2189,438,0,0.0,0,0.0,0,0.0,0,0.0
2189,215,0,0.0,0,0.0,0,0.0,0,0.0
2203,5,0,0.0,0,0.0,1,0.5,1,0.1
2203,556,0,0.0,0,0.0,0,0.0,0,0.0
2203,210,0,0.0,0,0.0,0,0.0,0,0.0
2203,1299,0,0.0,0,0.0,0,0.0,0,0.0
2203,299,0,0.0,0,0.0,0,0.0,0,0.0
2204,599,0,0.0,0,0.0,0,0.0,0,0.0
2204,365,0,0.0,0,0.0,0,0.0,0,0.0
2204,927,0,0.0,0,0.0,0,0.0,0,0.0
2204,2511,0,0.0,0,0.0,0,0.0,0,0.0
2204,868,0,0.0,0,0.0,0,0.0,0,0.0
2207,381,0,0.0,0,0.0,0,0.0,0,0.0
2207,941,0,0.0,0,0.0,0,0.0,0,0.0
2207,774,0,0.0,0,0.0,0,0.0,0,0.0
2207,738,0,0.0,0,0.0,0,0.0,0,0.0
2207,508,0,0.0,0,0.0,0,0.0,0,0.0
2214,835,0,0.0,0,0.0,0,0.0,0,0.0
2214,4033,0,0.0,0,0.0,0,0.0,0,0.0
2214,1429,0,0.0,0,0.0,0,0.0,0,0.0
2214,1382,0,0.0,0,0.0,0,0.0,0,0.0
2214,83,0,0.0,0,0.0,0,0.0,0,0.0
2218,1047,0,0.0,0,0.0,0,0.0,0,0.0
2218,500,0,0.0,0,0.0,0,0.0,0,0.0
2218,2320,0,0.0,0,0.0,0,0.0,0,0.0
2218,1443,0,0.0,0,0.0,0,0.0,0,0.0
2250,90,0,0.0,0,0.0,0,0.0,0,0.0
2250,97,0,0.0,0,0.0,0,0.0,0,0.0
2250,2072,0,0.0,0,0.0,0,0.0,0,0.0
2250,221,0,0.0,0,0.0,0,0.0,0,0.0
2250,677,0,0.0,0,0.0,0,0.0,0,0.0
2254,638,0,0.0,0,0.0,0,0.0,0,0.0
2254,198,0,0.0,0,0.0,0,0.0,0,0.0
2254,369,0,0.0,0,0.0,0,0.0,0,0.0
2254,161,0,0.0,0,0.0,0,0.0,0,0.0
2254,435,0,0.0,0,0.0,0,0.0,0,0.0
2272,620,0,0.0,0,0.0,0,0.0,0,0.0
2272,830,0,0.0,0,0.0,0,0.0,0,0.0
2272,97,0,0.0,0,0.0,0,0.0,0,0.0
2272,157,0,0.0,0,0.0,0,0.0,0,0.0
2272,67,0,0.0,0,0.0,0,0.0,0,0.0
2275,205,0,0.0,0,0.0,0,0.0,0,0.0
2275,257,0,0.0,0,0.0,0,0.0,0,0.0
2275,264,0,0.0,0,0.0,0,0.0,0,0.0
2275,277,0,0.0,0,0.0,0,0.0,0,0.0
2275,220,0,0.0,0,0.0,0,0.0,0,0.0
2277,1284,0,0.0,0,0.0,0,0.0,0,0.0
2277,210,0,0.0,0,0.0,0,0.0,0,0.0
2277,122,0,0.0,0,0.0,0,0.0,0,0.0
2277,236,0,0.0,0,0.0,0,0.0,0,0.0
2277,77,0,0.0,0,0.0,0,0.0,0,0.0
2279,415,0,0.0,0,0.0,0,0.0,0,0.0
2279,493,0,0.0,0,0.0,0,0.0,0,0.0
2279,324,0,0.0,0,0.0,0,0.0,0,0.0
2279,504,0,0.0,0,0.0,0,0.0,0,0.0
2279,413,0,0.0,0,0.0,0,0.0,0,0.0
2295,1033,0,0.0,0,0.0,0,0.0,0,0.0
2295,1650,0,0.0,0,0.0,0,0.0,0,0.0
2295,389,0,0.0,0,0.0,0,0.0,0,0.0
2295,1577,0,0.0,0,0.0,0,0.0,0,0.0
2298,153,0,0.0,0,0.0,0,0.0,0,0.0
2298,731,0,0.0,0,0.0,0,0.0,0,0.0
2298,707,0,0.0,0,0.0,0,0.0,0,0.0
2298,581,0,0.0,0,0.0,0,0.0,0,0.0
2298,1290,0,0.0,0,0.0,0,0.0,0,0.0
2320,1997,0,0.0,0,0.0,0,0.0,0,0.0
2320,665,0,0.0,0,0.0,0,0.0,0,0.0
2320,717,0,0.0,0,0.0,0,0.0,0,0.0
2320,779,0,0.0,0,0.0,0,0.0,0,0.0
2320,3268,0,0.0,0,0.0,0,0.0,0,0.0
2322,173,0,0.0,0,0.0,0,0.0,0,0.0
2322,72,0,0.0,0,0.0,0,0.0,0,0.0
2322,216,0,0.0,0,0.0,0,0.0,0,0.0
2322,1598,0,0.0,0,0.0,0,0.0,0,0.0
2322,1632,0,0.0,0,0.0,0,0.0,0,0.0
2325,2663,0,0.0,0,0.0,0,0.0,0,0.0
2325,2993,0,0.0,0,0.0,0,0.0,0,0.0
2325,3571,0,0.0,0,0.0,0,0.0,0,0.0
2325,883,0,0.0,0,0.0,0,0.0,0,0.0
2325,1976,0,0.0,0,0.0,0,0.0,0,0.0
2328,40,0,0.0,0,0.0,0,0.0,1,0.1
2328,183,0,0.0,0,0.0,0,0.0,0,0.0
2328,183,0,0.0,0,0.0,0,0.0,0,0.0
2328,173,0,0.0,0,0.0,0,0.0,0,0.0
2328,193,0,0.0,0,0.0,0,0.0,0,0.0
2332,509,0,0.0,0,0.0,0,0.0,0,0.0
2332,5,0,0.0,0,0.0,1,0.5,1,0.1
2332,193,0,0.0,0,0.0,0,0.0,0,0.0
2332,34,0,0.0,0,0.0,0,0.0,1,0.1
2332,15,0,0.0,0,0.0,0,0.0,1,0.1
2356,1225,0,0.0,0,0.0,0,0.0,0,0.0
2356,930,0,0.0,0,0.0,0,0.0,0,0.0
2356,964,0,0.0,0,0.0,0,0.0,0,0.0
2356,639,0,0.0,0,0.0,0,0.0,0,0.0
2356,804,0,0.0,0,0.0,0,0.0,0,0.0
2359,314,0,0.0,0,0.0,0,0.0,0,0.0
2359,182,0,0.0,0,0.0,0,0.0,0,0.0
2359,173,0,0.0,0,0.0,0,0.0,0,0.0
2359,1846,0,0.0,0,0.0,0,0.0,0,0.0
2359,69,0,0.0,0,0.0,0,0.0,0,0.0
2370,784,0,0.0,0,0.0,0,0.0,0,0.0
2370,72,0,0.0,0,0.0,0,0.0,0,0.0
2370,767,0,0.0,0,0.0,0,0.0,0,0.0
2370,415,0,0.0,0,0.0,0,0.0,0,0.0
2370,161,0,0.0,0,0.0,0,0.0,0,0.0
2381,73,0,0.0,0,0.0,0,0.0,0,0.0
2381,458,0,0.0,0,0.0,0,0.0,0,0.0
2381,54,0,0.0,0,0.0,0,0.0,0,0.0
2381,9,0,0.0,0,0.0,1,0.1,1,0.1
2381,4,0,0.0,1,0.2,1,0.5,1,0.1
2406,541,0,0.0,0,0.0,0,0.0,0,0.0
2406,9,0,0.0,0,0.0,1,0.1,1,0.08
2406,908,0,0.0,0,0.0,0,0.0,0,0.0
2406,81,0,0.0,0,0.0,0,0.0,0,0.0
2417,189,0,0.0,0,0.0,0,0.0,0,0.0
2417,148,0,0.0,0,0.0,0,0.0,0,0.0
2417,1181,0,0.0,0,0.0,0,0.0,0,0.0
2417,3388,0,0.0,0,0.0,0,0.0,0,0.0
2417,135,0,0.0,0,0.0,0,0.0,0,0.0
2431,567,0,0.0,0,0.0,0,0.0,0,0.0
2431,928,0,0.0,0,0.0,0,0.0,0,0.0
2431,1305,0,0.0,0,0.0,0,0.0,0,0.0
2431,2033,0,0.0,0,0.0,0,0.0,0,0.0
2456,163,0,0.0,0,0.0,0,0.0,0,0.0
2456,115,0,0.0,0,0.0,0,0.0,0,0.0
2456,129,0,0.0,0,0.0,0,0.0,0,0.0
2456,121,0,0.0,0,0.0,0,0.0,0,0.0
2456,79,0,0.0,0,0.0,0,0.0,0,0.0
2464,977,0,0.0,0,0.0,0,0.0,0,0.0
2464,2803,0,0.0,0,0.0,0,0.0,0,0.0
2464,1777,0,0.0,0,0.0,0,0.0,0,0.0
2464,3415,0,0.0,0,0.0,0,0.0,0,0.0
2464,3590,0,0.0,0,0.0,0,0.0,0,0.0
2465,99,0,0.0,0,0.0,0,0.0,0,0.0
2465,20,0,0.0,0,0.0,0,0.0,1,0.1
2465,266,0,0.0,0,0.0,0,0.0,0,0.0
2465,197,0,0.0,0,0.0,0,0.0,0,0.0
2465,74,0,0.0,0,0.0,0,0.0,0,0.0
2469,398,0,0.0,0,0.0,0,0.0,0,0.0
2469,414,0,0.0,0,0.0,0,0.0,0,0.0
2469,382,0,0.0,0,0.0,0,0.0,0,0.0
2469,2434,0,0.0,0,0.0,0,0.0,0,0.0
2469,1035,0,0.0,0,0.0,0,0.0,0,0.0
2502,761,0,0.0,0,0.0,0,0.0,0,0.0
2502,92,0,0.0,0,0.0,0,0.0,0,0.0
2502,443,0,0.0,0,0.0,0,0.0,0,0.0
2502,343,0,0.0,0,0.0,0,0.0,0,0.0
2502,52,0,0.0,0,0.0,0,0.0,0,0.0
2522,163,0,0.0,0,0.0,0,0.0,0,0.0
2522,269,0,0.0,0,0.0,0,0.0,0,0.0
2522,184,0,0.0,0,0.0,0,0.0,0,0.0
2522,367,0,0.0,0,0.0,0,0.0,0,0.0
2522,95,0,0.0,0,0.0,0,0.0,0,0.0
2530,781,0,0.0,0,0.0,0,0.0,0,0.0
2530,482,0,0.0,0,0.0,0,0.0,0,0.0
2530,549,0,0.0,0,0.0,0,0.0,0,0.0
2530,663,0,0.0,0,0.0,0,0.0,0,0.0
2530,442,0,0.0,0,0.0,0,0.0,0,0.0
2535,273,0,0.0,0,0.0,0,0.0,0,0.0
2535,167,0,0.0,0,0.0,0,0.0,0,0.0
2535,2130,0,0.0,0,0.0,0,0.0,0,0.0
2535,294,0,0.0,0,0.0,0,0.0,0,0.0
2535,325,0,0.0,0,0.0,0,0.0,0,0.0
2540,2153,0,0.0,0,0.0,0,0.0,0,0.0
2540,2980,0,0.0,0,0.0,0,0.0,0,0.0
2540,2042,0,0.0,0,0.0,0,0.0,0,0.0
2540,650,0,0.0,0,0.0,0,0.0,0,0.0
2540,390,0,0.0,0,0.0,0,0.0,0,0.0
2547,199,0,0.0,0,0.0,0,0.0,0,0.0
2547,741,0,0.0,0,0.0,0,0.0,0,0.0
2547,398,0,0.0,0,0.0,0,0.0,0,0.0
2547,164,0,0.0,0,0.0,0,0.0,0,0.0
2547,813,0,0.0,0,0.0,0,0.0,0,0.0
2548,965,0,0.0,0,0.0,0,0.0,0,0.0
2548,2987,0,0.0,0,0.0,0,0.0,0,0.0
2548,2176,0,0.0,0,0.0,0,0.0,0,0.0
2548,3373,0,0.0,0,0.0,0,0.0,0,0.0
2548,1786,0,0.0,0,0.0,0,0.0,0,0.0
2549,211,0,0.0,0,0.0,0,0.0,0,0.0
2549,791,0,0.0,0,0.0,0,0.0,0,0.0
2549,51,0,0.0,0,0.0,0,0.0,0,0.0
2549,187,0,0.0,0,0.0,0,0.0,0,0.0
2549,5,0,0.0,0,0.0,1,0.5,1,0.1
2558,59,0,0.0,0,0.0,0,0.0,0,0.0
2558,69,0,0.0,0,0.0,0,0.0,0,0.0
2558,56,0,0.0,0,0.0,0,0.0,0,0.0
2558,985,0,0.0,0,0.0,0,0.0,0,0.0
2558,56,0,0.0,0,0.0,0,0.0,0,0.0
2560,353,0,0.0,0,0.0,0,0.0,0,0.0
2560,321,0,0.0,0,0.0,0,0.0,0,0.0
2560,1033,0,0.0,0,0.0,0,0.0,0,0.0
2560,492,0,0.0,0,0.0,0,0.0,0,0.0
2560,314,0,0.0,0,0.0,0,0.0,0,0.0
2584,871,0,0.0,0,0.0,0,0.0,0,0.0
2584,788,0,0.0,0,0.0,0,0.0,0,0.0
2584,956,0,0.0,0,0.0,0,0.0,0,0.0
2584,464,0,0.0,0,0.0,0,0.0,0,0.0
2584,710,0,0.0,0,0.0,0,0.0,0,0.0
2595,106,0,0.0,0,0.0,0,0.0,0,0.0
2595,371,0,0.0,0,0.0,0,0.0,0,0.0
2595,117,0,0.0,0,0.0,0,0.0,0,0.0
2595,15,0,0.0,0,0.0,0,0.0,1,0.1
2595,2142,0,0.0,0,0.0,0,0.0,0,0.0
2599,264,0,0.0,0,0.0,0,0.0,0,0.0
2599,1089,0,0.0,0,0.0,0,0.0,0,0.0
2599,1090,0,0.0,0,0.0,0,0.0,0,0.0
2614,121,0,0.0,0,0.0,0,0.0,0,0.0
2614,131,0,0.0,0,0.0,0,0.0,0,0.0
2614,78,0,0.0,0,0.0,0,0.0,0,0.0
2614,2266,0,0.0,0,0.0,0,0.0,0,0.0
2614,97,0,0.0,0,0.0,0,0.0,0,0.0
2616,1049,0,0.0,0,0.0,0,0.0,0,0.0
2616,314,0,0.0,0,0.0,0,0.0,0,0.0
2616,576,0,0.0,0,0.0,0,0.0,0,0.0
2616,417,0,0.0,0,0.0,0,0.0,0,0.0
2616,302,0,0.0,0,0.0,0,0.0,0,0.0
2625,108,0,0.0,0,0.0,0,0.0,0,0.0
2625,0,1,1.0,1,1.0,1,0.5,1,0.1
2625,103,0,0.0,0,0.0,0,0.0,0,0.0
2625,96,0,0.0,0,0.0,0,0.0,0,0.0
2625,84,0,0.0,0,0.0,0,0.0,0,0.0
2630,4019,0,0.0,0,0.0,0,0.0,0,0.0
2630,462,0,0.0,0,0.0,0,0.0,0,0.0
2630,4019,0,0.0,0,0.0,0,0.0,0,0.0
2630,3018,0,0.0,0,0.0,0,0.0,0,0.0
2630,3091,0,0.0,0,0.0,0,0.0,0,0.0
2633,213,0,0.0,0,0.0,0,0.0,0,0.0
2633,222,0,0.0,0,0.0,0,0.0,0,0.0
2633,743,0,0.0,0,0.0,0,0.0,0,0.0
2633,1360,0,0.0,0,0.0,0,0.0,0,0.0
2633,601,0,0.0,0,0.0,0,0.0,0,0.0
2647,467,0,0.0,0,0.0,0,0.0,0,0.0
2647,403,0,0.0,0,0.0,0,0.0,0,0.0
2647,436,0,0.0,0,0.0,0,0.0,0,0.0
2647,618,0,0.0,0,0.0,0,0.0,0,0.0
2647,394,0,0.0,0,0.0,0,0.0,0,0.0
2656,115,0,0.0,0,0.0,0,0.0,0,0.0
2656,608,0,0.0,0,0.0,0,0.0,0,0.0
2656,1766,0,0.0,0,0.0,0,0.0,0,0.0
2656,223,0,0.0,0,0.0,0,0.0,0,0.0
2656,136,0,0.0,0,0.0,0,0.0,0,0.0
2682,2409,0,0.0,0,0.0,0,0.0,0,0.0
2682,73,0,0.0,0,0.0,0,0.0,0,0.0
2682,121,0,0.0,0,0.0,0,0.0,0,0.0
2682,140,0,0.0,0,0.0,0,0.0,0,0.0
2682,490,0,0.0,0,0.0,0,0.0,0,0.0
2694,2473,0,0.0,0,0.0,0,0.0,0,0.0
2694,2257,0,0.0,0,0.0,0,0.0,0,0.0
2694,1721,0,0.0,0,0.0,0,0.0,0,0.0
2694,779,0,0.0,0,0.0,0,0.0,0,0.0
2694,1216,0,0.0,0,0.0,0,0.0,0,0.0
2699,619,0,0.0,0,0.0,0,0.0,0,0.0
2699,302,0,0.0,0,0.0,0,0.0,0,0.0
2699,420,0,0.0,0,0.0,0,0.0,0,0.0
2699,421,0,0.0,0,0.0,0,0.0,0,0.0
2699,570,0,0.0,0,0.0,0,0.0,0,0.0
2705,535,0,0.0,0,0.0,0,0.0,0,0.0
2705,817,0,0.0,0,0.0,0,0.0,0,0.0
2705,663,0,0.0,0,0.0,0,0.0,0,0.0
2705,1855,0,0.0,0,0.0,0,0.0,0,0.0
2705,760,0,0.0,0,0.0,0,0.0,0,0.0
2707,859,0,0.0,0,0.0,0,0.0,0,0.0
2707,29,0,0.0,0,0.0,0,0.0,1,0.1
2707,238,0,0.0,0,0.0,0,0.0,0,0.0
2707,3543,0,0.0,0,0.0,0,0.0,0,0.0
2707,170,0,0.0,0,0.0,0,0.0,0,0.0
2709,207,0,0.0,0,0.0,0,0.0,0,0.0
2709,286,0,0.0,0,0.0,0,0.0,0,0.0
2709,236,0,0.0,0,0.0,0,0.0,0,0.0
2709,222,0,0.0,0,0.0,0,0.0,0,0.0
2709,221,0,0.0,0,0.0,0,0.0,0,0.0
2723,43,0,0.0,0,0.0,0,0.0,1,0.1
2723,0,1,1.0,1,1.0,1,0.5,1,0.1
2723,19,0,0.0,0,0.0,0,0.0,1,0.1
2723,10,0,0.0,0,0.0,0,0.0,1,0.1
2723,40,0,0.0,0,0.0,0,0.0,1,0.1
2733,160,0,0.0,0,0.0,0,0.0,0,0.0
2733,297,0,0.0,0,0.0,0,0.0,0,0.0
2733,241,0,0.0,0,0.0,0,0.0,0,0.0
2733,816,0,0.0,0,0.0,0,0.0,0,0.0
2733,231,0,0.0,0,0.0,0,0.0,0,0.0
2741,25,0,0.0,0,0.0,0,0.0,1,0.1
2741,47,0,0.0,0,0.0,0,0.0,1,0.06
2741,580,0,0.0,0,0.0,0,0.0,0,0.0
2741,1317,0,0.0,0,0.0,0,0.0,0,0.0
2741,56,0,0.0,0,0.0,0,0.0,0,0.0
2751,751,0,0.0,0,0.0,0,0.0,0,0.0
2751,430,0,0.0,0,0.0,0,0.0,0,0.0
2751,4053,0,0.0,0,0.0,0,0.0,0,0.0
2751,3881,0,0.0,0,0.0,0,0.0,0,0.0
2761,1366,0,0.0,0,0.0,0,0.0,0,0.0
2761,675,0,0.0,0,0.0,0,0.0,0,0.0
2761,882,0,0.0,0,0.0,0,0.0,0,0.0
2761,981,0,0.0,0,0.0,0,0.0,0,0.0
2761,1066,0,0.0,0,0.0,0,0.0,0,0.0
2763,0,1,1.0,1,1.0,1,0.5,1,0.1
2763,232,0,0.0,0,0.0,0,0.0,0,0.0
2763,15,0,0.0,0,0.0,0,0.0,1,0.1
2763,24,0,0.0,0,0.0,0,0.0,1,0.1
2763,302,0,0.0,0,0.0,0,0.0,0,0.0
2764,880,0,0.0,0,0.0,0,0.0,0,0.0
2764,1126,0,0.0,0,0.0,0,0.0,0,0.0
2764,260,0,0.0,0,0.0,0,0.0,0,0.0
2764,232,0,0.0,0,0.0,0,0.0,0,0.0
2764,1765,0,0.0,0,0.0,0,0.0,0,0.0
2777,161,0,0.0,0,0.0,0,0.0,0,0.0
2777,602,0,0.0,0,0.0,0,0.0,0,0.0
2777,226,0,0.0,0,0.0,0,0.0,0,0.0
2777,625,0,0.0,0,0.0,0,0.0,0,0.0
2781,5,0,0.0,0,0.0,1,0.5,1,0.1
2781,0,1,1.0,1,1.0,1,0.5,1,0.1
2781,5,0,0.0,0,0.0,1,0.5,1,0.1
2781,166,0,0.0,0,0.0,0,0.0,0,0.0
2781,962,0,0.0,0,0.0,0,0.0,0,0.0
2784,464,0,0.0,0,0.0,0,0.0,0,0.0
2784,153,0,0.0,0,0.0,0,0.0,0,0.0
2784,116,0,0.0,0,0.0,0,0.0,0,0.0
2784,261,0,0.0,0,0.0,0,0.0,0,0.0
2788,2317,0,0.0,0,0.0,0,0.0,0,0.0
2788,713,0,0.0,0,0.0,0,0.0,0,0.0
2788,1046,0,0.0,0,0.0,0,0.0,0,0.0
2788,1642,0,0.0,0,0.0,0,0.0,0,0.0
2788,363,0,0.0,0,0.0,0,0.0,0,0.0
2790,93,0,0.0,0,0.0,0,0.0,0,0.0
2790,84,0,0.0,0,0.0,0,0.0,0,0.0
2790,34,0,0.0,0,0.0,0,0.0,1,0.1
2790,344,0,0.0,0,0.0,0,0.0,0,0.0
2790,100,0,0.0,0,0.0,0,0.0,0,0.0
2822,24,0,0.0,0,0.0,0,0.0,1,0.1
2822,20,0,0.0,0,0.0,0,0.0,1,0.1
2822,29,0,0.0,0,0.0,0,0.0,1,0.1
2822,19,0,0.0,0,0.0,0,0.0,1,0.1
2822,20,0,0.0,0,0.0,0,0.0,1,0.1
2828,29,0,0.0,0,0.0,0,0.0,1,0.1
2828,29,0,0.0,0,0.0,0,0.0,1,0.1
2828,141,0,0.0,0,0.0,0,0.0,0,0.0
2828,83,0,0.0,0,0.0,0,0.0,0,0.0
2828,56,0,0.0,0,0.0,0,0.0,0,0.0
2830,251,0,0.0,0,0.0,0,0.0,0,0.0
2830,348,0,0.0,0,0.0,0,0.0,0,0.0
2830,1916,0,0.0,0,0.0,0,0.0,0,0.0
2832,1888,0,0.0,0,0.0,0,0.0,0,0.0
2832,2763,0,0.0,0,0.0,0,0.0,0,0.0
2832,1783,0,0.0,0,0.0,0,0.0,0,0.0
2832,3339,0,0.0,0,0.0,0,0.0,0,0.0
2832,2538,0,0.0,0,0.0,0,0.0,0,0.0
2833,13,0,0.0,0,0.0,0,0.0,1,0.1
2833,34,0,0.0,0,0.0,0,0.0,1,0.1
2833,0,1,1.0,1,1.0,1,0.5,1,0.1
2833,0,1,1.0,1,1.0,1,0.5,1,0.1
2833,54,0,0.0,0,0.0,0,0.0,0,0.0
2841,870,0,0.0,0,0.0,0,0.0,0,0.0
2841,1280,0,0.0,0,0.0,0,0.0,0,0.0
2841,1041,0,0.0,0,0.0,0,0.0,0,0.0
2841,135,0,0.0,0,0.0,0,0.0,0,0.0
2841,240,0,0.0,0,0.0,0,0.0,0,0.0
2865,30,0,0.0,0,0.0,0,0.0,1,0.1
2865,133,0,0.0,0,0.0,0,0.0,0,0.0
2865,3035,0,0.0,0,0.0,0,0.0,0,0.0
2865,161,0,0.0,0,0.0,0,0.0,0,0.0
2865,150,0,0.0,0,0.0,0,0.0,0,0.0
2866,116,0,0.0,0,0.0,0,0.0,0,0.0
2866,370,0,0.0,0,0.0,0,0.0,0,0.0
2866,87,0,0.0,0,0.0,0,0.0,0,0.0
2866,317,0,0.0,0,0.0,0,0.0,0,0.0
2866,49,0,0.0,0,0.0,0,0.0,1,0.02
2871,19,0,0.0,0,0.0,0,0.0,1,0.1
2871,73,0,0.0,0,0.0,0,0.0,0,0.0
2871,25,0,0.0,0,0.0,0,0.0,1,0.1
2871,103,0,0.0,0,0.0,0,0.0,0,0.0
2871,109,0,0.0,0,0.0,0,0.0,0,0.0
2884,1419,0,0.0,0,0.0,0,0.0,0,0.0
2884,392,0,0.0,0,0.0,0,0.0,0,0.0
2884,778,0,0.0,0,0.0,0,0.0,0,0.0
2898,215,0,0.0,0,0.0,0,0.0,0,0.0
2898,66,0,0.0,0,0.0,0,0.0,0,0.0
2898,883,0,0.0,0,0.0,0,0.0,0,0.0
2898,94,0,0.0,0,0.0,0,0.0,0,0.0
2898,84,0,0.0,0,0.0,0,0.0,0,0.0
2907,0,1,1.0,1,1.0,1,0.5,1,0.1
2907,131,0,0.0,0,0.0,0,0.0,0,0.0
2907,40,0,0.0,0,0.0,0,0.0,1,0.1
2907,132,0,0.0,0,0.0,0,0.0,0,0.0
2907,108,0,0.0,0,0.0,0,0.0,0,0.0
2909,271,0,0.0,0,0.0,0,0.0,0,0.0
2909,114,0,0.0,0,0.0,0,0.0,0,0.0
2909,174,0,0.0,0,0.0,0,0.0,0,0.0
2909,599,0,0.0,0,0.0,0,0.0,0,0.0
2909,318,0,0.0,0,0.0,0,0.0,0,0.0
2910,2421,0,0.0,0,0.0,0,0.0,0,0.0
2910,4014,0,0.0,0,0.0,0,0.0,0,0.0
2910,2736,0,0.0,0,0.0,0,0.0,0,0.0
2910,3806,0,0.0,0,0.0,0,0.0,0,0.0
2910,1423,0,0.0,0,0.0,0,0.0,0,0.0
2921,35,0,0.0,0,0.0,0,0.0,1,0.1
2921,1407,0,0.0,0,0.0,0,0.0,0,0.0
2921,1558,0,0.0,0,0.0,0,0.0,0,0.0
2921,343,0,0.0,0,0.0,0,0.0,0,0.0
2921,398,0,0.0,0,0.0,0,0.0,0,0.0
2950,747,0,0.0,0,0.0,0,0.0,0,0.0
2950,607,0,0.0,0,0.0,0,0.0,0,0.0
2950,1572,0,0.0,0,0.0,0,0.0,0,0.0
2950,771,0,0.0,0,0.0,0,0.0,0,0.0
2968,1452,0,0.0,0,0.0,0,0.0,0,0.0
2968,1349,0,0.0,0,0.0,0,0.0,0,0.0
2968,624,0,0.0,0,0.0,0,0.0,0,0.0
2968,704,0,0.0,0,0.0,0,0.0,0,0.0
2968,733,0,0.0,0,0.0,0,0.0,0,0.0
2983,362,0,0.0,0,0.0,0,0.0,0,0.0
2983,1808,0,0.0,0,0.0,0,0.0,0,0.0
2983,307,0,0.0,0,0.0,0,0.0,0,0.0
2983,912,0,0.0,0,0.0,0,0.0,0,0.0
2983,36,0,0.0,0,0.0,0,0.0,1,0.1
2990,350,0,0.0,0,0.0,0,0.0,0,0.0
2990,349,0,0.0,0,0.0,0,0.0,0,0.0
2990,2800,0,0.0,0,0.0,0,0.0,0,0.0
2990,176,0,0.0,0,0.0,0,0.0,0,0.0
2990,1587,0,0.0,0,0.0,0,0.0,0,0.0
2995,170,0,0.0,0,0.0,0,0.0,0,0.0
2995,40,0,0.0,0,0.0,0,0.0,1,0.1
2995,98,0,0.0,0,0.0,0,0.0,0,0.0
2995,63,0,0.0,0,0.0,0,0.0,0,0.0
2995,1556,0,0.0,0,0.0,0,0.0,0,0.0
2999,171,0,0.0,0,0.0,0,0.0,0,0.0
2999,0,1,1.0,1,0.8,1,0.4,1,0.08
2999,0,1,1.0,1,0.8,1,0.4,1,0.08
2999,0,1,1.0,1,0.8,1,0.4,1,0.08
3012,0,1,1.0,1,0.6,1,0.3,1,0.06
3012,239,0,0.0,0,0.0,0,0.0,0,0.0
3012,27,0,0.0,0,0.0,0,0.0,1,0.06
3014,185,0,0.0,0,0.0,0,0.0,0,0.0
3014,384,0,0.0,0,0.0,0,0.0,0,0.0
3014,2526,0,0.0,0,0.0,0,0.0,0,0.0
3014,1421,0,0.0,0,0.0,0,0.0,0,0.0
3014,430,0,0.0,0,0.0,0,0.0,0,0.0
3016,142,0,0.0,0,0.0,0,0.0,0,0.0
3016,24,0,0.0,0,0.0,0,0.0,1,0.1
3016,24,0,0.0,0,0.0,0,0.0,1,0.1
3016,877,0,0.0,0,0.0,0,0.0,0,0.0
3016,77,0,0.0,0,0.0,0,0.0,0,0.0
3030,426,0,0.0,0,0.0,0,0.0,0,0.0
3030,420,0,0.0,0,0.0,0,0.0,0,0.0
3030,386,0,0.0,0,0.0,0,0.0,0,0.0
3030,312,0,0.0,0,0.0,0,0.0,0,0.0
3040,664,0,0.0,0,0.0,0,0.0,0,0.0
3040,233,0,0.0,0,0.0,0,0.0,0,0.0
3040,788,0,0.0,0,0.0,0,0.0,0,0.0
3040,550,0,0.0,0,0.0,0,0.0,0,0.0
3040,393,0,0.0,0,0.0,0,0.0,0,0.0
3043,332,0,0.0,0,0.0,0,0.0,0,0.0
3043,357,0,0.0,0,0.0,0,0.0,0,0.0
3043,218,0,0.0,0,0.0,0,0.0,0,0.0
3043,586,0,0.0,0,0.0,0,0.0,0,0.0
3043,236,0,0.0,0,0.0,0,0.0,0,0.0
3057,409,0,0.0,0,0.0,0,0.0,0,0.0
3057,402,0,0.0,0,0.0,0,0.0,0,0.0
3057,429,0,0.0,0,0.0,0,0.0,0,0.0
3057,320,0,0.0,0,0.0,0,0.0,0,0.0
3057,206,0,0.0,0,0.0,0,0.0,0,0.0
3068,76,0,0.0,0,0.0,0,0.0,0,0.0
3068,118,0,0.0,0,0.0,0,0.0,0,0.0
3068,143,0,0.0,0,0.0,0,0.0,0,0.0
3068,40,0,0.0,0,0.0,0,0.0,1,0.1
3068,1986,0,0.0,0,0.0,0,0.0,0,0.0
3091,54,0,0.0,0,0.0,0,0.0,0,0.0
3091,569,0,0.0,0,0.0,0,0.0,0,0.0
3091,141,0,0.0,0,0.0,0,0.0,0,0.0
3091,374,0,0.0,0,0.0,0,0.0,0,0.0
3091,224,0,0.0,0,0.0,0,0.0,0,0.0
3097,460,0,0.0,0,0.0,0,0.0,0,0.0
3097,426,0,0.0,0,0.0,0,0.0,0,0.0
3097,2273,0,0.0,0,0.0,0,0.0,0,0.0
3097,809,0,0.0,0,0.0,0,0.0,0,0.0
3097,1503,0,0.0,0,0.0,0,0.0,0,0.0
3119,945,0,0.0,0,0.0,0,0.0,0,0.0
3119,1060,0,0.0,0,0.0,0,0.0,0,0.0
3119,868,0,0.0,0,0.0,0,0.0,0,0.0
3119,894,0,0.0,0,0.0,0,0.0,0,0.0
3119,856,0,0.0,0,0.0,0,0.0,0,0.0
3124,643,0,0.0,0,0.0,0,0.0,0,0.0
3124,1334,0,0.0,0,0.0,0,0.0,0,0.0
3124,746,0,0.0,0,0.0,0,0.0,0,0.0
3124,56,0,0.0,0,0.0,0,0.0,0,0.0
3124,1545,0,0.0,0,0.0,0,0.0,0,0.0
3143,20,0,0.0,0,0.0,0,0.0,1,0.1
3143,25,0,0.0,0,0.0,0,0.0,1,0.1
3143,0,1,1.0,1,1.0,1,0.5,1,0.1
3143,10,0,0.0,0,0.0,0,0.0,1,0.1
3143,15,0,0.0,0,0.0,0,0.0,1,0.1
3152,970,0,0.0,0,0.0,0,0.0,0,0.0
3152,449,0,0.0,0,0.0,0,0.0,0,0.0
3152,196,0,0.0,0,0.0,0,0.0,0,0.0
3152,341,0,0.0,0,0.0,0,0.0,0,0.0
3152,371,0,0.0,0,0.0,0,0.0,0,0.0
3154,73,0,0.0,0,0.0,0,0.0,0,0.0
3154,120,0,0.0,0,0.0,0,0.0,0,0.0
3154,320,0,0.0,0,0.0,0,0.0,0,0.0
3154,63,0,0.0,0,0.0,0,0.0,0,0.0
3154,14,0,0.0,0,0.0,0,0.0,1,0.1
3163,1085,0,0.0,0,0.0,0,0.0,0,0.0
3163,1322,0,0.0,0,0.0,0,0.0,0,0.0
3163,877,0,0.0,0,0.0,0,0.0,0,0.0
3163,734,0,0.0,0,0.0,0,0.0,0,0.0
3176,397,0,0.0,0,0.0,0,0.0,0,0.0
3176,8,0,0.0,0,0.0,1,0.2,1,0.1
3176,157,0,0.0,0,0.0,0,0.0,0,0.0
3176,105,0,0.0,0,0.0,0,0.0,0,0.0
3176,25,0,0.0,0,0.0,0,0.0,1,0.1
3197,630,0,0.0,0,0.0,0,0.0,0,0.0
3197,322,0,0.0,0,0.0,0,0.0,0,0.0
3197,2007,0,0.0,0,0.0,0,0.0,0,0.0
3197,751,0,0.0,0,0.0,0,0.0,0,0.0
3197,333,0,0.0,0,0.0,0,0.0,0,0.0
3213,839,0,0.0,0,0.0,0,0.0,0,0.0
3213,692,0,0.0,0,0.0,0,0.0,0,0.0
3213,175,0,0.0,0,0.0,0,0.0,0,0.0
3213,1242,0,0.0,0,0.0,0,0.0,0,0.0
3213,4,0,0.0,1,0.2,1,0.5,1,0.1
3217,127,0,0.0,0,0.0,0,0.0,0,0.0
3217,81,0,0.0,0,0.0,0,0.0,0,0.0
3217,1202,0,0.0,0,0.0,0,0.0,0,0.0
3217,104,0,0.0,0,0.0,0,0.0,0,0.0
3221,0,1,1.0,1,1.0,1,0.5,1,0.1
3221,0,1,1.0,1,1.0,1,0.5,1,0.1
3221,835,0,0.0,0,0.0,0,0.0,0,0.0
3221,0,1,1.0,1,1.0,1,0.5,1,0.1
3221,0,1,1.0,1,1.0,1,0.5,1,0.1
3226,39,0,0.0,0,0.0,0,0.0,1,0.1
3226,0,1,1.0,1,1.0,1,0.5,1,0.1
3226,666,0,0.0,0,0.0,0,0.0,0,0.0
3226,3593,0,0.0,0,0.0,0,0.0,0,0.0
3226,2108,0,0.0,0,0.0,0,0.0,0,0.0
3244,475,0,0.0,0,0.0,0,0.0,0,0.0
3244,204,0,0.0,0,0.0,0,0.0,0,0.0
3244,280,0,0.0,0,0.0,0,0.0,0,0.0
3244,203,0,0.0,0,0.0,0,0.0,0,0.0
3249,1894,0,0.0,0,0.0,0,0.0,0,0.0
3249,351,0,0.0,0,0.0,0,0.0,0,0.0
3249,25,0,0.0,0,0.0,0,0.0,1,0.1
3249,1624,0,0.0,0,0.0,0,0.0,0,0.0
3249,476,0,0.0,0,0.0,0,0.0,0,0.0
3251,5,0,0.0,0,0.0,1,0.5,1,0.1
3251,5,0,0.0,0,0.0,1,0.5,1,0.1
3251,10,0,0.0,0,0.0,0,0.0,1,0.1
3251,75,0,0.0,0,0.0,0,0.0,0,0.0
3251,0,1,1.0,1,1.0,1,0.5,1,0.1
3257,19,0,0.0,0,0.0,0,0.0,1,0.1
3257,452,0,0.0,0,0.0,0,0.0,0,0.0
3257,5,0,0.0,0,0.0,1,0.5,1,0.1
3257,14,0,0.0,0,0.0,0,0.0,1,0.1
3257,5,0,0.0,0,0.0,1,0.5,1,0.1
3258,897,0,0.0,0,0.0,0,0.0,0,0.0
3258,568,0,0.0,0,0.0,0,0.0,0,0.0
3258,331,0,0.0,0,0.0,0,0.0,0,0.0
3258,289,0,0.0,0,0.0,0,0.0,0,0.0
3261,3090,0,0.0,0,0.0,0,0.0,0,0.0
3261,3617,0,0.0,0,0.0,0,0.0,0,0.0
3261,3451,0,0.0,0,0.0,0,0.0,0,0.0
3261,1702,0,0.0,0,0.0,0,0.0,0,0.0
3261,3577,0,0.0,0,0.0,0,0.0,0,0.0
3264,220,0,0.0,0,0.0,0,0.0,0,0.0
3264,330,0,0.0,0,0.0,0,0.0,0,0.0
3264,309,0,0.0,0,0.0,0,0.0,0,0.0
3264,566,0,0.0,0,0.0,0,0.0,0,0.0
3267,1277,0,0.0,0,0.0,0,0.0,0,0.0
3267,913,0,0.0,0,0.0,0,0.0,0,0.0
3267,952,0,0.0,0,0.0,0,0.0,0,0.0
3267,1054,0,0.0,0,0.0,0,0.0,0,0.0
3267,1025,0,0.0,0,0.0,0,0.0,0,0.0
3275,2309,0,0.0,0,0.0,0,0.0,0,0.0
3275,2882,0,0.0,0,0.0,0,0.0,0,0.0
3275,138,0,0.0,0,0.0,0,0.0,0,0.0
3275,135,0,0.0,0,0.0,0,0.0,0,0.0
3275,2765,0,0.0,0,0.0,0,0.0,0,0.0
3284,10,0,0.0,0,0.0,0,0.0,1,0.08
3284,30,0,0.0,0,0.0,0,0.0,1,0.08
3284,0,1,1.0,1,0.8,1,0.4,1,0.08
3284,20,0,0.0,0,0.0,0,0.0,1,0.08
3298,2288,0,0.0,0,0.0,0,0.0,0,0.0
3298,407,0,0.0,0,0.0,0,0.0,0,0.0
3298,1817,0,0.0,0,0.0,0,0.0,0,0.0
3298,2975,0,0.0,0,0.0,0,0.0,0,0.0
3298,709,0,0.0,0,0.0,0,0.0,0,0.0
3307,66,0,0.0,0,0.0,0,0.0,0,0.0
3307,76,0,0.0,0,0.0,0,0.0,0,0.0
3307,49,0,0.0,0,0.0,0,0.0,1,0.02
3307,10,0,0.0,0,0.0,0,0.0,1,0.1
3307,56,0,0.0,0,0.0,0,0.0,0,0.0
3315,299,0,0.0,0,0.0,0,0.0,0,0.0
3315,943,0,0.0,0,0.0,0,0.0,0,0.0
3315,647,0,0.0,0,0.0,0,0.0,0,0.0
3315,355,0,0.0,0,0.0,0,0.0,0,0.0
3315,576,0,0.0,0,0.0,0,0.0,0,0.0
3327,474,0,0.0,0,0.0,0,0.0,0,0.0
3327,989,0,0.0,0,0.0,0,0.0,0,0.0
3327,114,0,0.0,0,0.0,0,0.0,0,0.0
3327,2358,0,0.0,0,0.0,0,0.0,0,0.0
3327,172,0,0.0,0,0.0,0,0.0,0,0.0
3352,78,0,0.0,0,0.0,0,0.0,0,0.0
3352,50,0,0.0,0,0.0,0,0.0,0,0.0
3352,68,0,0.0,0,0.0,0,0.0,0,0.0
3352,132,0,0.0,0,0.0,0,0.0,0,0.0
3360,25,0,0.0,0,0.0,0,0.0,1,0.08
3360,98,0,0.0,0,0.0,0,0.0,0,0.0
3360,20,0,0.0,0,0.0,0,0.0,1,0.08
3360,20,0,0.0,0,0.0,0,0.0,1,0.08
3373,10,0,0.0,0,0.0,0,0.0,1,0.1
3373,92,0,0.0,0,0.0,0,0.0,0,0.0
3373,35,0,0.0,0,0.0,0,0.0,1,0.1
3373,255,0,0.0,0,0.0,0,0.0,0,0.0
3373,309,0,0.0,0,0.0,0,0.0,0,0.0
3376,667,0,0.0,0,0.0,0,0.0,0,0.0
3376,314,0,0.0,0,0.0,0,0.0,0,0.0
3376,1694,0,0.0,0,0.0,0,0.0,0,0.0
3376,157,0,0.0,0,0.0,0,0.0,0,0.0
3376,29,0,0.0,0,0.0,0,0.0,1,0.1
3377,261,0,0.0,0,0.0,0,0.0,0,0.0
3377,1501,0,0.0,0,0.0,0,0.0,0,0.0
3377,149,0,0.0,0,0.0,0,0.0,0,0.0
3377,227,0,0.0,0,0.0,0,0.0,0,0.0
3377,239,0,0.0,0,0.0,0,0.0,0,0.0
3392,3909,0,0.0,0,0.0,0,0.0,0,0.0
3392,806,0,0.0,0,0.0,0,0.0,0,0.0
3392,2298,0,0.0,0,0.0,0,0.0,0,0.0
3392,3091,0,0.0,0,0.0,0,0.0,0,0.0
3392,3362,0,0.0,0,0.0,0,0.0,0,0.0
3395,403,0,0.0,0,0.0,0,0.0,0,0.0
3395,391,0,0.0,0,0.0,0,0.0,0,0.0
3395,50,0,0.0,0,0.0,0,0.0,0,0.0
3395,547,0,0.0,0,0.0,0,0.0,0,0.0
3395,681,0,0.0,0,0.0,0,0.0,0,0.0
3400,988,0,0.0,0,0.0,0,0.0,0,0.0
3400,771,0,0.0,0,0.0,0,0.0,0,0.0
3400,1104,0,0.0,0,0.0,0,0.0,0,0.0
3400,2006,0,0.0,0,0.0,0,0.0,0,0.0
3400,959,0,0.0,0,0.0,0,0.0,0,0.0
3433,455,0,0.0,0,0.0,0,0.0,0,0.0
3433,417,0,0.0,0,0.0,0,0.0,0,0.0
3433,436,0,0.0,0,0.0,0,0.0,0,0.0
3433,445,0,0.0,0,0.0,0,0.0,0,0.0
3449,482,0,0.0,0,0.0,0,0.0,0,0.0
3449,532,0,0.0,0,0.0,0,0.0,0,0.0
3449,596,0,0.0,0,0.0,0,0.0,0,0.0
3449,248,0,0.0,0,0.0,0,0.0,0,0.0
3449,217,0,0.0,0,0.0,0,0.0,0,0.0
3463,476,0,0.0,0,0.0,0,0.0,0,0.0
3463,3342,0,0.0,0,0.0,0,0.0,0,0.0
3463,523,0,0.0,0,0.0,0,0.0,0,0.0
3463,620,0,0.0,0,0.0,0,0.0,0,0.0
3463,559,0,0.0,0,0.0,0,0.0,0,0.0
3467,1528,0,0.0,0,0.0,0,0.0,0,0.0
3467,1074,0,0.0,0,0.0,0,0.0,0,0.0
3467,428,0,0.0,0,0.0,0,0.0,0,0.0
3467,240,0,0.0,0,0.0,0,0.0,0,0.0
3467,297,0,0.0,0,0.0,0,0.0,0,0.0
3479,29,0,0.0,0,0.0,0,0.0,1,0.1
3479,68,0,0.0,0,0.0,0,0.0,0,0.0
3479,126,0,0.0,0,0.0,0,0.0,0,0.0
3479,58,0,0.0,0,0.0,0,0.0,0,0.0
3479,379,0,0.0,0,0.0,0,0.0,0,0.0
3491,1882,0,0.0,0,0.0,0,0.0,0,0.0
3491,750,0,0.0,0,0.0,0,0.0,0,0.0
3491,1194,0,0.0,0,0.0,0,0.0,0,0.0
3491,1598,0,0.0,0,0.0,0,0.0,0,0.0
3491,526,0,0.0,0,0.0,0,0.0,0,0.0
3494,709,0,0.0,0,0.0,0,0.0,0,0.0
3494,375,0,0.0,0,0.0,0,0.0,0,0.0
3494,1437,0,0.0,0,0.0,0,0.0,0,0.0
3494,242,0,0.0,0,0.0,0,0.0,0,0.0
3494,1150,0,0.0,0,0.0,0,0.0,0,0.0
3500,2496,0,0.0,0,0.0,0,0.0,0,0.0
3500,683,0,0.0,0,0.0,0,0.0,0,0.0
3500,226,0,0.0,0,0.0,0,0.0,0,0.0
3500,442,0,0.0,0,0.0,0,0.0,0,0.0
3500,498,0,0.0,0,0.0,0,0.0,0,0.0
3515,69,0,0.0,0,0.0,0,0.0,0,0.0
3515,115,0,0.0,0,0.0,0,0.0,0,0.0
3515,57,0,0.0,0,0.0,0,0.0,0,0.0
3515,187,0,0.0,0,0.0,0,0.0,0,0.0
3515,139,0,0.0,0,0.0,0,0.0,0,0.0
3518,199,0,0.0,0,0.0,0,0.0,0,0.0
3518,330,0,0.0,0,0.0,0,0.0,0,0.0
3518,2280,0,0.0,0,0.0,0,0.0,0,0.0
3518,220,0,0.0,0,0.0,0,0.0,0,0.0
3518,157,0,0.0,0,0.0,0,0.0,0,0.0
3534,304,0,0.0,0,0.0,0,0.0,0,0.0
3534,857,0,0.0,0,0.0,0,0.0,0,0.0
3534,329,0,0.0,0,0.0,0,0.0,0,0.0
3534,317,0,0.0,0,0.0,0,0.0,0,0.0
3534,255,0,0.0,0,0.0,0,0.0,0,0.0
3536,65,0,0.0,0,0.0,0,0.0,0,0.0
3536,4,0,0.0,1,0.2,1,0.5,1,0.1
3536,959,0,0.0,0,0.0,0,0.0,0,0.0
3536,131,0,0.0,0,0.0,0,0.0,0,0.0
3536,61,0,0.0,0,0.0,0,0.0,0,0.0
3556,2572,0,0.0,0,0.0,0,0.0,0,0.0
3556,0,1,1.0,1,1.0,1,0.5,1,0.1
3556,202,0,0.0,0,0.0,0,0.0,0,0.0
3556,45,0,0.0,0,0.0,0,0.0,1,0.1
3556,24,0,0.0,0,0.0,0,0.0,1,0.1
3578,751,0,0.0,0,0.0,0,0.0,0,0.0
3578,1226,0,0.0,0,0.0,0,0.0,0,0.0
3578,218,0,0.0,0,0.0,0,0.0,0,0.0
3578,226,0,0.0,0,0.0,0,0.0,0,0.0
3578,1216,0,0.0,0,0.0,0,0.0,0,0.0
3591,188,0,0.0,0,0.0,0,0.0,0,0.0
3591,438,0,0.0,0,0.0,0,0.0,0,0.0
3591,581,0,0.0,0,0.0,0,0.0,0,0.0
3591,83,0,0.0,0,0.0,0,0.0,0,0.0
3594,133,0,0.0,0,0.0,0,0.0,0,0.0
3594,97,0,0.0,0,0.0,0,0.0,0,0.0
3594,55,0,0.0,0,0.0,0,0.0,0,0.0
3594,101,0,0.0,0,0.0,0,0.0,0,0.0
3594,653,0,0.0,0,0.0,0,0.0,0,0.0
3595,2073,0,0.0,0,0.0,0,0.0,0,0.0
3595,508,0,0.0,0,0.0,0,0.0,0,0.0
3595,2743,0,0.0,0,0.0,0,0.0,0,0.0
3595,567,0,0.0,0,0.0,0,0.0,0,0.0
3595,1371,0,0.0,0,0.0,0,0.0,0,0.0
3616,44,0,0.0,0,0.0,0,0.0,1,0.06
3616,115,0,0.0,0,0.0,0,0.0,0,0.0
3616,10,0,0.0,0,0.0,0,0.0,1,0.06
3622,142,0,0.0,0,0.0,0,0.0,0,0.0
3622,343,0,0.0,0,0.0,0,0.0,0,0.0
3622,117,0,0.0,0,0.0,0,0.0,0,0.0
3622,1155,0,0.0,0,0.0,0,0.0,0,0.0
3622,2625,0,0.0,0,0.0,0,0.0,0,0.0
3653,2071,0,0.0,0,0.0,0,0.0,0,0.0
3653,150,0,0.0,0,0.0,0,0.0,0,0.0
3653,87,0,0.0,0,0.0,0,0.0,0,0.0
3653,81,0,0.0,0,0.0,0,0.0,0,0.0
3653,67,0,0.0,0,0.0,0,0.0,0,0.0
3681,963,0,0.0,0,0.0,0,0.0,0,0.0
3681,1251,0,0.0,0,0.0,0,0.0,0,0.0
3681,507,0,0.0,0,0.0,0,0.0,0,0.0
3681,373,0,0.0,0,0.0,0,0.0,0,0.0
3681,1908,0,0.0,0,0.0,0,0.0,0,0.0
3692,419,0,0.0,0,0.0,0,0.0,0,0.0
3692,307,0,0.0,0,0.0,0,0.0,0,0.0
3692,34,0,0.0,0,0.0,0,0.0,1,0.1
3692,143,0,0.0,0,0.0,0,0.0,0,0.0
3692,49,0,0.0,0,0.0,0,0.0,1,0.02
3693,2021,0,0.0,0,0.0,0,0.0,0,0.0
3693,852,0,0.0,0,0.0,0,0.0,0,0.0
3693,1187,0,0.0,0,0.0,0,0.0,0,0.0
3693,699,0,0.0,0,0.0,0,0.0,0,0.0
3693,3426,0,0.0,0,0.0,0,0.0,0,0.0
3699,541,0,0.0,0,0.0,0,0.0,0,0.0
3699,556,0,0.0,0,0.0,0,0.0,0,0.0
3699,689,0,0.0,0,0.0,0,0.0,0,0.0
3699,590,0,0.0,0,0.0,0,0.0,0,0.0
3699,1578,0,0.0,0,0.0,0,0.0,0,0.0
3714,543,0,0.0,0,0.0,0,0.0,0,0.0
3714,706,0,0.0,0,0.0,0,0.0,0,0.0
3714,246,0,0.0,0,0.0,0,0.0,0,0.0
3714,943,0,0.0,0,0.0,0,0.0,0,0.0
3714,55,0,0.0,0,0.0,0,0.0,0,0.0
3716,1136,0,0.0,0,0.0,0,0.0,0,0.0
3716,1657,0,0.0,0,0.0,0,0.0,0,0.0
3716,539,0,0.0,0,0.0,0,0.0,0,0.0
3716,1156,0,0.0,0,0.0,0,0.0,0,0.0
3716,2325,0,0.0,0,0.0,0,0.0,0,0.0
3728,2787,0,0.0,0,0.0,0,0.0,0,0.0
3728,459,0,0.0,0,0.0,0,0.0,0,0.0
3728,145,0,0.0,0,0.0,0,0.0,0,0.0
3728,2076,0,0.0,0,0.0,0,0.0,0,0.0
3728,1092,0,0.0,0,0.0,0,0.0,0,0.0
3730,0,1,1.0,1,1.0,1,0.5,1,0.1
3730,0,1,1.0,1,1.0,1,0.5,1,0.1
3730,92,0,0.0,0,0.0,0,0.0,0,0.0
3730,0,1,1.0,1,1.0,1,0.5,1,0.1
3730,15,0,0.0,0,0.0,0,0.0,1,0.1
3735,501,0,0.0,0,0.0,0,0.0,0,0.0
3735,334,0,0.0,0,0.0,0,0.0,0,0.0
3735,460,0,0.0,0,0.0,0,0.0,0,0.0
3735,1996,0,0.0,0,0.0,0,0.0,0,0.0
3735,168,0,0.0,0,0.0,0,0.0,0,0.0
3739,68,0,0.0,0,0.0,0,0.0,0,0.0
3739,431,0,0.0,0,0.0,0,0.0,0,0.0
3739,420,0,0.0,0,0.0,0,0.0,0,0.0
3739,383,0,0.0,0,0.0,0,0.0,0,0.0
3739,340,0,0.0,0,0.0,0,0.0,0,0.0
3751,200,0,0.0,0,0.0,0,0.0,0,0.0
3751,174,0,0.0,0,0.0,0,0.0,0,0.0
3751,1248,0,0.0,0,0.0,0,0.0,0,0.0
3751,81,0,0.0,0,0.0,0,0.0,0,0.0
3774,143,0,0.0,0,0.0,0,0.0,0,0.0
3774,52,0,0.0,0,0.0,0,0.0,0,0.0
3774,148,0,0.0,0,0.0,0,0.0,0,0.0
3774,94,0,0.0,0,0.0,0,0.0,0,0.0
3774,20,0,0.0,0,0.0,0,0.0,1,0.1
3781,132,0,0.0,0,0.0,0,0.0,0,0.0
3781,289,0,0.0,0,0.0,0,0.0,0,0.0
3781,427,0,0.0,0,0.0,0,0.0,0,0.0
3781,375,0,0.0,0,0.0,0,0.0,0,0.0
3781,360,0,0.0,0,0.0,0,0.0,0,0.0
3783,2276,0,0.0,0,0.0,0,0.0,0,0.0
3783,158,0,0.0,0,0.0,0,0.0,0,0.0
3783,3083,0,0.0,0,0.0,0,0.0,0,0.0
3783,957,0,0.0,0,0.0,0,0.0,0,0.0
3783,111,0,0.0,0,0.0,0,0.0,0,0.0
3787,526,0,0.0,0,0.0,0,0.0,0,0.0
3787,408,0,0.0,0,0.0,0,0.0,0,0.0
3787,708,0,0.0,0,0.0,0,0.0,0,0.0
3787,557,0,0.0,0,0.0,0,0.0,0,0.0
3787,149,0,0.0,0,0.0,0,0.0,0,0.0
3792,558,0,0.0,0,0.0,0,0.0,0,0.0
3792,1860,0,0.0,0,0.0,0,0.0,0,0.0
3792,378,0,0.0,0,0.0,0,0.0,0,0.0
3792,192,0,0.0,0,0.0,0,0.0,0,0.0
3792,257,0,0.0,0,0.0,0,0.0,0,0.0
3812,0,1,1.0,1,1.0,1,0.5,1,0.1
3812,109,0,0.0,0,0.0,0,0.0,0,0.0
3812,127,0,0.0,0,0.0,0,0.0,0,0.0
3812,405,0,0.0,0,0.0,0,0.0,0,0.0
3812,34,0,0.0,0,0.0,0,0.0,1,0.1
3813,313,0,0.0,0,0.0,0,0.0,0,0.0
3813,33,0,0.0,0,0.0,0,0.0,1,0.08
3813,84,0,0.0,0,0.0,0,0.0,0,0.0
3813,48,0,0.0,0,0.0,0,0.0,1,0.04
3825,1131,0,0.0,0,0.0,0,0.0,0,0.0
3825,3515,0,0.0,0,0.0,0,0.0,0,0.0
3825,1388,0,0.0,0,0.0,0,0.0,0,0.0
3825,3765,0,0.0,0,0.0,0,0.0,0,0.0
3825,2650,0,0.0,0,0.0,0,0.0,0,0.0
3828,257,0,0.0,0,0.0,0,0.0,0,0.0
3828,154,0,0.0,0,0.0,0,0.0,0,0.0
3828,256,0,0.0,0,0.0,0,0.0,0,0.0
3828,253,0,0.0,0,0.0,0,0.0,0,0.0
3828,166,0,0.0,0,0.0,0,0.0,0,0.0
3844,512,0,0.0,0,0.0,0,0.0,0,0.0
3844,614,0,0.0,0,0.0,0,0.0,0,0.0
3844,56,0,0.0,0,0.0,0,0.0,0,0.0
3844,375,0,0.0,0,0.0,0,0.0,0,0.0
3844,79,0,0.0,0,0.0,0,0.0,0,0.0
3848,248,0,0.0,0,0.0,0,0.0,0,0.0
3848,441,0,0.0,0,0.0,0,0.0,0,0.0
3848,24,0,0.0,0,0.0,0,0.0,1,0.08
3848,84,0,0.0,0,0.0,0,0.0,0,0.0
3873,170,0,0.0,0,0.0,0,0.0,0,0.0
3873,255,0,0.0,0,0.0,0,0.0,0,0.0
3873,269,0,0.0,0,0.0,0,0.0,0,0.0
3873,264,0,0.0,0,0.0,0,0.0,0,0.0
3873,1347,0,0.0,0,0.0,0,0.0,0,0.0
3875,20,0,0.0,0,0.0,0,0.0,1,0.1
3875,5,0,0.0,0,0.0,1,0.5,1,0.1
3875,108,0,0.0,0,0.0,0,0.0,0,0.0
3875,53,0,0.0,0,0.0,0,0.0,0,0.0
3875,0,1,1.0,1,1.0,1,0.5,1,0.1
3880,2750,0,0.0,0,0.0,0,0.0,0,0.0
3880,819,0,0.0,0,0.0,0,0.0,0,0.0
3880,1136,0,0.0,0,0.0,0,0.0,0,0.0
3880,1971,0,0.0,0,0.0,0,0.0,0,0.0
3880,2229,0,0.0,0,0.0,0,0.0,0,0.0
3895,391,0,0.0,0,0.0,0,0.0,0,0.0
3895,417,0,0.0,0,0.0,0,0.0,0,0.0
3895,102,0,0.0,0,0.0,0,0.0,0,0.0
3895,449,0,0.0,0,0.0,0,0.0,0,0.0
3895,463,0,0.0,0,0.0,0,0.0,0,0.0
3898,25,0,0.0,0,0.0,0,0.0,1,0.08
3898,835,0,0.0,0,0.0,0,0.0,0,0.0
3898,2019,0,0.0,0,0.0,0,0.0,0,0.0
3898,1674,0,0.0,0,0.0,0,0.0,0,0.0
3915,127,0,0.0,0,0.0,0,0.0,0,0.0
3915,116,0,0.0,0,0.0,0,0.0,0,0.0
3915,59,0,0.0,0,0.0,0,0.0,0,0.0
3915,268,0,0.0,0,0.0,0,0.0,0,0.0
3921,648,0,0.0,0,0.0,0,0.0,0,0.0
3921,200,0,0.0,0,0.0,0,0.0,0,0.0
3921,548,0,0.0,0,0.0,0,0.0,0,0.0
3921,925,0,0.0,0,0.0,0,0.0,0,0.0
3925,39,0,0.0,0,0.0,0,0.0,1,0.1
3925,108,0,0.0,0,0.0,0,0.0,0,0.0
3925,1294,0,0.0,0,0.0,0,0.0,0,0.0
3925,25,0,0.0,0,0.0,0,0.0,1,0.1
3925,67,0,0.0,0,0.0,0,0.0,0,0.0
3926,2114,0,0.0,0,0.0,0,0.0,0,0.0
3926,99,0,0.0,0,0.0,0,0.0,0,0.0
3926,99,0,0.0,0,0.0,0,0.0,0,0.0
3926,65,0,0.0,0,0.0,0,0.0,0,0.0
3926,95,0,0.0,0,0.0,0,0.0,0,0.0
3933,435,0,0.0,0,0.0,0,0.0,0,0.0
3933,89,0,0.0,0,0.0,0,0.0,0,0.0
3933,71,0,0.0,0,0.0,0,0.0,0,0.0
3933,122,0,0.0,0,0.0,0,0.0,0,0.0
3933,169,0,0.0,0,0.0,0,0.0,0,0.0
3934,2104,0,0.0,0,0.0,0,0.0,0,0.0
3934,624,0,0.0,0,0.0,0,0.0,0,0.0
3934,926,0,0.0,0,0.0,0,0.0,0,0.0
3934,100,0,0.0,0,0.0,0,0.0,0,0.0
3934,845,0,0.0,0,0.0,0,0.0,0,0.0
3946,113,0,0.0,0,0.0,0,0.0,0,0.0
3946,235,0,0.0,0,0.0,0,0.0,0,0.0
3946,621,0,0.0,0,0.0,0,0.0,0,0.0
3946,288,0,0.0,0,0.0,0,0.0,0,0.0
3946,226,0,0.0,0,0.0,0,0.0,0,0.0
3950,426,0,0.0,0,0.0,0,0.0,0,0.0
3950,1346,0,0.0,0,0.0,0,0.0,0,0.0
3950,2868,0,0.0,0,0.0,0,0.0,0,0.0
3950,1985,0,0.0,0,0.0,0,0.0,0,0.0
3950,776,0,0.0,0,0.0,0,0.0,0,0.0
3954,175,0,0.0,0,0.0,0,0.0,0,0.0
3954,156,0,0.0,0,0.0,0,0.0,0,0.0
3954,44,0,0.0,0,0.0,0,0.0,1,0.1
3954,49,0,0.0,0,0.0,0,0.0,1,0.02
3954,126,0,0.0,0,0.0,0,0.0,0,0.0
3961,177,0,0.0,0,0.0,0,0.0,0,0.0
3961,30,0,0.0,0,0.0,0,0.0,1,0.1
3961,372,0,0.0,0,0.0,0,0.0,0,0.0
3961,39,0,0.0,0,0.0,0,0.0,1,0.1
3961,20,0,0.0,0,0.0,0,0.0,1,0.1
3962,1883,0,0.0,0,0.0,0,0.0,0,0.0
3962,3654,0,0.0,0,0.0,0,0.0,0,0.0
3962,3902,0,0.0,0,0.0,0,0.0,0,0.0
3962,483,0,0.0,0,0.0,0,0.0,0,0.0
3968,726,0,0.0,0,0.0,0,0.0,0,0.0
3968,155,0,0.0,0,0.0,0,0.0,0,0.0
3968,99,0,0.0,0,0.0,0,0.0,0,0.0
3968,496,0,0.0,0,0.0,0,0.0,0,0.0
3968,693,0,0.0,0,0.0,0,0.0,0,0.0
3969,34,0,0.0,0,0.0,0,0.0,1,0.1
3969,112,0,0.0,0,0.0,0,0.0,0,0.0
3969,34,0,0.0,0,0.0,0,0.0,1,0.1
3969,198,0,0.0,0,0.0,0,0.0,0,0.0
3969,10,0,0.0,0,0.0,0,0.0,1,0.1
3976,263,0,0.0,0,0.0,0,0.0,0,0.0
3976,203,0,0.0,0,0.0,0,0.0,0,0.0
3976,5,0,0.0,0,0.0,1,0.5,1,0.1
3976,67,0,0.0,0,0.0,0,0.0,0,0.0
3976,340,0,0.0,0,0.0,0,0.0,0,0.0
3985,58,0,0.0,0,0.0,0,0.0,0,0.0
3985,39,0,0.0,0,0.0,0,0.0,1,0.1
3985,61,0,0.0,0,0.0,0,0.0,0,0.0
3985,48,0,0.0,0,0.0,0,0.0,1,0.04
3985,102,0,0.0,0,0.0,0,0.0,0,0.0
4008,370,0,0.0,0,0.0,0,0.0,0,0.0
4008,1438,0,0.0,0,0.0,0,0.0,0,0.0
4008,1395,0,0.0,0,0.0,0,0.0,0,0.0
4008,1126,0,0.0,0,0.0,0,0.0,0,0.0
4008,455,0,0.0,0,0.0,0,0.0,0,0.0
4013,0,1,1.0,1,1.0,1,0.5,1,0.1
4013,14,0,0.0,0,0.0,0,0.0,1,0.1
4013,29,0,0.0,0,0.0,0,0.0,1,0.1
4013,5,0,0.0,0,0.0,1,0.5,1,0.1
4013,10,0,0.0,0,0.0,0,0.0,1,0.1
4023,1084,0,0.0,0,0.0,0,0.0,0,0.0
4023,130,0,0.0,0,0.0,0,0.0,0,0.0
4023,288,0,0.0,0,0.0,0,0.0,0,0.0
4023,45,0,0.0,0,0.0,0,0.0,1,0.1
4023,188,0,0.0,0,0.0,0,0.0,0,0.0
4024,15,0,0.0,0,0.0,0,0.0,1,0.1
4024,38,0,0.0,0,0.0,0,0.0,1,0.1
4024,10,0,0.0,0,0.0,0,0.0,1,0.1
4024,10,0,0.0,0,0.0,0,0.0,1,0.1
4024,15,0,0.0,0,0.0,0,0.0,1,0.1
4032,1278,0,0.0,0,0.0,0,0.0,0,0.0
4032,34,0,0.0,0,0.0,0,0.0,1,0.1
4032,251,0,0.0,0,0.0,0,0.0,0,0.0
4032,254,0,0.0,0,0.0,0,0.0,0,0.0
4032,227,0,0.0,0,0.0,0,0.0,0,0.0
4044,1293,0,0.0,0,0.0,0,0.0,0,0.0
4044,360,0,0.0,0,0.0,0,0.0,0,0.0
4044,441,0,0.0,0,0.0,0,0.0,0,0.0
4044,596,0,0.0,0,0.0,0,0.0,0,0.0
4044,2494,0,0.0,0,0.0,0,0.0,0,0.0
4061,104,0,0.0,0,0.0,0,0.0,0,0.0
4061,641,0,0.0,0,0.0,0,0.0,0,0.0
4061,121,0,0.0,0,0.0,0,0.0,0,0.0
4061,1228,0,0.0,0,0.0,0,0.0,0,0.0
4061,339,0,0.0,0,0.0,0,0.0,0,0.0
4066,3513,0,0.0,0,0.0,0,0.0,0,0.0
4066,716,0,0.0,0,0.0,0,0.0,0,0.0
4066,405,0,0.0,0,0.0,0,0.0,0,0.0
4066,3439,0,0.0,0,0.0,0,0.0,0,0.0
4066,3104,0,0.0,0,0.0,0,0.0,0,0.0
4070,793,0,0.0,0,0.0,0,0.0,0,0.0
4070,616,0,0.0,0,0.0,0,0.0,0,0.0
4070,814,0,0.0,0,0.0,0,0.0,0,0.0
4070,851,0,0.0,0,0.0,0,0.0,0,0.0
4070,727,0,0.0,0,0.0,0,0.0,0,0.0
4075,276,0,0.0,0,0.0,0,0.0,0,0.0
4075,219,0,0.0,0,0.0,0,0.0,0,0.0
4075,3639,0,0.0,0,0.0,0,0.0,0,0.0
4075,264,0,0.0,0,0.0,0,0.0,0,0.0
4075,150,0,0.0,0,0.0,0,0.0,0,0.0
4087,1963,0,0.0,0,0.0,0,0.0,0,0.0
4087,3306,0,0.0,0,0.0,0,0.0,0,0.0
4087,2510,0,0.0,0,0.0,0,0.0,0,0.0
4087,2905,0,0.0,0,0.0,0,0.0,0,0.0
4087,2914,0,0.0,0,0.0,0,0.0,0,0.0
4091,20,0,0.0,0,0.0,0,0.0,1,0.1
4091,255,0,0.0,0,0.0,0,0.0,0,0.0
4091,1054,0,0.0,0,0.0,0,0.0,0,0.0
4091,196,0,0.0,0,0.0,0,0.0,0,0.0
4091,221,0,0.0,0,0.0,0,0.0,0,0.0
4095,862,0,0.0,0,0.0,0,0.0,0,0.0
4095,125,0,0.0,0,0.0,0,0.0,0,0.0
4095,445,0,0.0,0,0.0,0,0.0,0,0.0
4095,359,0,0.0,0,0.0,0,0.0,0,0.0
4095,85,0,0.0,0,0.0,0,0.0,0,0.0
4097,592,0,0.0,0,0.0,0,0.0,0,0.0
4097,538,0,0.0,0,0.0,0,0.0,0,0.0
4097,451,0,0.0,0,0.0,0,0.0,0,0.0
4097,317,0,0.0,0,0.0,0,0.0,0,0.0
4110,1792,0,0.0,0,0.0,0,0.0,0,0.0
4110,30,0,0.0,0,0.0,0,0.0,1,0.1
4110,987,0,0.0,0,0.0,0,0.0,0,0.0
4110,726,0,0.0,0,0.0,0,0.0,0,0.0
4110,1331,0,0.0,0,0.0,0,0.0,0,0.0
4116,431,0,0.0,0,0.0,0,0.0,0,0.0
4116,1030,0,0.0,0,0.0,0,0.0,0,0.0
4116,521,0,0.0,0,0.0,0,0.0,0,0.0
4116,1660,0,0.0,0,0.0,0,0.0,0,0.0
4116,822,0,0.0,0,0.0,0,0.0,0,0.0
4119,3089,0,0.0,0,0.0,0,0.0,0,0.0
4119,2127,0,0.0,0,0.0,0,0.0,0,0.0
4119,393,0,0.0,0,0.0,0,0.0,0,0.0
4119,1503,0,0.0,0,0.0,0,0.0,0,0.0
4119,495,0,0.0,0,0.0,0,0.0,0,0.0
4130,2540,0,0.0,0,0.0,0,0.0,0,0.0
4130,949,0,0.0,0,0.0,0,0.0,0,0.0
4130,3736,0,0.0,0,0.0,0,0.0,0,0.0
4130,2401,0,0.0,0,0.0,0,0.0,0,0.0
4130,441,0,0.0,0,0.0,0,0.0,0,0.0
4133,41,0,0.0,0,0.0,0,0.0,1,0.1
4133,80,0,0.0,0,0.0,0,0.0,0,0.0
4133,49,0,0.0,0,0.0,0,0.0,1,0.02
4133,1457,0,0.0,0,0.0,0,0.0,0,0.0
4133,112,0,0.0,0,0.0,0,0.0,0,0.0
4134,908,0,0.0,0,0.0,0,0.0,0,0.0
4134,61,0,0.0,0,0.0,0,0.0,0,0.0
4134,241,0,0.0,0,0.0,0,0.0,0,0.0
4134,64,0,0.0,0,0.0,0,0.0,0,0.0
4135,104,0,0.0,0,0.0,0,0.0,0,0.0
4135,93,0,0.0,0,0.0,0,0.0,0,0.0
4135,51,0,0.0,0,0.0,0,0.0,0,0.0
4135,63,0,0.0,0,0.0,0,0.0,0,0.0
4135,127,0,0.0,0,0.0,0,0.0,0,0.0
4138,953,0,0.0,0,0.0,0,0.0,0,0.0
4138,284,0,0.0,0,0.0,0,0.0,0,0.0
4138,915,0,0.0,0,0.0,0,0.0,0,0.0
4138,773,0,0.0,0,0.0,0,0.0,0,0.0
4138,241,0,0.0,0,0.0,0,0.0,0,0.0
4150,733,0,0.0,0,0.0,0,0.0,0,0.0
4150,827,0,0.0,0,0.0,0,0.0,0,0.0
4150,899,0,0.0,0,0.0,0,0.0,0,0.0
4150,506,0,0.0,0,0.0,0,0.0,0,0.0
4150,145,0,0.0,0,0.0,0,0.0,0,0.0
4152,3722,0,0.0,0,0.0,0,0.0,0,0.0
4152,3940,0,0.0,0,0.0,0,0.0,0,0.0
4152,1529,0,0.0,0,0.0,0,0.0,0,0.0
4152,1010,0,0.0,0,0.0,0,0.0,0,0.0
4152,682,0,0.0,0,0.0,0,0.0,0,0.0
4161,2395,0,0.0,0,0.0,0,0.0,0,0.0
4161,2253,0,0.0,0,0.0,0,0.0,0,0.0
4161,1138,0,0.0,0,0.0,0,0.0,0,0.0
4161,818,0,0.0,0,0.0,0,0.0,0,0.0
4161,130,0,0.0,0,0.0,0,0.0,0,0.0
4175,510,0,0.0,0,0.0,0,0.0,0,0.0
4175,361,0,0.0,0,0.0,0,0.0,0,0.0
4175,588,0,0.0,0,0.0,0,0.0,0,0.0
4175,351,0,0.0,0,0.0,0,0.0,0,0.0
4175,212,0,0.0,0,0.0,0,0.0,0,0.0
4180,263,0,0.0,0,0.0,0,0.0,0,0.0
4180,154,0,0.0,0,0.0,0,0.0,0,0.0
4180,133,0,0.0,0,0.0,0,0.0,0,0.0
4180,124,0,0.0,0,0.0,0,0.0,0,0.0
4180,689,0,0.0,0,0.0,0,0.0,0,0.0
4196,428,0,0.0,0,0.0,0,0.0,0,0.0
4196,596,0,0.0,0,0.0,0,0.0,0,0.0
4196,602,0,0.0,0,0.0,0,0.0,0,0.0
4196,599,0,0.0,0,0.0,0,0.0,0,0.0
4196,1457,0,0.0,0,0.0,0,0.0,0,0.0
4205,2474,0,0.0,0,0.0,0,0.0,0,0.0
4205,1677,0,0.0,0,0.0,0,0.0,0,0.0
4205,958,0,0.0,0,0.0,0,0.0,0,0.0
4205,527,0,0.0,0,0.0,0,0.0,0,0.0
4205,279,0,0.0,0,0.0,0,0.0,0,0.0
4207,1199,0,0.0,0,0.0,0,0.0,0,0.0
4207,363,0,0.0,0,0.0,0,0.0,0,0.0
4207,307,0,0.0,0,0.0,0,0.0,0,0.0
4207,513,0,0.0,0,0.0,0,0.0,0,0.0
4207,161,0,0.0,0,0.0,0,0.0,0,0.0
4236,231,0,0.0,0,0.0,0,0.0,0,0.0
4236,3178,0,0.0,0,0.0,0,0.0,0,0.0
4236,3663,0,0.0,0,0.0,0,0.0,0,0.0
4236,1576,0,0.0,0,0.0,0,0.0,0,0.0
4236,58,0,0.0,0,0.0,0,0.0,0,0.0
4253,356,0,0.0,0,0.0,0,0.0,0,0.0
4253,280,0,0.0,0,0.0,0,0.0,0,0.0
4253,136,0,0.0,0,0.0,0,0.0,0,0.0
4253,52,0,0.0,0,0.0,0,0.0,0,0.0
4253,793,0,0.0,0,0.0,0,0.0,0,0.0
4275,63,0,0.0,0,0.0,0,0.0,0,0.0
4275,96,0,0.0,0,0.0,0,0.0,0,0.0
4275,38,0,0.0,0,0.0,0,0.0,1,0.1
4275,433,0,0.0,0,0.0,0,0.0,0,0.0
4275,208,0,0.0,0,0.0,0,0.0,0,0.0
4281,1013,0,0.0,0,0.0,0,0.0,0,0.0
4281,1729,0,0.0,0,0.0,0,0.0,0,0.0
4281,838,0,0.0,0,0.0,0,0.0,0,0.0
4281,805,0,0.0,0,0.0,0,0.0,0,0.0
4281,3553,0,0.0,0,0.0,0,0.0,0,0.0
4306,1932,0,0.0,0,0.0,0,0.0,0,0.0
4306,218,0,0.0,0,0.0,0,0.0,0,0.0
4306,54,0,0.0,0,0.0,0,0.0,0,0.0
4306,242,0,0.0,0,0.0,0,0.0,0,0.0
4306,96,0,0.0,0,0.0,0,0.0,0,0.0
4307,1554,0,0.0,0,0.0,0,0.0,0,0.0
4307,990,0,0.0,0,0.0,0,0.0,0,0.0
4307,122,0,0.0,0,0.0,0,0.0,0,0.0
4307,766,0,0.0,0,0.0,0,0.0,0,0.0
4307,1182,0,0.0,0,0.0,0,0.0,0,0.0
4316,427,0,0.0,0,0.0,0,0.0,0,0.0
4316,362,0,0.0,0,0.0,0,0.0,0,0.0
4316,800,0,0.0,0,0.0,0,0.0,0,0.0
4316,1879,0,0.0,0,0.0,0,0.0,0,0.0
4316,379,0,0.0,0,0.0,0,0.0,0,0.0
4325,24,0,0.0,0,0.0,0,0.0,1,0.1
4325,10,0,0.0,0,0.0,0,0.0,1,0.1
4325,1199,0,0.0,0,0.0,0,0.0,0,0.0
4325,41,0,0.0,0,0.0,0,0.0,1,0.1
4325,24,0,0.0,0,0.0,0,0.0,1,0.1
4347,40,0,0.0,0,0.0,0,0.0,1,0.1
4347,884,0,0.0,0,0.0,0,0.0,0,0.0
4347,867,0,0.0,0,0.0,0,0.0,0,0.0
4347,75,0,0.0,0,0.0,0,0.0,0,0.0
4347,19,0,0.0,0,0.0,0,0.0,1,0.1
4369,426,0,0.0,0,0.0,0,0.0,0,0.0
4369,132,0,0.0,0,0.0,0,0.0,0,0.0
4369,357,0,0.0,0,0.0,0,0.0,0,0.0
4369,422,0,0.0,0,0.0,0,0.0,0,0.0
4369,398,0,0.0,0,0.0,0,0.0,0,0.0
4375,2907,0,0.0,0,0.0,0,0.0,0,0.0
4375,3029,0,0.0,0,0.0,0,0.0,0,0.0
4375,1708,0,0.0,0,0.0,0,0.0,0,0.0
4375,491,0,0.0,0,0.0,0,0.0,0,0.0
4375,1328,0,0.0,0,0.0,0,0.0,0,0.0
4426,97,0,0.0,0,0.0,0,0.0,0,0.0
4426,29,0,0.0,0,0.0,0,0.0,1,0.1
4426,562,0,0.0,0,0.0,0,0.0,0,0.0
4426,29,0,0.0,0,0.0,0,0.0,1,0.1
4426,0,1,1.0,1,1.0,1,0.5,1,0.1
4435,41,0,0.0,0,0.0,0,0.0,1,0.1
4435,46,0,0.0,0,0.0,0,0.0,1,0.08
4435,54,0,0.0,0,0.0,0,0.0,0,0.0
4435,51,0,0.0,0,0.0,0,0.0,0,0.0
4435,44,0,0.0,0,0.0,0,0.0,1,0.1
4441,15,0,0.0,0,0.0,0,0.0,1,0.1
4441,74,0,0.0,0,0.0,0,0.0,0,0.0
4441,1118,0,0.0,0,0.0,0,0.0,0,0.0
4441,1152,0,0.0,0,0.0,0,0.0,0,0.0
4441,183,0,0.0,0,0.0,0,0.0,0,0.0
4454,504,0,0.0,0,0.0,0,0.0,0,0.0
4454,94,0,0.0,0,0.0,0,0.0,0,0.0
4454,232,0,0.0,0,0.0,0,0.0,0,0.0
4454,65,0,0.0,0,0.0,0,0.0,0,0.0
4454,35,0,0.0,0,0.0,0,0.0,1,0.1
4478,20,0,0.0,0,0.0,0,0.0,1,0.1
4478,117,0,0.0,0,0.0,0,0.0,0,0.0
4478,10,0,0.0,0,0.0,0,0.0,1,0.1
4478,35,0,0.0,0,0.0,0,0.0,1,0.1
4478,619,0,0.0,0,0.0,0,0.0,0,0.0
4487,18,0,0.0,0,0.0,0,0.0,1,0.1
4487,37,0,0.0,0,0.0,0,0.0,1,0.1
4487,0,1,1.0,1,1.0,1,0.5,1,0.1
4487,0,1,1.0,1,1.0,1,0.5,1,0.1
4487,100,0,0.0,0,0.0,0,0.0,0,0.0
4490,2912,0,0.0,0,0.0,0,0.0,0,0.0
4490,1039,0,0.0,0,0.0,0,0.0,0,0.0
4490,1536,0,0.0,0,0.0,0,0.0,0,0.0
4490,3911,0,0.0,0,0.0,0,0.0,0,0.0
4490,1708,0,0.0,0,0.0,0,0.0,0,0.0
4492,51,0,0.0,0,0.0,0,0.0,0,0.0
4492,236,0,0.0,0,0.0,0,0.0,0,0.0
4492,66,0,0.0,0,0.0,0,0.0,0,0.0
4492,72,0,0.0,0,0.0,0,0.0,0,0.0
4495,3479,0,0.0,0,0.0,0,0.0,0,0.0
4495,663,0,0.0,0,0.0,0,0.0,0,0.0
4495,541,0,0.0,0,0.0,0,0.0,0,0.0
4495,320,0,0.0,0,0.0,0,0.0,0,0.0
4495,447,0,0.0,0,0.0,0,0.0,0,0.0
4511,973,0,0.0,0,0.0,0,0.0,0,0.0
4511,1107,0,0.0,0,0.0,0,0.0,0,0.0
4511,2342,0,0.0,0,0.0,0,0.0,0,0.0
4511,1656,0,0.0,0,0.0,0,0.0,0,0.0
4511,930,0,0.0,0,0.0,0,0.0,0,0.0
4513,118,0,0.0,0,0.0,0,0.0,0,0.0
4513,390,0,0.0,0,0.0,0,0.0,0,0.0
4513,143,0,0.0,0,0.0,0,0.0,0,0.0
4513,550,0,0.0,0,0.0,0,0.0,0,0.0
4529,175,0,0.0,0,0.0,0,0.0,0,0.0
4529,141,0,0.0,0,0.0,0,0.0,0,0.0
4529,274,0,0.0,0,0.0,0,0.0,0,0.0
4529,190,0,0.0,0,0.0,0,0.0,0,0.0
4529,491,0,0.0,0,0.0,0,0.0,0,0.0
4543,256,0,0.0,0,0.0,0,0.0,0,0.0
4543,237,0,0.0,0,0.0,0,0.0,0,0.0
4543,227,0,0.0,0,0.0,0,0.0,0,0.0
4543,183,0,0.0,0,0.0,0,0.0,0,0.0
4543,66,0,0.0,0,0.0,0,0.0,0,0.0
4551,938,0,0.0,0,0.0,0,0.0,0,0.0
4551,677,0,0.0,0,0.0,0,0.0,0,0.0
4551,953,0,0.0,0,0.0,0,0.0,0,0.0
4551,377,0,0.0,0,0.0,0,0.0,0,0.0
4551,415,0,0.0,0,0.0,0,0.0,0,0.0
4557,336,0,0.0,0,0.0,0,0.0,0,0.0
4557,201,0,0.0,0,0.0,0,0.0,0,0.0
4557,123,0,0.0,0,0.0,0,0.0,0,0.0
4557,268,0,0.0,0,0.0,0,0.0,0,0.0
4557,223,0,0.0,0,0.0,0,0.0,0,0.0
4558,948,0,0.0,0,0.0,0,0.0,0,0.0
4558,2292,0,0.0,0,0.0,0,0.0,0,0.0
4558,1147,0,0.0,0,0.0,0,0.0,0,0.0
4558,1708,0,0.0,0,0.0,0,0.0,0,0.0
4558,546,0,0.0,0,0.0,0,0.0,0,0.0
4561,52,0,0.0,0,0.0,0,0.0,0,0.0
4561,163,0,0.0,0,0.0,0,0.0,0,0.0
4561,62,0,0.0,0,0.0,0,0.0,0,0.0
4561,393,0,0.0,0,0.0,0,0.0,0,0.0
4561,42,0,0.0,0,0.0,0,0.0,1,0.1
4600,1133,0,0.0,0,0.0,0,0.0,0,0.0
4600,164,0,0.0,0,0.0,0,0.0,0,0.0
4600,99,0,0.0,0,0.0,0,0.0,0,0.0
4600,14,0,0.0,0,0.0,0,0.0,1,0.1
4600,1197,0,0.0,0,0.0,0,0.0,0,0.0
4614,392,0,0.0,0,0.0,0,0.0,0,0.0
4614,415,0,0.0,0,0.0,0,0.0,0,0.0
4614,392,0,0.0,0,0.0,0,0.0,0,0.0
4614,918,0,0.0,0,0.0,0,0.0,0,0.0
4614,2792,0,0.0,0,0.0,0,0.0,0,0.0
4616,294,0,0.0,0,0.0,0,0.0,0,0.0
4616,203,0,0.0,0,0.0,0,0.0,0,0.0
4616,142,0,0.0,0,0.0,0,0.0,0,0.0
4616,99,0,0.0,0,0.0,0,0.0,0,0.0
4616,123,0,0.0,0,0.0,0,0.0,0,0.0
4619,2220,0,0.0,0,0.0,0,0.0,0,0.0
4619,2418,0,0.0,0,0.0,0,0.0,0,0.0
4619,771,0,0.0,0,0.0,0,0.0,0,0.0
4619,1732,0,0.0,0,0.0,0,0.0,0,0.0
4619,1435,0,0.0,0,0.0,0,0.0,0,0.0
4621,2383,0,0.0,0,0.0,0,0.0,0,0.0
4621,1245,0,0.0,0,0.0,0,0.0,0,0.0
4621,1319,0,0.0,0,0.0,0,0.0,0,0.0
4621,3508,0,0.0,0,0.0,0,0.0,0,0.0
4621,1154,0,0.0,0,0.0,0,0.0,0,0.0
4622,661,0,0.0,0,0.0,0,0.0,0,0.0
4622,3486,0,0.0,0,0.0,0,0.0,0,0.0
4622,396,0,0.0,0,0.0,0,0.0,0,0.0
4622,399,0,0.0,0,0.0,0,0.0,0,0.0
4622,333,0,0.0,0,0.0,0,0.0,0,0.0
4636,179,0,0.0,0,0.0,0,0.0,0,0.0
4636,280,0,0.0,0,0.0,0,0.0,0,0.0
4636,1711,0,0.0,0,0.0,0,0.0,0,0.0
4636,3393,0,0.0,0,0.0,0,0.0,0,0.0
4638,2114,0,0.0,0,0.0,0,0.0,0,0.0
4638,1154,0,0.0,0,0.0,0,0.0,0,0.0
4638,1727,0,0.0,0,0.0,0,0.0,0,0.0
4638,1202,0,0.0,0,0.0,0,0.0,0,0.0
4638,3117,0,0.0,0,0.0,0,0.0,0,0.0
4647,1523,0,0.0,0,0.0,0,0.0,0,0.0
4647,191,0,0.0,0,0.0,0,0.0,0,0.0
4647,975,0,0.0,0,0.0,0,0.0,0,0.0
4647,312,0,0.0,0,0.0,0,0.0,0,0.0
4647,435,0,0.0,0,0.0,0,0.0,0,0.0
4650,120,0,0.0,0,0.0,0,0.0,0,0.0
4650,2951,0,0.0,0,0.0,0,0.0,0,0.0
4650,1857,0,0.0,0,0.0,0,0.0,0,0.0
4650,692,0,0.0,0,0.0,0,0.0,0,0.0
4650,2760,0,0.0,0,0.0,0,0.0,0,0.0
4652,1213,0,0.0,0,0.0,0,0.0,0,0.0
4652,56,0,0.0,0,0.0,0,0.0,0,0.0
4652,49,0,0.0,0,0.0,0,0.0,1,0.02
4652,51,0,0.0,0,0.0,0,0.0,0,0.0
4652,2355,0,0.0,0,0.0,0,0.0,0,0.0
4662,570,0,0.0,0,0.0,0,0.0,0,0.0
4662,3452,0,0.0,0,0.0,0,0.0,0,0.0
4662,1046,0,0.0,0,0.0,0,0.0,0,0.0
4662,539,0,0.0,0,0.0,0,0.0,0,0.0
4662,3695,0,0.0,0,0.0,0,0.0,0,0.0
4673,24,0,0.0,0,0.0,0,0.0,1,0.1
4673,32,0,0.0,0,0.0,0,0.0,1,0.1
4673,0,1,1.0,1,1.0,1,0.5,1,0.1
4673,678,0,0.0,0,0.0,0,0.0,0,0.0
4673,87,0,0.0,0,0.0,0,0.0,0,0.0
4682,0,1,1.0,1,1.0,1,0.5,1,0.1
4682,9,0,0.0,0,0.0,1,0.1,1,0.1
4682,0,1,1.0,1,1.0,1,0.5,1,0.1
4682,53,0,0.0,0,0.0,0,0.0,0,0.0
4682,44,0,0.0,0,0.0,0,0.0,1,0.1
4708,672,0,0.0,0,0.0,0,0.0,0,0.0
4708,432,0,0.0,0,0.0,0,0.0,0,0.0
4708,644,0,0.0,0,0.0,0,0.0,0,0.0
4708,241,0,0.0,0,0.0,0,0.0,0,0.0
4713,0,1,1.0,1,1.0,1,0.5,1,0.1
4713,0,1,1.0,1,1.0,1,0.5,1,0.1
4713,9,0,0.0,0,0.0,1,0.1,1,0.1
4713,1625,0,0.0,0,0.0,0,0.0,0,0.0
4713,5,0,0.0,0,0.0,1,0.5,1,0.1
4726,44,0,0.0,0,0.0,0,0.0,1,0.1
4726,540,0,0.0,0,0.0,0,0.0,0,0.0
4726,3101,0,0.0,0,0.0,0,0.0,0,0.0
4726,69,0,0.0,0,0.0,0,0.0,0,0.0
4726,3331,0,0.0,0,0.0,0,0.0,0,0.0
4730,293,0,0.0,0,0.0,0,0.0,0,0.0
4730,184,0,0.0,0,0.0,0,0.0,0,0.0
4730,121,0,0.0,0,0.0,0,0.0,0,0.0
4730,160,0,0.0,0,0.0,0,0.0,0,0.0
4730,421,0,0.0,0,0.0,0,0.0,0,0.0
4737,904,0,0.0,0,0.0,0,0.0,0,0.0
4737,525,0,0.0,0,0.0,0,0.0,0,0.0
4737,0,1,1.0,1,1.0,1,0.5,1,0.1
4737,587,0,0.0,0,0.0,0,0.0,0,0.0
4737,302,0,0.0,0,0.0,0,0.0,0,0.0
4749,264,0,0.0,0,0.0,0,0.0,0,0.0
4749,225,0,0.0,0,0.0,0,0.0,0,0.0
4749,3198,0,0.0,0,0.0,0,0.0,0,0.0
4749,481,0,0.0,0,0.0,0,0.0,0,0.0
4749,1667,0,0.0,0,0.0,0,0.0,0,0.0
4773,400,0,0.0,0,0.0,0,0.0,0,0.0
4773,1175,0,0.0,0,0.0,0,0.0,0,0.0
4773,164,0,0.0,0,0.0,0,0.0,0,0.0
4773,142,0,0.0,0,0.0,0,0.0,0,0.0
4773,67,0,0.0,0,0.0,0,0.0,0,0.0
4779,146,0,0.0,0,0.0,0,0.0,0,0.0
4779,1205,0,0.0,0,0.0,0,0.0,0,0.0
4779,25,0,0.0,0,0.0,0,0.0,1,0.1
4779,53,0,0.0,0,0.0,0,0.0,0,0.0
4779,226,0,0.0,0,0.0,0,0.0,0,0.0
4785,114,0,0.0,0,0.0,0,0.0,0,0.0
4785,126,0,0.0,0,0.0,0,0.0,0,0.0
4785,1680,0,0.0,0,0.0,0,0.0,0,0.0
4785,205,0,0.0,0,0.0,0,0.0,0,0.0
4785,181,0,0.0,0,0.0,0,0.0,0,0.0
4807,28,0,0.0,0,0.0,0,0.0,1,0.1
4807,590,0,0.0,0,0.0,0,0.0,0,0.0
4807,247,0,0.0,0,0.0,0,0.0,0,0.0
4807,114,0,0.0,0,0.0,0,0.0,0,0.0
4807,10,0,0.0,0,0.0,0,0.0,1,0.1
4809,3279,0,0.0,0,0.0,0,0.0,0,0.0
4809,3745,0,0.0,0,0.0,0,0.0,0,0.0
4809,280,0,0.0,0,0.0,0,0.0,0,0.0
4809,1872,0,0.0,0,0.0,0,0.0,0,0.0
4809,152,0,0.0,0,0.0,0,0.0,0,0.0
4812,144,0,0.0,0,0.0,0,0.0,0,0.0
4812,115,0,0.0,0,0.0,0,0.0,0,0.0
4812,141,0,0.0,0,0.0,0,0.0,0,0.0
4812,3150,0,0.0,0,0.0,0,0.0,0,0.0
4812,198,0,0.0,0,0.0,0,0.0,0,0.0
4819,552,0,0.0,0,0.0,0,0.0,0,0.0
4819,536,0,0.0,0,0.0,0,0.0,0,0.0
4819,384,0,0.0,0,0.0,0,0.0,0,0.0
4819,166,0,0.0,0,0.0,0,0.0,0,0.0
4819,338,0,0.0,0,0.0,0,0.0,0,0.0
4822,930,0,0.0,0,0.0,0,0.0,0,0.0
4822,3158,0,0.0,0,0.0,0,0.0,0,0.0
4822,2678,0,0.0,0,0.0,0,0.0,0,0.0
4822,3249,0,0.0,0,0.0,0,0.0,0,0.0
4822,157,0,0.0,0,0.0,0,0.0,0,0.0
4834,1763,0,0.0,0,0.0,0,0.0,0,0.0
4834,1651,0,0.0,0,0.0,0,0.0,0,0.0
4834,1197,0,0.0,0,0.0,0,0.0,0,0.0
4834,2669,0,0.0,0,0.0,0,0.0,0,0.0
4834,1833,0,0.0,0,0.0,0,0.0,0,0.0
4838,372,0,0.0,0,0.0,0,0.0,0,0.0
4838,291,0,0.0,0,0.0,0,0.0,0,0.0
4838,532,0,0.0,0,0.0,0,0.0,0,0.0
4838,3256,0,0.0,0,0.0,0,0.0,0,0.0
4838,200,0,0.0,0,0.0,0,0.0,0,0.0
4841,349,0,0.0,0,0.0,0,0.0,0,0.0
4841,1084,0,0.0,0,0.0,0,0.0,0,0.0
4841,286,0,0.0,0,0.0,0,0.0,0,0.0
4841,787,0,0.0,0,0.0,0,0.0,0,0.0
4841,1263,0,0.0,0,0.0,0,0.0,0,0.0
4843,142,0,0.0,0,0.0,0,0.0,0,0.0
4843,39,0,0.0,0,0.0,0,0.0,1,0.1
4843,155,0,0.0,0,0.0,0,0.0,0,0.0
4843,1619,0,0.0,0,0.0,0,0.0,0,0.0
4843,107,0,0.0,0,0.0,0,0.0,0,0.0
4854,260,0,0.0,0,0.0,0,0.0,0,0.0
4854,24,0,0.0,0,0.0,0,0.0,1,0.1
4854,795,0,0.0,0,0.0,0,0.0,0,0.0
4854,29,0,0.0,0,0.0,0,0.0,1,0.1
4854,249,0,0.0,0,0.0,0,0.0,0,0.0
4862,465,0,0.0,0,0.0,0,0.0,0,0.0
4862,95,0,0.0,0,0.0,0,0.0,0,0.0
4862,116,0,0.0,0,0.0,0,0.0,0,0.0
4862,718,0,0.0,0,0.0,0,0.0,0,0.0
4862,321,0,0.0,0,0.0,0,0.0,0,0.0
4866,1973,0,0.0,0,0.0,0,0.0,0,0.0
4866,421,0,0.0,0,0.0,0,0.0,0,0.0
4866,3623,0,0.0,0,0.0,0,0.0,0,0.0
4866,3848,0,0.0,0,0.0,0,0.0,0,0.0
4866,79,0,0.0,0,0.0,0,0.0,0,0.0
4879,2210,0,0.0,0,0.0,0,0.0,0,0.0
4879,625,0,0.0,0,0.0,0,0.0,0,0.0
4879,1448,0,0.0,0,0.0,0,0.0,0,0.0
4879,957,0,0.0,0,0.0,0,0.0,0,0.0
4879,1796,0,0.0,0,0.0,0,0.0,0,0.0
4882,460,0,0.0,0,0.0,0,0.0,0,0.0
4882,98,0,0.0,0,0.0,0,0.0,0,0.0
4882,521,0,0.0,0,0.0,0,0.0,0,0.0
4882,364,0,0.0,0,0.0,0,0.0,0,0.0
4882,48,0,0.0,0,0.0,0,0.0,1,0.04
4885,560,0,0.0,0,0.0,0,0.0,0,0.0
4885,2845,0,0.0,0,0.0,0,0.0,0,0.0
4885,3711,0,0.0,0,0.0,0,0.0,0,0.0
4885,3378,0,0.0,0,0.0,0,0.0,0,0.0
4885,3189,0,0.0,0,0.0,0,0.0,0,0.0
4888,133,0,0.0,0,0.0,0,0.0,0,0.0
4888,337,0,0.0,0,0.0,0,0.0,0,0.0
4888,189,0,0.0,0,0.0,0,0.0,0,0.0
4888,739,0,0.0,0,0.0,0,0.0,0,0.0
4888,145,0,0.0,0,0.0,0,0.0,0,0.0
4917,5,0,0.0,0,0.0,1,0.5,1,0.1
4917,0,1,1.0,1,1.0,1,0.5,1,0.1
4917,181,0,0.0,0,0.0,0,0.0,0,0.0
4917,1130,0,0.0,0,0.0,0,0.0,0,0.0
4917,252,0,0.0,0,0.0,0,0.0,0,0.0
4940,1914,0,0.0,0,0.0,0,0.0,0,0.0
4940,251,0,0.0,0,0.0,0,0.0,0,0.0
4940,1325,0,0.0,0,0.0,0,0.0,0,0.0
4940,93,0,0.0,0,0.0,0,0.0,0,0.0
4940,94,0,0.0,0,0.0,0,0.0,0,0.0
4954,72,0,0.0,0,0.0,0,0.0,0,0.0
4954,82,0,0.0,0,0.0,0,0.0,0,0.0
4954,87,0,0.0,0,0.0,0,0.0,0,0.0
4954,121,0,0.0,0,0.0,0,0.0,0,0.0
4954,93,0,0.0,0,0.0,0,0.0,0,0.0
4964,294,0,0.0,0,0.0,0,0.0,0,0.0
4964,1370,0,0.0,0,0.0,0,0.0,0,0.0
4964,2329,0,0.0,0,0.0,0,0.0,0,0.0
4964,69,0,0.0,0,0.0,0,0.0,0,0.0
4964,1155,0,0.0,0,0.0,0,0.0,0,0.0
4965,10,0,0.0,0,0.0,0,0.0,1,0.1
4965,68,0,0.0,0,0.0,0,0.0,0,0.0
4965,1213,0,0.0,0,0.0,0,0.0,0,0.0
4965,1662,0,0.0,0,0.0,0,0.0,0,0.0
4965,1028,0,0.0,0,0.0,0,0.0,0,0.0
4969,505,0,0.0,0,0.0,0,0.0,0,0.0
4969,588,0,0.0,0,0.0,0,0.0,0,0.0
4969,606,0,0.0,0,0.0,0,0.0,0,0.0
4969,604,0,0.0,0,0.0,0,0.0,0,0.0
4969,619,0,0.0,0,0.0,0,0.0,0,0.0
4985,1024,0,0.0,0,0.0,0,0.0,0,0.0
4985,2668,0,0.0,0,0.0,0,0.0,0,0.0
4985,3284,0,0.0,0,0.0,0,0.0,0,0.0
4985,1665,0,0.0,0,0.0,0,0.0,0,0.0
4985,764,0,0.0,0,0.0,0,0.0,0,0.0
5005,39,0,0.0,0,0.0,0,0.0,1,0.1
5005,629,0,0.0,0,0.0,0,0.0,0,0.0
5005,143,0,0.0,0,0.0,0,0.0,0,0.0
5005,303,0,0.0,0,0.0,0,0.0,0,0.0
5005,176,0,0.0,0,0.0,0,0.0,0,0.0
5014,104,0,0.0,0,0.0,0,0.0,0,0.0
5014,78,0,0.0,0,0.0,0,0.0,0,0.0
5014,206,0,0.0,0,0.0,0,0.0,0,0.0
5014,559,0,0.0,0,0.0,0,0.0,0,0.0
5014,115,0,0.0,0,0.0,0,0.0,0,0.0
5020,1078,0,0.0,0,0.0,0,0.0,0,0.0
5020,610,0,0.0,0,0.0,0,0.0,0,0.0
5020,527,0,0.0,0,0.0,0,0.0,0,0.0
5020,628,0,0.0,0,0.0,0,0.0,0,0.0
5020,745,0,0.0,0,0.0,0,0.0,0,0.0
5029,434,0,0.0,0,0.0,0,0.0,0,0.0
5029,552,0,0.0,0,0.0,0,0.0,0,0.0
5029,49,0,0.0,0,0.0,0,0.0,1,0.02
5029,79,0,0.0,0,0.0,0,0.0,0,0.0
5033,156,0,0.0,0,0.0,0,0.0,0,0.0
5033,443,0,0.0,0,0.0,0,0.0,0,0.0
5033,28,0,0.0,0,0.0,0,0.0,1,0.1
5033,81,0,0.0,0,0.0,0,0.0,0,0.0
5033,1086,0,0.0,0,0.0,0,0.0,0,0.0
5034,30,0,0.0,0,0.0,0,0.0,1,0.1
5034,223,0,0.0,0,0.0,0,0.0,0,0.0
5034,1052,0,0.0,0,0.0,0,0.0,0,0.0
5034,956,0,0.0,0,0.0,0,0.0,0,0.0
5034,1786,0,0.0,0,0.0,0,0.0,0,0.0
5042,102,0,0.0,0,0.0,0,0.0,0,0.0
5042,73,0,0.0,0,0.0,0,0.0,0,0.0
5042,30,0,0.0,0,0.0,0,0.0,1,0.1
5042,194,0,0.0,0,0.0,0,0.0,0,0.0
5042,132,0,0.0,0,0.0,0,0.0,0,0.0
5047,194,0,0.0,0,0.0,0,0.0,0,0.0
5047,465,0,0.0,0,0.0,0,0.0,0,0.0
5047,263,0,0.0,0,0.0,0,0.0,0,0.0
5047,255,0,0.0,0,0.0,0,0.0,0,0.0
5047,345,0,0.0,0,0.0,0,0.0,0,0.0
5057,168,0,0.0,0,0.0,0,0.0,0,0.0
5057,128,0,0.0,0,0.0,0,0.0,0,0.0
5057,120,0,0.0,0,0.0,0,0.0,0,0.0
5057,75,0,0.0,0,0.0,0,0.0,0,0.0
5057,57,0,0.0,0,0.0,0,0.0,0,0.0
5060,584,0,0.0,0,0.0,0,0.0,0,0.0
5060,292,0,0.0,0,0.0,0,0.0,0,0.0
5060,577,0,0.0,0,0.0,0,0.0,0,0.0
5060,359,0,0.0,0,0.0,0,0.0,0,0.0
5060,202,0,0.0,0,0.0,0,0.0,0,0.0
5075,20,0,0.0,0,0.0,0,0.0,1,0.1
5075,19,0,0.0,0,0.0,0,0.0,1,0.1
5075,218,0,0.0,0,0.0,0,0.0,0,0.0
5075,1060,0,0.0,0,0.0,0,0.0,0,0.0
5075,216,0,0.0,0,0.0,0,0.0,0,0.0
5079,3773,0,0.0,0,0.0,0,0.0,0,0.0
5079,1466,0,0.0,0,0.0,0,0.0,0,0.0
5079,1874,0,0.0,0,0.0,0,0.0,0,0.0
5079,1247,0,0.0,0,0.0,0,0.0,0,0.0
5079,1492,0,0.0,0,0.0,0,0.0,0,0.0
5094,25,0,0.0,0,0.0,0,0.0,1,0.1
5094,438,0,0.0,0,0.0,0,0.0,0,0.0
5094,436,0,0.0,0,0.0,0,0.0,0,0.0
5094,23,0,0.0,0,0.0,0,0.0,1,0.1
5094,713,0,0.0,0,0.0,0,0.0,0,0.0
5096,866,0,0.0,0,0.0,0,0.0,0,0.0
5096,1679,0,0.0,0,0.0,0,0.0,0,0.0
5096,2190,0,0.0,0,0.0,0,0.0,0,0.0
5096,1225,0,0.0,0,0.0,0,0.0,0,0.0
5096,572,0,0.0,0,0.0,0,0.0,0,0.0
5105,470,0,0.0,0,0.0,0,0.0,0,0.0
5105,388,0,0.0,0,0.0,0,0.0,0,0.0
5105,455,0,0.0,0,0.0,0,0.0,0,0.0
5105,330,0,0.0,0,0.0,0,0.0,0,0.0
5105,1757,0,0.0,0,0.0,0,0.0,0,0.0
5112,1285,0,0.0,0,0.0,0,0.0,0,0.0
5112,352,0,0.0,0,0.0,0,0.0,0,0.0
5112,2165,0,0.0,0,0.0,0,0.0,0,0.0
5112,1161,0,0.0,0,0.0,0,0.0,0,0.0
5112,865,0,0.0,0,0.0,0,0.0,0,0.0
5121,1184,0,0.0,0,0.0,0,0.0,0,0.0
5121,1107,0,0.0,0,0.0,0,0.0,0,0.0
5121,1088,0,0.0,0,0.0,0,0.0,0,0.0
5121,1008,0,0.0,0,0.0,0,0.0,0,0.0
5121,831,0,0.0,0,0.0,0,0.0,0,0.0
5147,73,0,0.0,0,0.0,0,0.0,0,0.0
5147,17,0,0.0,0,0.0,0,0.0,1,0.1
5147,20,0,0.0,0,0.0,0,0.0,1,0.1
5147,243,0,0.0,0,0.0,0,0.0,0,0.0
5147,10,0,0.0,0,0.0,0,0.0,1,0.1
5151,685,0,0.0,0,0.0,0,0.0,0,0.0
5151,3660,0,0.0,0,0.0,0,0.0,0,0.0
5151,3356,0,0.0,0,0.0,0,0.0,0,0.0
5151,489,0,0.0,0,0.0,0,0.0,0,0.0
5151,551,0,0.0,0,0.0,0,0.0,0,0.0
5154,852,0,0.0,0,0.0,0,0.0,0,0.0
5154,635,0,0.0,0,0.0,0,0.0,0,0.0
5154,1573,0,0.0,0,0.0,0,0.0,0,0.0
5154,982,0,0.0,0,0.0,0,0.0,0,0.0
5154,492,0,0.0,0,0.0,0,0.0,0,0.0
5157,147,0,0.0,0,0.0,0,0.0,0,0.0
5157,2144,0,0.0,0,0.0,0,0.0,0,0.0
5157,1266,0,0.0,0,0.0,0,0.0,0,0.0
5157,3103,0,0.0,0,0.0,0,0.0,0,0.0
5157,1312,0,0.0,0,0.0,0,0.0,0,0.0
5159,2952,0,0.0,0,0.0,0,0.0,0,0.0
5159,203,0,0.0,0,0.0,0,0.0,0,0.0
5159,366,0,0.0,0,0.0,0,0.0,0,0.0
5159,634,0,0.0,0,0.0,0,0.0,0,0.0
5159,39,0,0.0,0,0.0,0,0.0,1,0.1
5217,5,0,0.0,0,0.0,1,0.5,1,0.1
5217,10,0,0.0,0,0.0,0,0.0,1,0.1
5217,0,1,1.0,1,1.0,1,0.5,1,0.1
5217,0,1,1.0,1,1.0,1,0.5,1,0.1
5217,0,1,1.0,1,1.0,1,0.5,1,0.1
5220,299,0,0.0,0,0.0,0,0.0,0,0.0
5220,59,0,0.0,0,0.0,0,0.0,0,0.0
5220,306,0,0.0,0,0.0,0,0.0,0,0.0
5220,137,0,0.0,0,0.0,0,0.0,0,0.0
5220,240,0,0.0,0,0.0,0,0.0,0,0.0
5241,1208,0,0.0,0,0.0,0,0.0,0,0.0
5241,1575,0,0.0,0,0.0,0,0.0,0,0.0
5241,1143,0,0.0,0,0.0,0,0.0,0,0.0
5241,15,0,0.0,0,0.0,0,0.0,1,0.1
5241,19,0,0.0,0,0.0,0,0.0,1,0.1
5245,105,0,0.0,0,0.0,0,0.0,0,0.0
5245,972,0,0.0,0,0.0,0,0.0,0,0.0
5245,792,0,0.0,0,0.0,0,0.0,0,0.0
5245,240,0,0.0,0,0.0,0,0.0,0,0.0
5250,23,0,0.0,0,0.0,0,0.0,1,0.1
5250,68,0,0.0,0,0.0,0,0.0,0,0.0
5250,14,0,0.0,0,0.0,0,0.0,1,0.1
5250,25,0,0.0,0,0.0,0,0.0,1,0.1
5250,20,0,0.0,0,0.0,0,0.0,1,0.1
5252,897,0,0.0,0,0.0,0,0.0,0,0.0
5252,370,0,0.0,0,0.0,0,0.0,0,0.0
5252,981,0,0.0,0,0.0,0,0.0,0,0.0
5252,2400,0,0.0,0,0.0,0,0.0,0,0.0
5252,673,0,0.0,0,0.0,0,0.0,0,0.0
5265,2012,0,0.0,0,0.0,0,0.0,0,0.0
5265,201,0,0.0,0,0.0,0,0.0,0,0.0
5265,1242,0,0.0,0,0.0,0,0.0,0,0.0
5265,143,0,0.0,0,0.0,0,0.0,0,0.0
5265,148,0,0.0,0,0.0,0,0.0,0,0.0
5268,691,0,0.0,0,0.0,0,0.0,0,0.0
5268,447,0,0.0,0,0.0,0,0.0,0,0.0
5268,190,0,0.0,0,0.0,0,0.0,0,0.0
5268,273,0,0.0,0,0.0,0,0.0,0,0.0
5268,550,0,0.0,0,0.0,0,0.0,0,0.0
5271,801,0,0.0,0,0.0,0,0.0,0,0.0
5271,786,0,0.0,0,0.0,0,0.0,0,0.0
5271,1645,0,0.0,0,0.0,0,0.0,0,0.0
5271,1045,0,0.0,0,0.0,0,0.0,0,0.0
5271,1695,0,0.0,0,0.0,0,0.0,0,0.0
5275,155,0,0.0,0,0.0,0,0.0,0,0.0
5275,436,0,0.0,0,0.0,0,0.0,0,0.0
5275,131,0,0.0,0,0.0,0,0.0,0,0.0
5275,93,0,0.0,0,0.0,0,0.0,0,0.0
5275,493,0,0.0,0,0.0,0,0.0,0,0.0
5280,666,0,0.0,0,0.0,0,0.0,0,0.0
5280,535,0,0.0,0,0.0,0,0.0,0,0.0
5280,0,1,1.0,1,1.0,1,0.5,1,0.1
5280,15,0,0.0,0,0.0,0,0.0,1,0.1
5280,0,1,1.0,1,1.0,1,0.5,1,0.1
5281,135,0,0.0,0,0.0,0,0.0,0,0.0
5281,30,0,0.0,0,0.0,0,0.0,1,0.1
5281,466,0,0.0,0,0.0,0,0.0,0,0.0
5281,25,0,0.0,0,0.0,0,0.0,1,0.1
5281,205,0,0.0,0,0.0,0,0.0,0,0.0
5285,128,0,0.0,0,0.0,0,0.0,0,0.0
5285,42,0,0.0,0,0.0,0,0.0,1,0.1
5285,74,0,0.0,0,0.0,0,0.0,0,0.0
5285,108,0,0.0,0,0.0,0,0.0,0,0.0
5285,497,0,0.0,0,0.0,0,0.0,0,0.0
5306,363,0,0.0,0,0.0,0,0.0,0,0.0
5306,395,0,0.0,0,0.0,0,0.0,0,0.0
5306,401,0,0.0,0,0.0,0,0.0,0,0.0
5306,570,0,0.0,0,0.0,0,0.0,0,0.0
5306,548,0,0.0,0,0.0,0,0.0,0,0.0
5314,110,0,0.0,0,0.0,0,0.0,0,0.0
5314,1260,0,0.0,0,0.0,0,0.0,0,0.0
5314,129,0,0.0,0,0.0,0,0.0,0,0.0
5314,1424,0,0.0,0,0.0,0,0.0,0,0.0
5314,2385,0,0.0,0,0.0,0,0.0,0,0.0
5321,611,0,0.0,0,0.0,0,0.0,0,0.0
5321,972,0,0.0,0,0.0,0,0.0,0,0.0
5321,964,0,0.0,0,0.0,0,0.0,0,0.0
5321,493,0,0.0,0,0.0,0,0.0,0,0.0
5321,713,0,0.0,0,0.0,0,0.0,0,0.0
5325,662,0,0.0,0,0.0,0,0.0,0,0.0
5325,2129,0,0.0,0,0.0,0,0.0,0,0.0
5325,531,0,0.0,0,0.0,0,0.0,0,0.0
5325,553,0,0.0,0,0.0,0,0.0,0,0.0
5325,123,0,0.0,0,0.0,0,0.0,0,0.0
5326,146,0,0.0,0,0.0,0,0.0,0,0.0
5326,24,0,0.0,0,0.0,0,0.0,1,0.1
5326,1380,0,0.0,0,0.0,0,0.0,0,0.0
5326,68,0,0.0,0,0.0,0,0.0,0,0.0
5326,448,0,0.0,0,0.0,0,0.0,0,0.0
5328,568,0,0.0,0,0.0,0,0.0,0,0.0
5328,208,0,0.0,0,0.0,0,0.0,0,0.0
5328,534,0,0.0,0,0.0,0,0.0,0,0.0
5328,10,0,0.0,0,0.0,0,0.0,1,0.1
5328,10,0,0.0,0,0.0,0,0.0,1,0.1
5335,478,0,0.0,0,0.0,0,0.0,0,0.0
5335,217,0,0.0,0,0.0,0,0.0,0,0.0
5335,292,0,0.0,0,0.0,0,0.0,0,0.0
5335,142,0,0.0,0,0.0,0,0.0,0,0.0
5335,355,0,0.0,0,0.0,0,0.0,0,0.0
5337,610,0,0.0,0,0.0,0,0.0,0,0.0
5337,441,0,0.0,0,0.0,0,0.0,0,0.0
5337,1820,0,0.0,0,0.0,0,0.0,0,0.0
5337,2147,0,0.0,0,0.0,0,0.0,0,0.0
5337,571,0,0.0,0,0.0,0,0.0,0,0.0
5340,489,0,0.0,0,0.0,0,0.0,0,0.0
5340,364,0,0.0,0,0.0,0,0.0,0,0.0
5340,252,0,0.0,0,0.0,0,0.0,0,0.0
5340,456,0,0.0,0,0.0,0,0.0,0,0.0
5340,277,0,0.0,0,0.0,0,0.0,0,0.0
5349,3606,0,0.0,0,0.0,0,0.0,0,0.0
5349,737,0,0.0,0,0.0,0,0.0,0,0.0
5349,889,0,0.0,0,0.0,0,0.0,0,0.0
5349,817,0,0.0,0,0.0,0,0.0,0,0.0
5349,245,0,0.0,0,0.0,0,0.0,0,0.0
5411,472,0,0.0,0,0.0,0,0.0,0,0.0
5411,1163,0,0.0,0,0.0,0,0.0,0,0.0
5411,2138,0,0.0,0,0.0,0,0.0,0,0.0
5411,1344,0,0.0,0,0.0,0,0.0,0,0.0
5411,1380,0,0.0,0,0.0,0,0.0,0,0.0
5413,0,1,1.0,1,0.8,1,0.4,1,0.08
5413,516,0,0.0,0,0.0,0,0.0,0,0.0
5413,813,0,0.0,0,0.0,0,0.0,0,0.0
5413,2008,0,0.0,0,0.0,0,0.0,0,0.0
5423,2390,0,0.0,0,0.0,0,0.0,0,0.0
5423,434,0,0.0,0,0.0,0,0.0,0,0.0
5423,260,0,0.0,0,0.0,0,0.0,0,0.0
5423,156,0,0.0,0,0.0,0,0.0,0,0.0
5426,0,1,1.0,1,1.0,1,0.5,1,0.1
5426,0,1,1.0,1,1.0,1,0.5,1,0.1
5426,10,0,0.0,0,0.0,0,0.0,1,0.1
5426,109,0,0.0,0,0.0,0,0.0,0,0.0
5426,758,0,0.0,0,0.0,0,0.0,0,0.0
5432,176,0,0.0,0,0.0,0,0.0,0,0.0
5432,887,0,0.0,0,0.0,0,0.0,0,0.0
5432,1940,0,0.0,0,0.0,0,0.0,0,0.0
5432,3866,0,0.0,0,0.0,0,0.0,0,0.0
5432,3039,0,0.0,0,0.0,0,0.0,0,0.0
5436,156,0,0.0,0,0.0,0,0.0,0,0.0
5436,294,0,0.0,0,0.0,0,0.0,0,0.0
5436,63,0,0.0,0,0.0,0,0.0,0,0.0
5436,391,0,0.0,0,0.0,0,0.0,0,0.0
5436,1355,0,0.0,0,0.0,0,0.0,0,0.0
5468,157,0,0.0,0,0.0,0,0.0,0,0.0
5468,5,0,0.0,0,0.0,1,0.5,1,0.1
5468,47,0,0.0,0,0.0,0,0.0,1,0.06
5468,422,0,0.0,0,0.0,0,0.0,0,0.0
5468,473,0,0.0,0,0.0,0,0.0,0,0.0
5470,0,1,1.0,1,1.0,1,0.5,1,0.1
5470,1337,0,0.0,0,0.0,0,0.0,0,0.0
5470,1566,0,0.0,0,0.0,0,0.0,0,0.0
5470,2144,0,0.0,0,0.0,0,0.0,0,0.0
5470,0,1,1.0,1,1.0,1,0.5,1,0.1
5480,193,0,0.0,0,0.0,0,0.0,0,0.0
5480,54,0,0.0,0,0.0,0,0.0,0,0.0
5480,49,0,0.0,0,0.0,0,0.0,1,0.02
5480,186,0,0.0,0,0.0,0,0.0,0,0.0
5480,518,0,0.0,0,0.0,0,0.0,0,0.0
5492,1157,0,0.0,0,0.0,0,0.0,0,0.0
5492,1520,0,0.0,0,0.0,0,0.0,0,0.0
5492,2143,0,0.0,0,0.0,0,0.0,0,0.0
5492,979,0,0.0,0,0.0,0,0.0,0,0.0
5504,1010,0,0.0,0,0.0,0,0.0,0,0.0
5504,1709,0,0.0,0,0.0,0,0.0,0,0.0
5504,172,0,0.0,0,0.0,0,0.0,0,0.0
5504,324,0,0.0,0,0.0,0,0.0,0,0.0
5504,322,0,0.0,0,0.0,0,0.0,0,0.0
5512,1720,0,0.0,0,0.0,0,0.0,0,0.0
5512,2330,0,0.0,0,0.0,0,0.0,0,0.0
5512,1451,0,0.0,0,0.0,0,0.0,0,0.0
5512,2382,0,0.0,0,0.0,0,0.0,0,0.0
5518,168,0,0.0,0,0.0,0,0.0,0,0.0
5518,895,0,0.0,0,0.0,0,0.0,0,0.0
5518,678,0,0.0,0,0.0,0,0.0,0,0.0
5518,297,0,0.0,0,0.0,0,0.0,0,0.0
5520,25,0,0.0,0,0.0,0,0.0,1,0.08
5520,458,0,0.0,0,0.0,0,0.0,0,0.0
5520,57,0,0.0,0,0.0,0,0.0,0,0.0
5520,124,0,0.0,0,0.0,0,0.0,0,0.0
5528,352,0,0.0,0,0.0,0,0.0,0,0.0
5528,15,0,0.0,0,0.0,0,0.0,1,0.1
5528,10,0,0.0,0,0.0,0,0.0,1,0.1
5528,10,0,0.0,0,0.0,0,0.0,1,0.1
5528,14,0,0.0,0,0.0,0,0.0,1,0.1
5529,412,0,0.0,0,0.0,0,0.0,0,0.0
5529,875,0,0.0,0,0.0,0,0.0,0,0.0
5529,669,0,0.0,0,0.0,0,0.0,0,0.0
5529,903,0,0.0,0,0.0,0,0.0,0,0.0
5530,1341,0,0.0,0,0.0,0,0.0,0,0.0
5530,1461,0,0.0,0,0.0,0,0.0,0,0.0
5530,2703,0,0.0,0,0.0,0,0.0,0,0.0
5530,1159,0,0.0,0,0.0,0,0.0,0,0.0
5547,2509,0,0.0,0,0.0,0,0.0,0,0.0
5547,2370,0,0.0,0,0.0,0,0.0,0,0.0
5547,1927,0,0.0,0,0.0,0,0.0,0,0.0
5547,2300,0,0.0,0,0.0,0,0.0,0,0.0
5547,3038,0,0.0,0,0.0,0,0.0,0,0.0
5559,632,0,0.0,0,0.0,0,0.0,0,0.0
5559,2277,0,0.0,0,0.0,0,0.0,0,0.0
5559,101,0,0.0,0,0.0,0,0.0,0,0.0
5559,3140,0,0.0,0,0.0,0,0.0,0,0.0
5559,2501,0,0.0,0,0.0,0,0.0,0,0.0
5563,1653,0,0.0,0,0.0,0,0.0,0,0.0
5563,842,0,0.0,0,0.0,0,0.0,0,0.0
5563,1416,0,0.0,0,0.0,0,0.0,0,0.0
5563,518,0,0.0,0,0.0,0,0.0,0,0.0
5568,74,0,0.0,0,0.0,0,0.0,0,0.0
5568,225,0,0.0,0,0.0,0,0.0,0,0.0
5568,68,0,0.0,0,0.0,0,0.0,0,0.0
5568,93,0,0.0,0,0.0,0,0.0,0,0.0
5568,38,0,0.0,0,0.0,0,0.0,1,0.1
5571,217,0,0.0,0,0.0,0,0.0,0,0.0
5571,1222,0,0.0,0,0.0,0,0.0,0,0.0
5571,877,0,0.0,0,0.0,0,0.0,0,0.0
5571,848,0,0.0,0,0.0,0,0.0,0,0.0
5596,132,0,0.0,0,0.0,0,0.0,0,0.0
5596,973,0,0.0,0,0.0,0,0.0,0,0.0
5596,439,0,0.0,0,0.0,0,0.0,0,0.0
5596,43,0,0.0,0,0.0,0,0.0,1,0.1
5596,79,0,0.0,0,0.0,0,0.0,0,0.0
5613,282,0,0.0,0,0.0,0,0.0,0,0.0
5613,296,0,0.0,0,0.0,0,0.0,0,0.0
5613,305,0,0.0,0,0.0,0,0.0,0,0.0
5613,1555,0,0.0,0,0.0,0,0.0,0,0.0
5613,290,0,0.0,0,0.0,0,0.0,0,0.0
5618,208,0,0.0,0,0.0,0,0.0,0,0.0
5618,172,0,0.0,0,0.0,0,0.0,0,0.0
5618,1860,0,0.0,0,0.0,0,0.0,0,0.0
5618,306,0,0.0,0,0.0,0,0.0,0,0.0
5618,202,0,0.0,0,0.0,0,0.0,0,0.0
5624,1373,0,0.0,0,0.0,0,0.0,0,0.0
5624,1392,0,0.0,0,0.0,0,0.0,0,0.0
5624,1688,0,0.0,0,0.0,0,0.0,0,0.0
5624,1095,0,0.0,0,0.0,0,0.0,0,0.0
5626,849,0,0.0,0,0.0,0,0.0,0,0.0
5626,904,0,0.0,0,0.0,0,0.0,0,0.0
5626,1567,0,0.0,0,0.0,0,0.0,0,0.0
5626,949,0,0.0,0,0.0,0,0.0,0,0.0
5626,796,0,0.0,0,0.0,0,0.0,0,0.0
5658,1848,0,0.0,0,0.0,0,0.0,0,0.0
5658,2178,0,0.0,0,0.0,0,0.0,0,0.0
5658,1022,0,0.0,0,0.0,0,0.0,0,0.0
5658,593,0,0.0,0,0.0,0,0.0,0,0.0
5658,646,0,0.0,0,0.0,0,0.0,0,0.0
5664,41,0,0.0,0,0.0,0,0.0,1,0.08
5664,170,0,0.0,0,0.0,0,0.0,0,0.0
5664,321,0,0.0,0,0.0,0,0.0,0,0.0
5664,161,0,0.0,0,0.0,0,0.0,0,0.0
5682,677,0,0.0,0,0.0,0,0.0,0,0.0
5682,298,0,0.0,0,0.0,0,0.0,0,0.0
5682,682,0,0.0,0,0.0,0,0.0,0,0.0
5682,278,0,0.0,0,0.0,0,0.0,0,0.0
5687,272,0,0.0,0,0.0,0,0.0,0,0.0
5687,571,0,0.0,0,0.0,0,0.0,0,0.0
5687,200,0,0.0,0,0.0,0,0.0,0,0.0
5701,3053,0,0.0,0,0.0,0,0.0,0,0.0
5701,338,0,0.0,0,0.0,0,0.0,0,0.0
5701,1647,0,0.0,0,0.0,0,0.0,0,0.0
5701,1570,0,0.0,0,0.0,0,0.0,0,0.0
5706,86,0,0.0,0,0.0,0,0.0,0,0.0
5706,76,0,0.0,0,0.0,0,0.0,0,0.0
5706,136,0,0.0,0,0.0,0,0.0,0,0.0
5714,49,0,0.0,0,0.0,0,0.0,1,0.02
5714,23,0,0.0,0,0.0,0,0.0,1,0.1
5714,85,0,0.0,0,0.0,0,0.0,0,0.0
5714,109,0,0.0,0,0.0,0,0.0,0,0.0
5714,184,0,0.0,0,0.0,0,0.0,0,0.0
5724,187,0,0.0,0,0.0,0,0.0,0,0.0
5724,82,0,0.0,0,0.0,0,0.0,0,0.0
5724,62,0,0.0,0,0.0,0,0.0,0,0.0
5737,671,0,0.0,0,0.0,0,0.0,0,0.0
5737,1214,0,0.0,0,0.0,0,0.0,0,0.0
5737,861,0,0.0,0,0.0,0,0.0,0,0.0
5761,1030,0,0.0,0,0.0,0,0.0,0,0.0
5761,765,0,0.0,0,0.0,0,0.0,0,0.0
5761,512,0,0.0,0,0.0,0,0.0,0,0.0
5761,416,0,0.0,0,0.0,0,0.0,0,0.0
5761,893,0,0.0,0,0.0,0,0.0,0,0.0
5765,77,0,0.0,0,0.0,0,0.0,0,0.0
5765,19,0,0.0,0,0.0,0,0.0,1,0.1
5765,19,0,0.0,0,0.0,0,0.0,1,0.1
5765,23,0,0.0,0,0.0,0,0.0,1,0.1
5765,9,0,0.0,0,0.0,1,0.1,1,0.1
5789,542,0,0.0,0,0.0,0,0.0,0,0.0
5789,57,0,0.0,0,0.0,0,0.0,0,0.0
5789,72,0,0.0,0,0.0,0,0.0,0,0.0
5789,95,0,0.0,0,0.0,0,0.0,0,0.0
5789,553,0,0.0,0,0.0,0,0.0,0,0.0
5790,857,0,0.0,0,0.0,0,0.0,0,0.0
5790,2874,0,0.0,0,0.0,0,0.0,0,0.0
5790,1956,0,0.0,0,0.0,0,0.0,0,0.0
5790,2016,0,0.0,0,0.0,0,0.0,0,0.0
5790,2424,0,0.0,0,0.0,0,0.0,0,0.0
5793,853,0,0.0,0,0.0,0,0.0,0,0.0
5793,884,0,0.0,0,0.0,0,0.0,0,0.0
5793,483,0,0.0,0,0.0,0,0.0,0,0.0
5793,109,0,0.0,0,0.0,0,0.0,0,0.0
5793,651,0,0.0,0,0.0,0,0.0,0,0.0
5809,240,0,0.0,0,0.0,0,0.0,0,0.0
5809,120,0,0.0,0,0.0,0,0.0,0,0.0
5809,1330,0,0.0,0,0.0,0,0.0,0,0.0
5809,897,0,0.0,0,0.0,0,0.0,0,0.0
5809,116,0,0.0,0,0.0,0,0.0,0,0.0
5813,887,0,0.0,0,0.0,0,0.0,0,0.0
5813,47,0,0.0,0,0.0,0,0.0,1,0.06
5813,734,0,0.0,0,0.0,0,0.0,0,0.0
5813,3322,0,0.0,0,0.0,0,0.0,0,0.0
5813,3283,0,0.0,0,0.0,0,0.0,0,0.0
5814,2002,0,0.0,0,0.0,0,0.0,0,0.0
5814,2126,0,0.0,0,0.0,0,0.0,0,0.0
5814,1079,0,0.0,0,0.0,0,0.0,0,0.0
5814,1418,0,0.0,0,0.0,0,0.0,0,0.0
5814,2591,0,0.0,0,0.0,0,0.0,0,0.0
5832,1743,0,0.0,0,0.0,0,0.0,0,0.0
5832,2010,0,0.0,0,0.0,0,0.0,0,0.0
5832,2557,0,0.0,0,0.0,0,0.0,0,0.0
5832,1091,0,0.0,0,0.0,0,0.0,0,0.0
5832,1971,0,0.0,0,0.0,0,0.0,0,0.0
5835,1714,0,0.0,0,0.0,0,0.0,0,0.0
5835,656,0,0.0,0,0.0,0,0.0,0,0.0
5835,3974,0,0.0,0,0.0,0,0.0,0,0.0
5835,309,0,0.0,0,0.0,0,0.0,0,0.0
5835,341,0,0.0,0,0.0,0,0.0,0,0.0
5836,83,0,0.0,0,0.0,0,0.0,0,0.0
5836,297,0,0.0,0,0.0,0,0.0,0,0.0
5836,143,0,0.0,0,0.0,0,0.0,0,0.0
5836,173,0,0.0,0,0.0,0,0.0,0,0.0
5836,183,0,0.0,0,0.0,0,0.0,0,0.0
5844,35,0,0.0,0,0.0,0,0.0,1,0.1
5844,247,0,0.0,0,0.0,0,0.0,0,0.0
5844,45,0,0.0,0,0.0,0,0.0,1,0.1
5844,83,0,0.0,0,0.0,0,0.0,0,0.0
5844,143,0,0.0,0,0.0,0,0.0,0,0.0
5852,127,0,0.0,0,0.0,0,0.0,0,0.0
5852,595,0,0.0,0,0.0,0,0.0,0,0.0
5852,105,0,0.0,0,0.0,0,0.0,0,0.0
5852,465,0,0.0,0,0.0,0,0.0,0,0.0
5852,107,0,0.0,0,0.0,0,0.0,0,0.0
5861,489,0,0.0,0,0.0,0,0.0,0,0.0
5861,539,0,0.0,0,0.0,0,0.0,0,0.0
5861,82,0,0.0,0,0.0,0,0.0,0,0.0
5861,614,0,0.0,0,0.0,0,0.0,0,0.0
5883,79,0,0.0,0,0.0,0,0.0,0,0.0
5883,40,0,0.0,0,0.0,0,0.0,1,0.1
5883,78,0,0.0,0,0.0,0,0.0,0,0.0
5883,30,0,0.0,0,0.0,0,0.0,1,0.1
5883,15,0,0.0,0,0.0,0,0.0,1,0.1
5890,49,0,0.0,0,0.0,0,0.0,1,0.02
5890,783,0,0.0,0,0.0,0,0.0,0,0.0
5890,733,0,0.0,0,0.0,0,0.0,0,0.0
5890,36,0,0.0,0,0.0,0,0.0,1,0.1
5890,0,1,1.0,1,1.0,1,0.5,1,0.1
5893,131,0,0.0,0,0.0,0,0.0,0,0.0
5893,101,0,0.0,0,0.0,0,0.0,0,0.0
5893,20,0,0.0,0,0.0,0,0.0,1,0.1
5893,25,0,0.0,0,0.0,0,0.0,1,0.1
5893,40,0,0.0,0,0.0,0,0.0,1,0.1
5895,133,0,0.0,0,0.0,0,0.0,0,0.0
5895,147,0,0.0,0,0.0,0,0.0,0,0.0
5895,496,0,0.0,0,0.0,0,0.0,0,0.0
5895,1059,0,0.0,0,0.0,0,0.0,0,0.0
5944,517,0,0.0,0,0.0,0,0.0,0,0.0
5944,609,0,0.0,0,0.0,0,0.0,0,0.0
5944,637,0,0.0,0,0.0,0,0.0,0,0.0
5944,632,0,0.0,0,0.0,0,0.0,0,0.0
5951,160,0,0.0,0,0.0,0,0.0,0,0.0
5951,170,0,0.0,0,0.0,0,0.0,0,0.0
5951,1150,0,0.0,0,0.0,0,0.0,0,0.0
5958,100,0,0.0,0,0.0,0,0.0,0,0.0
5958,34,0,0.0,0,0.0,0,0.0,1,0.08
5958,152,0,0.0,0,0.0,0,0.0,0,0.0
5958,120,0,0.0,0,0.0,0,0.0,0,0.0
5968,50,0,0.0,0,0.0,0,0.0,0,0.0
5968,34,0,0.0,0,0.0,0,0.0,1,0.1
5968,1355,0,0.0,0,0.0,0,0.0,0,0.0
5968,104,0,0.0,0,0.0,0,0.0,0,0.0
5968,228,0,0.0,0,0.0,0,0.0,0,0.0
5969,3516,0,0.0,0,0.0,0,0.0,0,0.0
5969,2555,0,0.0,0,0.0,0,0.0,0,0.0
5969,1668,0,0.0,0,0.0,0,0.0,0,0.0
5969,1994,0,0.0,0,0.0,0,0.0,0,0.0
5969,1496,0,0.0,0,0.0,0,0.0,0,0.0
5970,10,0,0.0,0,0.0,0,0.0,1,0.1
5970,19,0,0.0,0,0.0,0,0.0,1,0.1
5970,38,0,0.0,0,0.0,0,0.0,1,0.1
5970,49,0,0.0,0,0.0,0,0.0,1,0.02
5970,24,0,0.0,0,0.0,0,0.0,1,0.1
5972,586,0,0.0,0,0.0,0,0.0,0,0.0
5972,623,0,0.0,0,0.0,0,0.0,0,0.0
5972,552,0,0.0,0,0.0,0,0.0,0,0.0
5972,665,0,0.0,0,0.0,0,0.0,0,0.0
5972,547,0,0.0,0,0.0,0,0.0,0,0.0
5983,241,0,0.0,0,0.0,0,0.0,0,0.0
5983,226,0,0.0,0,0.0,0,0.0,0,0.0
5983,217,0,0.0,0,0.0,0,0.0,0,0.0
5983,168,0,0.0,0,0.0,0,0.0,0,0.0
5983,246,0,0.0,0,0.0,0,0.0,0,0.0
5990,1454,0,0.0,0,0.0,0,0.0,0,0.0
5990,648,0,0.0,0,0.0,0,0.0,0,0.0
5990,84,0,0.0,0,0.0,0,0.0,0,0.0
5990,91,0,0.0,0,0.0,0,0.0,0,0.0
5990,927,0,0.0,0,0.0,0,0.0,0,0.0
5992,330,0,0.0,0,0.0,0,0.0,0,0.0
5992,145,0,0.0,0,0.0,0,0.0,0,0.0
5992,2052,0,0.0,0,0.0,0,0.0,0,0.0
5992,546,0,0.0,0,0.0,0,0.0,0,0.0
5992,189,0,0.0,0,0.0,0,0.0,0,0.0
6007,27,0,0.0,0,0.0,0,0.0,1,0.1
6007,18,0,0.0,0,0.0,0,0.0,1,0.1
6007,154,0,0.0,0,0.0,0,0.0,0,0.0
6007,237,0,0.0,0,0.0,0,0.0,0,0.0
6007,229,0,0.0,0,0.0,0,0.0,0,0.0
6010,1102,0,0.0,0,0.0,0,0.0,0,0.0
6010,481,0,0.0,0,0.0,0,0.0,0,0.0
6010,2129,0,0.0,0,0.0,0,0.0,0,0.0
6010,1515,0,0.0,0,0.0,0,0.0,0,0.0
6010,1431,0,0.0,0,0.0,0,0.0,0,0.0
6020,5,0,0.0,0,0.0,1,0.5,1,0.1
6020,15,0,0.0,0,0.0,0,0.0,1,0.1
6020,732,0,0.0,0,0.0,0,0.0,0,0.0
6020,0,1,1.0,1,1.0,1,0.5,1,0.1
6020,177,0,0.0,0,0.0,0,0.0,0,0.0
6053,769,0,0.0,0,0.0,0,0.0,0,0.0
6053,1282,0,0.0,0,0.0,0,0.0,0,0.0
6053,112,0,0.0,0,0.0,0,0.0,0,0.0
6053,23,0,0.0,0,0.0,0,0.0,1,0.1
6053,15,0,0.0,0,0.0,0,0.0,1,0.1
6056,10,0,0.0,0,0.0,0,0.0,1,0.1
6056,10,0,0.0,0,0.0,0,0.0,1,0.1
6056,0,1,1.0,1,1.0,1,0.5,1,0.1
6056,707,0,0.0,0,0.0,0,0.0,0,0.0
6056,10,0,0.0,0,0.0,0,0.0,1,0.1
6063,52,0,0.0,0,0.0,0,0.0,0,0.0
6063,2785,0,0.0,0,0.0,0,0.0,0,0.0
6063,148,0,0.0,0,0.0,0,0.0,0,0.0
6063,472,0,0.0,0,0.0,0,0.0,0,0.0
6066,554,0,0.0,0,0.0,0,0.0,0,0.0
6066,10,0,0.0,0,0.0,0,0.0,1,0.08
6066,5,0,0.0,0,0.0,1,0.4,1,0.08
6066,0,1,1.0,1,0.8,1,0.4,1,0.08
6082,193,0,0.0,0,0.0,0,0.0,0,0.0
6082,24,0,0.0,0,0.0,0,0.0,1,0.1
6082,962,0,0.0,0,0.0,0,0.0,0,0.0
6082,58,0,0.0,0,0.0,0,0.0,0,0.0
6082,66,0,0.0,0,0.0,0,0.0,0,0.0
6084,396,0,0.0,0,0.0,0,0.0,0,0.0
6084,1420,0,0.0,0,0.0,0,0.0,0,0.0
6084,1028,0,0.0,0,0.0,0,0.0,0,0.0
6084,766,0,0.0,0,0.0,0,0.0,0,0.0
6092,155,0,0.0,0,0.0,0,0.0,0,0.0
6092,234,0,0.0,0,0.0,0,0.0,0,0.0
6092,214,0,0.0,0,0.0,0,0.0,0,0.0
6092,352,0,0.0,0,0.0,0,0.0,0,0.0
6095,570,0,0.0,0,0.0,0,0.0,0,0.0
6095,247,0,0.0,0,0.0,0,0.0,0,0.0
6095,321,0,0.0,0,0.0,0,0.0,0,0.0
6095,207,0,0.0,0,0.0,0,0.0,0,0.0
6128,1711,0,0.0,0,0.0,0,0.0,0,0.0
6128,1761,0,0.0,0,0.0,0,0.0,0,0.0
6128,1873,0,0.0,0,0.0,0,0.0,0,0.0
6128,2580,0,0.0,0,0.0,0,0.0,0,0.0
6128,2622,0,0.0,0,0.0,0,0.0,0,0.0
6136,188,0,0.0,0,0.0,0,0.0,0,0.0
6136,146,0,0.0,0,0.0,0,0.0,0,0.0
6136,494,0,0.0,0,0.0,0,0.0,0,0.0
6136,155,0,0.0,0,0.0,0,0.0,0,0.0
6137,239,0,0.0,0,0.0,0,0.0,0,0.0
6137,283,0,0.0,0,0.0,0,0.0,0,0.0
6137,5,0,0.0,0,0.0,1,0.5,1,0.1
6137,607,0,0.0,0,0.0,0,0.0,0,0.0
6137,64,0,0.0,0,0.0,0,0.0,0,0.0
6152,622,0,0.0,0,0.0,0,0.0,0,0.0
6152,41,0,0.0,0,0.0,0,0.0,1,0.1
6152,90,0,0.0,0,0.0,0,0.0,0,0.0
6152,27,0,0.0,0,0.0,0,0.0,1,0.1
6152,293,0,0.0,0,0.0,0,0.0,0,0.0
6156,928,0,0.0,0,0.0,0,0.0,0,0.0
6156,206,0,0.0,0,0.0,0,0.0,0,0.0
6156,599,0,0.0,0,0.0,0,0.0,0,0.0
6156,974,0,0.0,0,0.0,0,0.0,0,0.0
6156,582,0,0.0,0,0.0,0,0.0,0,0.0
6161,260,0,0.0,0,0.0,0,0.0,0,0.0
6161,229,0,0.0,0,0.0,0,0.0,0,0.0
6161,152,0,0.0,0,0.0,0,0.0,0,0.0
6161,601,0,0.0,0,0.0,0,0.0,0,0.0
6161,2911,0,0.0,0,0.0,0,0.0,0,0.0
6162,289,0,0.0,0,0.0,0,0.0,0,0.0
6162,2858,0,0.0,0,0.0,0,0.0,0,0.0
6162,898,0,0.0,0,0.0,0,0.0,0,0.0
6162,279,0,0.0,0,0.0,0,0.0,0,0.0
6170,804,0,0.0,0,0.0,0,0.0,0,0.0
6170,274,0,0.0,0,0.0,0,0.0,0,0.0
6170,736,0,0.0,0,0.0,0,0.0,0,0.0
6170,246,0,0.0,0,0.0,0,0.0,0,0.0
6183,1048,0,0.0,0,0.0,0,0.0,0,0.0
6183,1068,0,0.0,0,0.0,0,0.0,0,0.0
6183,349,0,0.0,0,0.0,0,0.0,0,0.0
6183,1096,0,0.0,0,0.0,0,0.0,0,0.0
6183,582,0,0.0,0,0.0,0,0.0,0,0.0
6216,420,0,0.0,0,0.0,0,0.0,0,0.0
6216,372,0,0.0,0,0.0,0,0.0,0,0.0
6216,242,0,0.0,0,0.0,0,0.0,0,0.0
6216,314,0,0.0,0,0.0,0,0.0,0,0.0
6233,395,0,0.0,0,0.0,0,0.0,0,0.0
6233,315,0,0.0,0,0.0,0,0.0,0,0.0
6233,224,0,0.0,0,0.0,0,0.0,0,0.0
6233,46,0,0.0,0,0.0,0,0.0,1,0.08
6233,146,0,0.0,0,0.0,0,0.0,0,0.0
6234,1089,0,0.0,0,0.0,0,0.0,0,0.0
6234,1581,0,0.0,0,0.0,0,0.0,0,0.0
6234,943,0,0.0,0,0.0,0,0.0,0,0.0
6234,1940,0,0.0,0,0.0,0,0.0,0,0.0
6234,1923,0,0.0,0,0.0,0,0.0,0,0.0
6244,410,0,0.0,0,0.0,0,0.0,0,0.0
6244,577,0,0.0,0,0.0,0,0.0,0,0.0
6244,99,0,0.0,0,0.0,0,0.0,0,0.0
6244,444,0,0.0,0,0.0,0,0.0,0,0.0
6244,295,0,0.0,0,0.0,0,0.0,0,0.0
6260,176,0,0.0,0,0.0,0,0.0,0,0.0
6260,79,0,0.0,0,0.0,0,0.0,0,0.0
6260,0,1,1.0,1,1.0,1,0.5,1,0.1
6260,70,0,0.0,0,0.0,0,0.0,0,0.0
6260,156,0,0.0,0,0.0,0,0.0,0,0.0
6264,704,0,0.0,0,0.0,0,0.0,0,0.0
6264,879,0,0.0,0,0.0,0,0.0,0,0.0
6264,755,0,0.0,0,0.0,0,0.0,0,0.0
6264,1597,0,0.0,0,0.0,0,0.0,0,0.0
6264,1252,0,0.0,0,0.0,0,0.0,0,0.0
6300,145,0,0.0,0,0.0,0,0.0,0,0.0
6300,532,0,0.0,0,0.0,0,0.0,0,0.0
6300,1788,0,0.0,0,0.0,0,0.0,0,0.0
6300,210,0,0.0,0,0.0,0,0.0,0,0.0
6300,1637,0,0.0,0,0.0,0,0.0,0,0.0
6308,160,0,0.0,0,0.0,0,0.0,0,0.0
6308,288,0,0.0,0,0.0,0,0.0,0,0.0
6308,157,0,0.0,0,0.0,0,0.0,0,0.0
6308,363,0,0.0,0,0.0,0,0.0,0,0.0
6308,51,0,0.0,0,0.0,0,0.0,0,0.0
6311,89,0,0.0,0,0.0,0,0.0,0,0.0
6311,128,0,0.0,0,0.0,0,0.0,0,0.0
6311,173,0,0.0,0,0.0,0,0.0,0,0.0
6311,125,0,0.0,0,0.0,0,0.0,0,0.0
6311,29,0,0.0,0,0.0,0,0.0,1,0.1
6337,1022,0,0.0,0,0.0,0,0.0,0,0.0
6337,507,0,0.0,0,0.0,0,0.0,0,0.0
6337,886,0,0.0,0,0.0,0,0.0,0,0.0
6337,121,0,0.0,0,0.0,0,0.0,0,0.0
6337,309,0,0.0,0,0.0,0,0.0,0,0.0
6342,70,0,0.0,0,0.0,0,0.0,0,0.0
6342,20,0,0.0,0,0.0,0,0.0,1,0.1
6342,889,0,0.0,0,0.0,0,0.0,0,0.0
6342,990,0,0.0,0,0.0,0,0.0,0,0.0
6342,74,0,0.0,0,0.0,0,0.0,0,0.0
6347,69,0,0.0,0,0.0,0,0.0,0,0.0
6347,226,0,0.0,0,0.0,0,0.0,0,0.0
6347,308,0,0.0,0,0.0,0,0.0,0,0.0
6347,218,0,0.0,0,0.0,0,0.0,0,0.0
6347,53,0,0.0,0,0.0,0,0.0,0,0.0
6350,10,0,0.0,0,0.0,0,0.0,1,0.1
6350,258,0,0.0,0,0.0,0,0.0,0,0.0
6350,302,0,0.0,0,0.0,0,0.0,0,0.0
6350,1482,0,0.0,0,0.0,0,0.0,0,0.0
6350,799,0,0.0,0,0.0,0,0.0,0,0.0
6364,1108,0,0.0,0,0.0,0,0.0,0,0.0
6364,361,0,0.0,0,0.0,0,0.0,0,0.0
6364,32,0,0.0,0,0.0,0,0.0,1,0.1
6364,319,0,0.0,0,0.0,0,0.0,0,0.0
6364,255,0,0.0,0,0.0,0,0.0,0,0.0
6381,618,0,0.0,0,0.0,0,0.0,0,0.0
6381,546,0,0.0,0,0.0,0,0.0,0,0.0
6381,646,0,0.0,0,0.0,0,0.0,0,0.0
6381,714,0,0.0,0,0.0,0,0.0,0,0.0
6381,572,0,0.0,0,0.0,0,0.0,0,0.0
6388,238,0,0.0,0,0.0,0,0.0,0,0.0
6388,432,0,0.0,0,0.0,0,0.0,0,0.0
6388,292,0,0.0,0,0.0,0,0.0,0,0.0
6388,452,0,0.0,0,0.0,0,0.0,0,0.0
6388,329,0,0.0,0,0.0,0,0.0,0,0.0
6399,2222,0,0.0,0,0.0,0,0.0,0,0.0
6399,50,0,0.0,0,0.0,0,0.0,0,0.0
6399,83,0,0.0,0,0.0,0,0.0,0,0.0
6399,119,0,0.0,0,0.0,0,0.0,0,0.0
6407,898,0,0.0,0,0.0,0,0.0,0,0.0
6407,1309,0,0.0,0,0.0,0,0.0,0,0.0
6407,1038,0,0.0,0,0.0,0,0.0,0,0.0
6407,174,0,0.0,0,0.0,0,0.0,0,0.0
6407,890,0,0.0,0,0.0,0,0.0,0,0.0
6411,4,0,0.0,1,0.2,1,0.5,1,0.1
6411,5,0,0.0,0,0.0,1,0.5,1,0.1
6411,144,0,0.0,0,0.0,0,0.0,0,0.0
6411,9,0,0.0,0,0.0,1,0.1,1,0.1
6411,58,0,0.0,0,0.0,0,0.0,0,0.0
6432,34,0,0.0,0,0.0,0,0.0,1,0.1
6432,29,0,0.0,0,0.0,0,0.0,1,0.1
6432,79,0,0.0,0,0.0,0,0.0,0,0.0
6432,28,0,0.0,0,0.0,0,0.0,1,0.1
6432,44,0,0.0,0,0.0,0,0.0,1,0.1
6439,164,0,0.0,0,0.0,0,0.0,0,0.0
6439,239,0,0.0,0,0.0,0,0.0,0,0.0
6439,422,0,0.0,0,0.0,0,0.0,0,0.0
6439,947,0,0.0,0,0.0,0,0.0,0,0.0
6439,304,0,0.0,0,0.0,0,0.0,0,0.0
6447,1228,0,0.0,0,0.0,0,0.0,0,0.0
6447,2462,0,0.0,0,0.0,0,0.0,0,0.0
6447,1244,0,0.0,0,0.0,0,0.0,0,0.0
6447,1478,0,0.0,0,0.0,0,0.0,0,0.0
6447,2341,0,0.0,0,0.0,0,0.0,0,0.0
6458,299,0,0.0,0,0.0,0,0.0,0,0.0
6458,136,0,0.0,0,0.0,0,0.0,0,0.0
6458,469,0,0.0,0,0.0,0,0.0,0,0.0
6458,135,0,0.0,0,0.0,0,0.0,0,0.0
6458,195,0,0.0,0,0.0,0,0.0,0,0.0
6481,237,0,0.0,0,0.0,0,0.0,0,0.0
6481,260,0,0.0,0,0.0,0,0.0,0,0.0
6481,269,0,0.0,0,0.0,0,0.0,0,0.0
6481,85,0,0.0,0,0.0,0,0.0,0,0.0
6481,112,0,0.0,0,0.0,0,0.0,0,0.0
6491,1478,0,0.0,0,0.0,0,0.0,0,0.0
6491,2796,0,0.0,0,0.0,0,0.0,0,0.0
6491,2154,0,0.0,0,0.0,0,0.0,0,0.0
6491,1563,0,0.0,0,0.0,0,0.0,0,0.0
6491,2485,0,0.0,0,0.0,0,0.0,0,0.0
6492,113,0,0.0,0,0.0,0,0.0,0,0.0
6492,54,0,0.0,0,0.0,0,0.0,0,0.0
6492,110,0,0.0,0,0.0,0,0.0,0,0.0
6492,38,0,0.0,0,0.0,0,0.0,1,0.1
6492,127,0,0.0,0,0.0,0,0.0,0,0.0
6501,279,0,0.0,0,0.0,0,0.0,0,0.0
6501,75,0,0.0,0,0.0,0,0.0,0,0.0
6501,65,0,0.0,0,0.0,0,0.0,0,0.0
6501,526,0,0.0,0,0.0,0,0.0,0,0.0
6501,135,0,0.0,0,0.0,0,0.0,0,0.0
6515,502,0,0.0,0,0.0,0,0.0,0,0.0
6515,540,0,0.0,0,0.0,0,0.0,0,0.0
6515,565,0,0.0,0,0.0,0,0.0,0,0.0
6515,364,0,0.0,0,0.0,0,0.0,0,0.0
6515,552,0,0.0,0,0.0,0,0.0,0,0.0
6528,537,0,0.0,0,0.0,0,0.0,0,0.0
6528,75,0,0.0,0,0.0,0,0.0,0,0.0
6528,518,0,0.0,0,0.0,0,0.0,0,0.0
6528,605,0,0.0,0,0.0,0,0.0,0,0.0
6528,727,0,0.0,0,0.0,0,0.0,0,0.0
6530,1304,0,0.0,0,0.0,0,0.0,0,0.0
6530,273,0,0.0,0,0.0,0,0.0,0,0.0
6530,581,0,0.0,0,0.0,0,0.0,0,0.0
6530,2398,0,0.0,0,0.0,0,0.0,0,0.0
6530,171,0,0.0,0,0.0,0,0.0,0,0.0
6533,206,0,0.0,0,0.0,0,0.0,0,0.0
6533,40,0,0.0,0,0.0,0,0.0,1,0.1
6533,20,0,0.0,0,0.0,0,0.0,1,0.1
6533,53,0,0.0,0,0.0,0,0.0,0,0.0
6533,135,0,0.0,0,0.0,0,0.0,0,0.0
6570,3276,0,0.0,0,0.0,0,0.0,0,0.0
6570,677,0,0.0,0,0.0,0,0.0,0,0.0
6570,734,0,0.0,0,0.0,0,0.0,0,0.0
6570,976,0,0.0,0,0.0,0,0.0,0,0.0
6570,1008,0,0.0,0,0.0,0,0.0,0,0.0
6582,115,0,0.0,0,0.0,0,0.0,0,0.0
6582,69,0,0.0,0,0.0,0,0.0,0,0.0
6582,5,0,0.0,0,0.0,1,0.5,1,0.1
6582,194,0,0.0,0,0.0,0,0.0,0,0.0
6582,475,0,0.0,0,0.0,0,0.0,0,0.0
6596,198,0,0.0,0,0.0,0,0.0,0,0.0
6596,1100,0,0.0,0,0.0,0,0.0,0,0.0
6596,1045,0,0.0,0,0.0,0,0.0,0,0.0
6596,957,0,0.0,0,0.0,0,0.0,0,0.0
6596,1238,0,0.0,0,0.0,0,0.0,0,0.0
6608,319,0,0.0,0,0.0,0,0.0,0,0.0
6608,172,0,0.0,0,0.0,0,0.0,0,0.0
6608,753,0,0.0,0,0.0,0,0.0,0,0.0
6608,343,0,0.0,0,0.0,0,0.0,0,0.0
6608,53,0,0.0,0,0.0,0,0.0,0,0.0
6613,61,0,0.0,0,0.0,0,0.0,0,0.0
6613,1741,0,0.0,0,0.0,0,0.0,0,0.0
6613,131,0,0.0,0,0.0,0,0.0,0,0.0
6613,159,0,0.0,0,0.0,0,0.0,0,0.0
6613,1017,0,0.0,0,0.0,0,0.0,0,0.0
6619,141,0,0.0,0,0.0,0,0.0,0,0.0
6619,181,0,0.0,0,0.0,0,0.0,0,0.0
6619,87,0,0.0,0,0.0,0,0.0,0,0.0
6619,140,0,0.0,0,0.0,0,0.0,0,0.0
6619,14,0,0.0,0,0.0,0,0.0,1,0.1
6626,52,0,0.0,0,0.0,0,0.0,0,0.0
6626,693,0,0.0,0,0.0,0,0.0,0,0.0
6626,1076,0,0.0,0,0.0,0,0.0,0,0.0
6626,3147,0,0.0,0,0.0,0,0.0,0,0.0
6626,174,0,0.0,0,0.0,0,0.0,0,0.0
6648,24,0,0.0,0,0.0,0,0.0,1,0.1
6648,5,0,0.0,0,0.0,1,0.5,1,0.1
6648,10,0,0.0,0,0.0,0,0.0,1,0.1
6648,45,0,0.0,0,0.0,0,0.0,1,0.1
6648,39,0,0.0,0,0.0,0,0.0,1,0.1
6651,1084,0,0.0,0,0.0,0,0.0,0,0.0
6651,846,0,0.0,0,0.0,0,0.0,0,0.0
6651,672,0,0.0,0,0.0,0,0.0,0,0.0
6651,453,0,0.0,0,0.0,0,0.0,0,0.0
6651,856,0,0.0,0,0.0,0,0.0,0,0.0
6671,2560,0,0.0,0,0.0,0,0.0,0,0.0
6671,3623,0,0.0,0,0.0,0,0.0,0,0.0
6671,578,0,0.0,0,0.0,0,0.0,0,0.0
6671,3153,0,0.0,0,0.0,0,0.0,0,0.0
6671,3038,0,0.0,0,0.0,0,0.0,0,0.0
6687,24,0,0.0,0,0.0,0,0.0,1,0.1
6687,118,0,0.0,0,0.0,0,0.0,0,0.0
6687,84,0,0.0,0,0.0,0,0.0,0,0.0
6687,426,0,0.0,0,0.0,0,0.0,0,0.0
6687,155,0,0.0,0,0.0,0,0.0,0,0.0
6689,914,0,0.0,0,0.0,0,0.0,0,0.0
6689,600,0,0.0,0,0.0,0,0.0,0,0.0
6689,2116,0,0.0,0,0.0,0,0.0,0,0.0
6689,440,0,0.0,0,0.0,0,0.0,0,0.0
6689,89,0,0.0,0,0.0,0,0.0,0,0.0
6693,1997,0,0.0,0,0.0,0,0.0,0,0.0
6693,1623,0,0.0,0,0.0,0,0.0,0,0.0
6693,1118,0,0.0,0,0.0,0,0.0,0,0.0
6693,91,0,0.0,0,0.0,0,0.0,0,0.0
6693,1068,0,0.0,0,0.0,0,0.0,0,0.0
6699,1776,0,0.0,0,0.0,0,0.0,0,0.0
6699,19,0,0.0,0,0.0,0,0.0,1,0.1
6699,652,0,0.0,0,0.0,0,0.0,0,0.0
6699,50,0,0.0,0,0.0,0,0.0,0,0.0
6699,512,0,0.0,0,0.0,0,0.0,0,0.0
6716,692,0,0.0,0,0.0,0,0.0,0,0.0
6716,334,0,0.0,0,0.0,0,0.0,0,0.0
6716,579,0,0.0,0,0.0,0,0.0,0,0.0
6716,1040,0,0.0,0,0.0,0,0.0,0,0.0
6716,265,0,0.0,0,0.0,0,0.0,0,0.0
6721,104,0,0.0,0,0.0,0,0.0,0,0.0
6721,810,0,0.0,0,0.0,0,0.0,0,0.0
6721,1042,0,0.0,0,0.0,0,0.0,0,0.0
6721,88,0,0.0,0,0.0,0,0.0,0,0.0
6721,687,0,0.0,0,0.0,0,0.0,0,0.0
6734,572,0,0.0,0,0.0,0,0.0,0,0.0
6734,435,0,0.0,0,0.0,0,0.0,0,0.0
6734,196,0,0.0,0,0.0,0,0.0,0,0.0
6734,288,0,0.0,0,0.0,0,0.0,0,0.0
6734,1708,0,0.0,0,0.0,0,0.0,0,0.0
6768,15,0,0.0,0,0.0,0,0.0,1,0.1
6768,20,0,0.0,0,0.0,0,0.0,1,0.1
6768,5,0,0.0,0,0.0,1,0.5,1,0.1
6768,25,0,0.0,0,0.0,0,0.0,1,0.1
6768,5,0,0.0,0,0.0,1,0.5,1,0.1
6785,635,0,0.0,0,0.0,0,0.0,0,0.0
6785,490,0,0.0,0,0.0,0,0.0,0,0.0
6785,709,0,0.0,0,0.0,0,0.0,0,0.0
6785,528,0,0.0,0,0.0,0,0.0,0,0.0
6797,97,0,0.0,0,0.0,0,0.0,0,0.0
6797,476,0,0.0,0,0.0,0,0.0,0,0.0
6797,496,0,0.0,0,0.0,0,0.0,0,0.0
6804,1742,0,0.0,0,0.0,0,0.0,0,0.0
6804,74,0,0.0,0,0.0,0,0.0,0,0.0
6804,156,0,0.0,0,0.0,0,0.0,0,0.0
6804,605,0,0.0,0,0.0,0,0.0,0,0.0
6804,207,0,0.0,0,0.0,0,0.0,0,0.0
6808,2837,0,0.0,0,0.0,0,0.0,0,0.0
6808,1807,0,0.0,0,0.0,0,0.0,0,0.0
6808,366,0,0.0,0,0.0,0,0.0,0,0.0
6808,110,0,0.0,0,0.0,0,0.0,0,0.0
6808,281,0,0.0,0,0.0,0,0.0,0,0.0
6836,9,0,0.0,0,0.0,1,0.1,1,0.1
6836,20,0,0.0,0,0.0,0,0.0,1,0.1
6836,52,0,0.0,0,0.0,0,0.0,0,0.0
6836,602,0,0.0,0,0.0,0,0.0,0,0.0
6836,198,0,0.0,0,0.0,0,0.0,0,0.0
6848,347,0,0.0,0,0.0,0,0.0,0,0.0
6848,2903,0,0.0,0,0.0,0,0.0,0,0.0
6848,721,0,0.0,0,0.0,0,0.0,0,0.0
6848,294,0,0.0,0,0.0,0,0.0,0,0.0
6848,377,0,0.0,0,0.0,0,0.0,0,0.0
6856,3714,0,0.0,0,0.0,0,0.0,0,0.0
6856,287,0,0.0,0,0.0,0,0.0,0,0.0
6856,319,0,0.0,0,0.0,0,0.0,0,0.0
6860,1263,0,0.0,0,0.0,0,0.0,0,0.0
6860,916,0,0.0,0,0.0,0,0.0,0,0.0
6860,784,0,0.0,0,0.0,0,0.0,0,0.0
6860,1660,0,0.0,0,0.0,0,0.0,0,0.0
6860,206,0,0.0,0,0.0,0,0.0,0,0.0
6872,489,0,0.0,0,0.0,0,0.0,0,0.0
6872,563,0,0.0,0,0.0,0,0.0,0,0.0
6872,483,0,0.0,0,0.0,0,0.0,0,0.0
6872,108,0,0.0,0,0.0,0,0.0,0,0.0
6872,3083,0,0.0,0,0.0,0,0.0,0,0.0
6877,1936,0,0.0,0,0.0,0,0.0,0,0.0
6877,2438,0,0.0,0,0.0,0,0.0,0,0.0
6877,1484,0,0.0,0,0.0,0,0.0,0,0.0
6877,962,0,0.0,0,0.0,0,0.0,0,0.0
6879,329,0,0.0,0,0.0,0,0.0,0,0.0
6879,0,1,1.0,1,1.0,1,0.5,1,0.1
6879,867,0,0.0,0,0.0,0,0.0,0,0.0
6879,248,0,0.0,0,0.0,0,0.0,0,0.0
6879,1002,0,0.0,0,0.0,0,0.0,0,0.0
6892,1200,0,0.0,0,0.0,0,0.0,0,0.0
6892,791,0,0.0,0,0.0,0,0.0,0,0.0
6892,195,0,0.0,0,0.0,0,0.0,0,0.0
6892,871,0,0.0,0,0.0,0,0.0,0,0.0
6908,1882,0,0.0,0,0.0,0,0.0,0,0.0
6908,2172,0,0.0,0,0.0,0,0.0,0,0.0
6908,2218,0,0.0,0,0.0,0,0.0,0,0.0
6908,533,0,0.0,0,0.0,0,0.0,0,0.0
6909,87,0,0.0,0,0.0,0,0.0,0,0.0
6909,395,0,0.0,0,0.0,0,0.0,0,0.0
6909,125,0,0.0,0,0.0,0,0.0,0,0.0
6910,10,0,0.0,0,0.0,0,0.0,1,0.08
6910,10,0,0.0,0,0.0,0,0.0,1,0.08
6910,38,0,0.0,0,0.0,0,0.0,1,0.08
6910,57,0,0.0,0,0.0,0,0.0,0,0.0
6912,200,0,0.0,0,0.0,0,0.0,0,0.0
6912,677,0,0.0,0,0.0,0,0.0,0,0.0
6912,215,0,0.0,0,0.0,0,0.0,0,0.0
6912,231,0,0.0,0,0.0,0,0.0,0,0.0
6912,669,0,0.0,0,0.0,0,0.0,0,0.0
6928,3162,0,0.0,0,0.0,0,0.0,0,0.0
6928,196,0,0.0,0,0.0,0,0.0,0,0.0
6928,63,0,0.0,0,0.0,0,0.0,0,0.0
6928,563,0,0.0,0,0.0,0,0.0,0,0.0
6928,259,0,0.0,0,0.0,0,0.0,0,0.0
6942,91,0,0.0,0,0.0,0,0.0,0,0.0
6942,294,0,0.0,0,0.0,0,0.0,0,0.0
6942,382,0,0.0,0,0.0,0,0.0,0,0.0
6942,93,0,0.0,0,0.0,0,0.0,0,0.0
6951,1403,0,0.0,0,0.0,0,0.0,0,0.0
6951,567,0,0.0,0,0.0,0,0.0,0,0.0
6951,2269,0,0.0,0,0.0,0,0.0,0,0.0
6951,614,0,0.0,0,0.0,0,0.0,0,0.0
6951,637,0,0.0,0,0.0,0,0.0,0,0.0
6981,1718,0,0.0,0,0.0,0,0.0,0,0.0
6981,204,0,0.0,0,0.0,0,0.0,0,0.0
6981,111,0,0.0,0,0.0,0,0.0,0,0.0
6981,1995,0,0.0,0,0.0,0,0.0,0,0.0
6981,1845,0,0.0,0,0.0,0,0.0,0,0.0
6985,66,0,0.0,0,0.0,0,0.0,0,0.0
6985,68,0,0.0,0,0.0,0,0.0,0,0.0
6985,77,0,0.0,0,0.0,0,0.0,0,0.0
6985,74,0,0.0,0,0.0,0,0.0,0,0.0
6985,473,0,0.0,0,0.0,0,0.0,0,0.0
7007,642,0,0.0,0,0.0,0,0.0,0,0.0
7007,578,0,0.0,0,0.0,0,0.0,0,0.0
7007,103,0,0.0,0,0.0,0,0.0,0,0.0
7007,958,0,0.0,0,0.0,0,0.0,0,0.0
7053,1899,0,0.0,0,0.0,0,0.0,0,0.0
7053,1243,0,0.0,0,0.0,0,0.0,0,0.0
7053,1595,0,0.0,0,0.0,0,0.0,0,0.0
7053,2728,0,0.0,0,0.0,0,0.0,0,0.0
7053,3055,0,0.0,0,0.0,0,0.0,0,0.0
7054,743,0,0.0,0,0.0,0,0.0,0,0.0
7054,564,0,0.0,0,0.0,0,0.0,0,0.0
7054,1481,0,0.0,0,0.0,0,0.0,0,0.0
7054,726,0,0.0,0,0.0,0,0.0,0,0.0
7054,1121,0,0.0,0,0.0,0,0.0,0,0.0
7072,141,0,0.0,0,0.0,0,0.0,0,0.0
7072,141,0,0.0,0,0.0,0,0.0,0,0.0
7072,231,0,0.0,0,0.0,0,0.0,0,0.0
7072,101,0,0.0,0,0.0,0,0.0,0,0.0
7073,349,0,0.0,0,0.0,0,0.0,0,0.0
7073,303,0,0.0,0,0.0,0,0.0,0,0.0
7073,3306,0,0.0,0,0.0,0,0.0,0,0.0
7073,477,0,0.0,0,0.0,0,0.0,0,0.0
7073,1163,0,0.0,0,0.0,0,0.0,0,0.0
7076,349,0,0.0,0,0.0,0,0.0,0,0.0
7076,48,0,0.0,0,0.0,0,0.0,1,0.04
7076,281,0,0.0,0,0.0,0,0.0,0,0.0
7076,254,0,0.0,0,0.0,0,0.0,0,0.0
7076,169,0,0.0,0,0.0,0,0.0,0,0.0
7081,758,0,0.0,0,0.0,0,0.0,0,0.0
7081,1219,0,0.0,0,0.0,0,0.0,0,0.0
7081,756,0,0.0,0,0.0,0,0.0,0,0.0
7081,320,0,0.0,0,0.0,0,0.0,0,0.0
7081,200,0,0.0,0,0.0,0,0.0,0,0.0
7084,1276,0,0.0,0,0.0,0,0.0,0,0.0
7084,1931,0,0.0,0,0.0,0,0.0,0,0.0
7084,165,0,0.0,0,0.0,0,0.0,0,0.0
7084,319,0,0.0,0,0.0,0,0.0,0,0.0
7084,113,0,0.0,0,0.0,0,0.0,0,0.0
7091,3132,0,0.0,0,0.0,0,0.0,0,0.0
7091,362,0,0.0,0,0.0,0,0.0,0,0.0
7091,709,0,0.0,0,0.0,0,0.0,0,0.0
7091,233,0,0.0,0,0.0,0,0.0,0,0.0
7095,44,0,0.0,0,0.0,0,0.0,1,0.1
7095,254,0,0.0,0,0.0,0,0.0,0,0.0
7095,110,0,0.0,0,0.0,0,0.0,0,0.0
7095,190,0,0.0,0,0.0,0,0.0,0,0.0
7095,786,0,0.0,0,0.0,0,0.0,0,0.0
7098,407,0,0.0,0,0.0,0,0.0,0,0.0
7098,514,0,0.0,0,0.0,0,0.0,0,0.0
7098,317,0,0.0,0,0.0,0,0.0,0,0.0
7098,175,0,0.0,0,0.0,0,0.0,0,0.0
7098,117,0,0.0,0,0.0,0,0.0,0,0.0
7108,74,0,0.0,0,0.0,0,0.0,0,0.0
7108,45,0,0.0,0,0.0,0,0.0,1,0.1
7108,29,0,0.0,0,0.0,0,0.0,1,0.1
7108,0,1,1.0,1,1.0,1,0.5,1,0.1
7108,59,0,0.0,0,0.0,0,0.0,0,0.0
7137,134,0,0.0,0,0.0,0,0.0,0,0.0
7137,199,0,0.0,0,0.0,0,0.0,0,0.0
7137,358,0,0.0,0,0.0,0,0.0,0,0.0
7137,153,0,0.0,0,0.0,0,0.0,0,0.0
7163,175,0,0.0,0,0.0,0,0.0,0,0.0
7163,51,0,0.0,0,0.0,0,0.0,0,0.0
7163,236,0,0.0,0,0.0,0,0.0,0,0.0
7163,102,0,0.0,0,0.0,0,0.0,0,0.0
7163,425,0,0.0,0,0.0,0,0.0,0,0.0
7180,539,0,0.0,0,0.0,0,0.0,0,0.0
7180,1333,0,0.0,0,0.0,0,0.0,0,0.0
7180,515,0,0.0,0,0.0,0,0.0,0,0.0
7180,1367,0,0.0,0,0.0,0,0.0,0,0.0
7180,822,0,0.0,0,0.0,0,0.0,0,0.0
7185,1426,0,0.0,0,0.0,0,0.0,0,0.0
7185,1270,0,0.0,0,0.0,0,0.0,0,0.0
7185,3591,0,0.0,0,0.0,0,0.0,0,0.0
7185,3677,0,0.0,0,0.0,0,0.0,0,0.0
7185,1156,0,0.0,0,0.0,0,0.0,0,0.0
7187,299,0,0.0,0,0.0,0,0.0,0,0.0
7187,90,0,0.0,0,0.0,0,0.0,0,0.0
7187,74,0,0.0,0,0.0,0,0.0,0,0.0
7187,87,0,0.0,0,0.0,0,0.0,0,0.0
7187,48,0,0.0,0,0.0,0,0.0,1,0.04
7196,538,0,0.0,0,0.0,0,0.0,0,0.0
7196,2265,0,0.0,0,0.0,0,0.0,0,0.0
7196,230,0,0.0,0,0.0,0,0.0,0,0.0
7196,1951,0,0.0,0,0.0,0,0.0,0,0.0
7224,15,0,0.0,0,0.0,0,0.0,1,0.1
7224,2550,0,0.0,0,0.0,0,0.0,0,0.0
7224,2181,0,0.0,0,0.0,0,0.0,0,0.0
7224,10,0,0.0,0,0.0,0,0.0,1,0.1
7224,1040,0,0.0,0,0.0,0,0.0,0,0.0
7231,1174,0,0.0,0,0.0,0,0.0,0,0.0
7231,3255,0,0.0,0,0.0,0,0.0,0,0.0
7231,1814,0,0.0,0,0.0,0,0.0,0,0.0
7231,2581,0,0.0,0,0.0,0,0.0,0,0.0
7231,972,0,0.0,0,0.0,0,0.0,0,0.0
7246,1683,0,0.0,0,0.0,0,0.0,0,0.0
7246,1385,0,0.0,0,0.0,0,0.0,0,0.0
7246,1910,0,0.0,0,0.0,0,0.0,0,0.0
7246,219,0,0.0,0,0.0,0,0.0,0,0.0
7246,212,0,0.0,0,0.0,0,0.0,0,0.0
7262,29,0,0.0,0,0.0,0,0.0,1,0.1
7262,89,0,0.0,0,0.0,0,0.0,0,0.0
7262,79,0,0.0,0,0.0,0,0.0,0,0.0
7262,34,0,0.0,0,0.0,0,0.0,1,0.1
7262,24,0,0.0,0,0.0,0,0.0,1,0.1
7266,2786,0,0.0,0,0.0,0,0.0,0,0.0
7266,38,0,0.0,0,0.0,0,0.0,1,0.08
7266,1432,0,0.0,0,0.0,0,0.0,0,0.0
7266,5,0,0.0,0,0.0,1,0.4,1,0.08
7277,276,0,0.0,0,0.0,0,0.0,0,0.0
7277,933,0,0.0,0,0.0,0,0.0,0,0.0
7277,24,0,0.0,0,0.0,0,0.0,1,0.08
7277,307,0,0.0,0,0.0,0,0.0,0,0.0
7281,59,0,0.0,0,0.0,0,0.0,0,0.0
7281,162,0,0.0,0,0.0,0,0.0,0,0.0
7281,5,0,0.0,0,0.0,1,0.4,1,0.08
7281,672,0,0.0,0,0.0,0,0.0,0,0.0
7286,885,0,0.0,0,0.0,0,0.0,0,0.0
7286,488,0,0.0,0,0.0,0,0.0,0,0.0
7286,2572,0,0.0,0,0.0,0,0.0,0,0.0
7286,566,0,0.0,0,0.0,0,0.0,0,0.0
7312,295,0,0.0,0,0.0,0,0.0,0,0.0
7312,624,0,0.0,0,0.0,0,0.0,0,0.0
7312,700,0,0.0,0,0.0,0,0.0,0,0.0
7312,280,0,0.0,0,0.0,0,0.0,0,0.0
7314,2946,0,0.0,0,0.0,0,0.0,0,0.0
7314,1190,0,0.0,0,0.0,0,0.0,0,0.0
7314,129,0,0.0,0,0.0,0,0.0,0,0.0
7314,23,0,0.0,0,0.0,0,0.0,1,0.08
7316,1252,0,0.0,0,0.0,0,0.0,0,0.0
7316,199,0,0.0,0,0.0,0,0.0,0,0.0
7316,1200,0,0.0,0,0.0,0,0.0,0,0.0
7316,84,0,0.0,0,0.0,0,0.0,0,0.0
7316,3002,0,0.0,0,0.0,0,0.0,0,0.0
7320,235,0,0.0,0,0.0,0,0.0,0,0.0
7320,1906,0,0.0,0,0.0,0,0.0,0,0.0
7320,1016,0,0.0,0,0.0,0,0.0,0,0.0
7320,711,0,0.0,0,0.0,0,0.0,0,0.0
7320,230,0,0.0,0,0.0,0,0.0,0,0.0
7330,531,0,0.0,0,0.0,0,0.0,0,0.0
7330,2394,0,0.0,0,0.0,0,0.0,0,0.0
7330,921,0,0.0,0,0.0,0,0.0,0,0.0
7330,4048,0,0.0,0,0.0,0,0.0,0,0.0
7330,378,0,0.0,0,0.0,0,0.0,0,0.0
7334,2381,0,0.0,0,0.0,0,0.0,0,0.0
7334,1582,0,0.0,0,0.0,0,0.0,0,0.0
7334,3095,0,0.0,0,0.0,0,0.0,0,0.0
7334,1844,0,0.0,0,0.0,0,0.0,0,0.0
7334,1999,0,0.0,0,0.0,0,0.0,0,0.0
7350,43,0,0.0,0,0.0,0,0.0,1,0.1
7350,70,0,0.0,0,0.0,0,0.0,0,0.0
7350,66,0,0.0,0,0.0,0,0.0,0,0.0
7350,48,0,0.0,0,0.0,0,0.0,1,0.04
7350,20,0,0.0,0,0.0,0,0.0,1,0.1
7363,99,0,0.0,0,0.0,0,0.0,0,0.0
7363,564,0,0.0,0,0.0,0,0.0,0,0.0
7363,137,0,0.0,0,0.0,0,0.0,0,0.0
7363,33,0,0.0,0,0.0,0,0.0,1,0.08
7372,498,0,0.0,0,0.0,0,0.0,0,0.0
7372,2800,0,0.0,0,0.0,0,0.0,0,0.0
7372,635,0,0.0,0,0.0,0,0.0,0,0.0
7372,805,0,0.0,0,0.0,0,0.0,0,0.0
7376,1042,0,0.0,0,0.0,0,0.0,0,0.0
7376,1167,0,0.0,0,0.0,0,0.0,0,0.0
7376,1218,0,0.0,0,0.0,0,0.0,0,0.0
7376,780,0,0.0,0,0.0,0,0.0,0,0.0
7376,1164,0,0.0,0,0.0,0,0.0,0,0.0
7379,475,0,0.0,0,0.0,0,0.0,0,0.0
7379,180,0,0.0,0,0.0,0,0.0,0,0.0
7379,913,0,0.0,0,0.0,0,0.0,0,0.0
7379,930,0,0.0,0,0.0,0,0.0,0,0.0
7379,251,0,0.0,0,0.0,0,0.0,0,0.0
7411,2057,0,0.0,0,0.0,0,0.0,0,0.0
7411,1122,0,0.0,0,0.0,0,0.0,0,0.0
7411,549,0,0.0,0,0.0,0,0.0,0,0.0
7411,251,0,0.0,0,0.0,0,0.0,0,0.0
7411,1139,0,0.0,0,0.0,0,0.0,0,0.0
7412,3249,0,0.0,0,0.0,0,0.0,0,0.0
7412,2135,0,0.0,0,0.0,0,0.0,0,0.0
7412,3452,0,0.0,0,0.0,0,0.0,0,0.0
7412,556,0,0.0,0,0.0,0,0.0,0,0.0
7412,3573,0,0.0,0,0.0,0,0.0,0,0.0
7415,277,0,0.0,0,0.0,0,0.0,0,0.0
7415,471,0,0.0,0,0.0,0,0.0,0,0.0
7415,244,0,0.0,0,0.0,0,0.0,0,0.0
7415,236,0,0.0,0,0.0,0,0.0,0,0.0
7415,243,0,0.0,0,0.0,0,0.0,0,0.0
7417,1039,0,0.0,0,0.0,0,0.0,0,0.0
7417,2682,0,0.0,0,0.0,0,0.0,0,0.0
7417,228,0,0.0,0,0.0,0,0.0,0,0.0
7417,716,0,0.0,0,0.0,0,0.0,0,0.0
7417,665,0,0.0,0,0.0,0,0.0,0,0.0
7421,200,0,0.0,0,0.0,0,0.0,0,0.0
7421,2065,0,0.0,0,0.0,0,0.0,0,0.0
7421,106,0,0.0,0,0.0,0,0.0,0,0.0
7421,54,0,0.0,0,0.0,0,0.0,0,0.0
7421,73,0,0.0,0,0.0,0,0.0,0,0.0
7429,3370,0,0.0,0,0.0,0,0.0,0,0.0
7429,1562,0,0.0,0,0.0,0,0.0,0,0.0
7429,1682,0,0.0,0,0.0,0,0.0,0,0.0
7429,1602,0,0.0,0,0.0,0,0.0,0,0.0
7429,1721,0,0.0,0,0.0,0,0.0,0,0.0
7430,334,0,0.0,0,0.0,0,0.0,0,0.0
7430,1012,0,0.0,0,0.0,0,0.0,0,0.0
7430,1079,0,0.0,0,0.0,0,0.0,0,0.0
7430,782,0,0.0,0,0.0,0,0.0,0,0.0
7430,486,0,0.0,0,0.0,0,0.0,0,0.0
7466,1273,0,0.0,0,0.0,0,0.0,0,0.0
7466,696,0,0.0,0,0.0,0,0.0,0,0.0
7466,795,0,0.0,0,0.0,0,0.0,0,0.0
7466,608,0,0.0,0,0.0,0,0.0,0,0.0
7466,1196,0,0.0,0,0.0,0,0.0,0,0.0
7472,598,0,0.0,0,0.0,0,0.0,0,0.0
7472,244,0,0.0,0,0.0,0,0.0,0,0.0
7472,808,0,0.0,0,0.0,0,0.0,0,0.0
7472,1233,0,0.0,0,0.0,0,0.0,0,0.0
7472,350,0,0.0,0,0.0,0,0.0,0,0.0
7478,807,0,0.0,0,0.0,0,0.0,0,0.0
7478,1522,0,0.0,0,0.0,0,0.0,0,0.0
7478,877,0,0.0,0,0.0,0,0.0,0,0.0
7478,400,0,0.0,0,0.0,0,0.0,0,0.0
7478,1014,0,0.0,0,0.0,0,0.0,0,0.0
7483,1530,0,0.0,0,0.0,0,0.0,0,0.0
7483,1827,0,0.0,0,0.0,0,0.0,0,0.0
7483,239,0,0.0,0,0.0,0,0.0,0,0.0
7483,229,0,0.0,0,0.0,0,0.0,0,0.0
7483,582,0,0.0,0,0.0,0,0.0,0,0.0
7490,59,0,0.0,0,0.0,0,0.0,0,0.0
7490,314,0,0.0,0,0.0,0,0.0,0,0.0
7490,433,0,0.0,0,0.0,0,0.0,0,0.0
7490,363,0,0.0,0,0.0,0,0.0,0,0.0
7490,253,0,0.0,0,0.0,0,0.0,0,0.0
7494,988,0,0.0,0,0.0,0,0.0,0,0.0
7494,626,0,0.0,0,0.0,0,0.0,0,0.0
7494,533,0,0.0,0,0.0,0,0.0,0,0.0
7494,624,0,0.0,0,0.0,0,0.0,0,0.0
7494,1076,0,0.0,0,0.0,0,0.0,0,0.0
7528,307,0,0.0,0,0.0,0,0.0,0,0.0
7528,1184,0,0.0,0,0.0,0,0.0,0,0.0
7528,3162,0,0.0,0,0.0,0,0.0,0,0.0
7528,213,0,0.0,0,0.0,0,0.0,0,0.0
7528,226,0,0.0,0,0.0,0,0.0,0,0.0
7533,1144,0,0.0,0,0.0,0,0.0,0,0.0
7533,848,0,0.0,0,0.0,0,0.0,0,0.0
7533,49,0,0.0,0,0.0,0,0.0,1,0.02
7533,20,0,0.0,0,0.0,0,0.0,1,0.1
7533,441,0,0.0,0,0.0,0,0.0,0,0.0
7569,130,0,0.0,0,0.0,0,0.0,0,0.0
7569,42,0,0.0,0,0.0,0,0.0,1,0.1
7569,158,0,0.0,0,0.0,0,0.0,0,0.0
7569,292,0,0.0,0,0.0,0,0.0,0,0.0
7569,40,0,0.0,0,0.0,0,0.0,1,0.1
7578,5,0,0.0,0,0.0,1,0.5,1,0.1
7578,0,1,1.0,1,1.0,1,0.5,1,0.1
7578,10,0,0.0,0,0.0,0,0.0,1,0.1
7578,33,0,0.0,0,0.0,0,0.0,1,0.1
7578,15,0,0.0,0,0.0,0,0.0,1,0.1
7580,128,0,0.0,0,0.0,0,0.0,0,0.0
7580,5,0,0.0,0,0.0,1,0.5,1,0.1
7580,0,1,1.0,1,1.0,1,0.5,1,0.1
7580,5,0,0.0,0,0.0,1,0.5,1,0.1
7580,25,0,0.0,0,0.0,0,0.0,1,0.1
7581,1067,0,0.0,0,0.0,0,0.0,0,0.0
7581,60,0,0.0,0,0.0,0,0.0,0,0.0
7581,485,0,0.0,0,0.0,0,0.0,0,0.0
7581,151,0,0.0,0,0.0,0,0.0,0,0.0
7581,516,0,0.0,0,0.0,0,0.0,0,0.0
7588,2541,0,0.0,0,0.0,0,0.0,0,0.0
7588,2191,0,0.0,0,0.0,0,0.0,0,0.0
7588,692,0,0.0,0,0.0,0,0.0,0,0.0
7588,118,0,0.0,0,0.0,0,0.0,0,0.0
7588,500,0,0.0,0,0.0,0,0.0,0,0.0
7600,1769,0,0.0,0,0.0,0,0.0,0,0.0
7600,359,0,0.0,0,0.0,0,0.0,0,0.0
7600,174,0,0.0,0,0.0,0,0.0,0,0.0
7600,318,0,0.0,0,0.0,0,0.0,0,0.0
7620,39,0,0.0,0,0.0,0,0.0,1,0.1
7620,1752,0,0.0,0,0.0,0,0.0,0,0.0
7620,135,0,0.0,0,0.0,0,0.0,0,0.0
7620,81,0,0.0,0,0.0,0,0.0,0,0.0
7620,464,0,0.0,0,0.0,0,0.0,0,0.0
7621,127,0,0.0,0,0.0,0,0.0,0,0.0
7621,117,0,0.0,0,0.0,0,0.0,0,0.0
7621,3510,0,0.0,0,0.0,0,0.0,0,0.0
7621,246,0,0.0,0,0.0,0,0.0,0,0.0
7621,277,0,0.0,0,0.0,0,0.0,0,0.0
7627,922,0,0.0,0,0.0,0,0.0,0,0.0
7627,819,0,0.0,0,0.0,0,0.0,0,0.0
7627,779,0,0.0,0,0.0,0,0.0,0,0.0
7627,1732,0,0.0,0,0.0,0,0.0,0,0.0
7627,3081,0,0.0,0,0.0,0,0.0,0,0.0
7630,1244,0,0.0,0,0.0,0,0.0,0,0.0
7630,1611,0,0.0,0,0.0,0,0.0,0,0.0
7630,994,0,0.0,0,0.0,0,0.0,0,0.0
7630,806,0,0.0,0,0.0,0,0.0,0,0.0
7630,1542,0,0.0,0,0.0,0,0.0,0,0.0
7639,23,0,0.0,0,0.0,0,0.0,1,0.1
7639,55,0,0.0,0,0.0,0,0.0,0,0.0
7639,33,0,0.0,0,0.0,0,0.0,1,0.1
7639,20,0,0.0,0,0.0,0,0.0,1,0.1
7639,29,0,0.0,0,0.0,0,0.0,1,0.1
7653,220,0,0.0,0,0.0,0,0.0,0,0.0
7653,1029,0,0.0,0,0.0,0,0.0,0,0.0
7653,1334,0,0.0,0,0.0,0,0.0,0,0.0
7653,52,0,0.0,0,0.0,0,0.0,0,0.0
7653,970,0,0.0,0,0.0,0,0.0,0,0.0
7654,92,0,0.0,0,0.0,0,0.0,0,0.0
7654,29,0,0.0,0,0.0,0,0.0,1,0.1
7654,453,0,0.0,0,0.0,0,0.0,0,0.0
7654,752,0,0.0,0,0.0,0,0.0,0,0.0
7654,674,0,0.0,0,0.0,0,0.0,0,0.0
7655,1465,0,0.0,0,0.0,0,0.0,0,0.0
7655,570,0,0.0,0,0.0,0,0.0,0,0.0
7655,1790,0,0.0,0,0.0,0,0.0,0,0.0
7655,1923,0,0.0,0,0.0,0,0.0,0,0.0
7655,94,0,0.0,0,0.0,0,0.0,0,0.0
7660,127,0,0.0,0,0.0,0,0.0,0,0.0
7660,364,0,0.0,0,0.0,0,0.0,0,0.0
7660,123,0,0.0,0,0.0,0,0.0,0,0.0
7660,64,0,0.0,0,0.0,0,0.0,0,0.0
7660,1192,0,0.0,0,0.0,0,0.0,0,0.0
7661,354,0,0.0,0,0.0,0,0.0,0,0.0
7661,1762,0,0.0,0,0.0,0,0.0,0,0.0
7661,2111,0,0.0,0,0.0,0,0.0,0,0.0
7661,308,0,0.0,0,0.0,0,0.0,0,0.0
7661,464,0,0.0,0,0.0,0,0.0,0,0.0
7703,436,0,0.0,0,0.0,0,0.0,0,0.0
7703,410,0,0.0,0,0.0,0,0.0,0,0.0
7703,409,0,0.0,0,0.0,0,0.0,0,0.0
7703,373,0,0.0,0,0.0,0,0.0,0,0.0
7703,548,0,0.0,0,0.0,0,0.0,0,0.0
7733,803,0,0.0,0,0.0,0,0.0,0,0.0
7733,2162,0,0.0,0,0.0,0,0.0,0,0.0
7733,1409,0,0.0,0,0.0,0,0.0,0,0.0
7733,3799,0,0.0,0,0.0,0,0.0,0,0.0
7733,1441,0,0.0,0,0.0,0,0.0,0,0.0
7739,86,0,0.0,0,0.0,0,0.0,0,0.0
7739,123,0,0.0,0,0.0,0,0.0,0,0.0
7739,228,0,0.0,0,0.0,0,0.0,0,0.0
7739,3413,0,0.0,0,0.0,0,0.0,0,0.0
7739,161,0,0.0,0,0.0,0,0.0,0,0.0
7756,340,0,0.0,0,0.0,0,0.0,0,0.0
7756,3797,0,0.0,0,0.0,0,0.0,0,0.0
7756,2220,0,0.0,0,0.0,0,0.0,0,0.0
7756,560,0,0.0,0,0.0,0,0.0,0,0.0
7756,618,0,0.0,0,0.0,0,0.0,0,0.0
7757,292,0,0.0,0,0.0,0,0.0,0,0.0
7757,104,0,0.0,0,0.0,0,0.0,0,0.0
7757,2753,0,0.0,0,0.0,0,0.0,0,0.0
7757,65,0,0.0,0,0.0,0,0.0,0,0.0
7757,2561,0,0.0,0,0.0,0,0.0,0,0.0
7778,882,0,0.0,0,0.0,0,0.0,0,0.0
7778,2646,0,0.0,0,0.0,0,0.0,0,0.0
7778,1512,0,0.0,0,0.0,0,0.0,0,0.0
7778,2622,0,0.0,0,0.0,0,0.0,0,0.0
7778,1446,0,0.0,0,0.0,0,0.0,0,0.0
7780,1731,0,0.0,0,0.0,0,0.0,0,0.0
7780,988,0,0.0,0,0.0,0,0.0,0,0.0
7780,1091,0,0.0,0,0.0,0,0.0,0,0.0
7780,1237,0,0.0,0,0.0,0,0.0,0,0.0
7780,791,0,0.0,0,0.0,0,0.0,0,0.0
7804,589,0,0.0,0,0.0,0,0.0,0,0.0
7804,891,0,0.0,0,0.0,0,0.0,0,0.0
7804,521,0,0.0,0,0.0,0,0.0,0,0.0
7804,192,0,0.0,0,0.0,0,0.0,0,0.0
7804,309,0,0.0,0,0.0,0,0.0,0,0.0
7805,1651,0,0.0,0,0.0,0,0.0,0,0.0
7805,2100,0,0.0,0,0.0,0,0.0,0,0.0
7805,1006,0,0.0,0,0.0,0,0.0,0,0.0
7805,525,0,0.0,0,0.0,0,0.0,0,0.0
7809,372,0,0.0,0,0.0,0,0.0,0,0.0
7809,449,0,0.0,0,0.0,0,0.0,0,0.0
7809,339,0,0.0,0,0.0,0,0.0,0,0.0
7809,390,0,0.0,0,0.0,0,0.0,0,0.0
7809,445,0,0.0,0,0.0,0,0.0,0,0.0
7825,49,0,0.0,0,0.0,0,0.0,1,0.02
7825,10,0,0.0,0,0.0,0,0.0,1,0.1
7825,20,0,0.0,0,0.0,0,0.0,1,0.1
7825,39,0,0.0,0,0.0,0,0.0,1,0.1
7825,30,0,0.0,0,0.0,0,0.0,1,0.1
7832,138,0,0.0,0,0.0,0,0.0,0,0.0
7832,730,0,0.0,0,0.0,0,0.0,0,0.0
7832,341,0,0.0,0,0.0,0,0.0,0,0.0
7832,599,0,0.0,0,0.0,0,0.0,0,0.0
7832,152,0,0.0,0,0.0,0,0.0,0,0.0
7851,329,0,0.0,0,0.0,0,0.0,0,0.0
7851,1643,0,0.0,0,0.0,0,0.0,0,0.0
7851,944,0,0.0,0,0.0,0,0.0,0,0.0
7851,450,0,0.0,0,0.0,0,0.0,0,0.0
7851,734,0,0.0,0,0.0,0,0.0,0,0.0
7853,312,0,0.0,0,0.0,0,0.0,0,0.0
7853,283,0,0.0,0,0.0,0,0.0,0,0.0
7853,593,0,0.0,0,0.0,0,0.0,0,0.0
7853,467,0,0.0,0,0.0,0,0.0,0,0.0
7853,226,0,0.0,0,0.0,0,0.0,0,0.0
7862,1746,0,0.0,0,0.0,0,0.0,0,0.0
7862,33,0,0.0,0,0.0,0,0.0,1,0.1
7862,545,0,0.0,0,0.0,0,0.0,0,0.0
7862,514,0,0.0,0,0.0,0,0.0,0,0.0
7862,1293,0,0.0,0,0.0,0,0.0,0,0.0
7867,1090,0,0.0,0,0.0,0,0.0,0,0.0
7867,117,0,0.0,0,0.0,0,0.0,0,0.0
7867,293,0,0.0,0,0.0,0,0.0,0,0.0
7867,364,0,0.0,0,0.0,0,0.0,0,0.0
7867,101,0,0.0,0,0.0,0,0.0,0,0.0
7868,136,0,0.0,0,0.0,0,0.0,0,0.0
7868,142,0,0.0,0,0.0,0,0.0,0,0.0
7868,59,0,0.0,0,0.0,0,0.0,0,0.0
7868,97,0,0.0,0,0.0,0,0.0,0,0.0
7868,93,0,0.0,0,0.0,0,0.0,0,0.0
7880,442,0,0.0,0,0.0,0,0.0,0,0.0
7880,738,0,0.0,0,0.0,0,0.0,0,0.0
7880,1999,0,0.0,0,0.0,0,0.0,0,0.0
7880,841,0,0.0,0,0.0,0,0.0,0,0.0
7880,914,0,0.0,0,0.0,0,0.0,0,0.0
7881,15,0,0.0,0,0.0,0,0.0,1,0.1
7881,96,0,0.0,0,0.0,0,0.0,0,0.0
7881,1379,0,0.0,0,0.0,0,0.0,0,0.0
7881,123,0,0.0,0,0.0,0,0.0,0,0.0
7881,697,0,0.0,0,0.0,0,0.0,0,0.0
7883,27,0,0.0,0,0.0,0,0.0,1,0.1
7883,14,0,0.0,0,0.0,0,0.0,1,0.1
7883,26,0,0.0,0,0.0,0,0.0,1,0.1
7883,975,0,0.0,0,0.0,0,0.0,0,0.0
7883,22,0,0.0,0,0.0,0,0.0,1,0.1
7892,2241,0,0.0,0,0.0,0,0.0,0,0.0
7892,392,0,0.0,0,0.0,0,0.0,0,0.0
7892,420,0,0.0,0,0.0,0,0.0,0,0.0
7892,2507,0,0.0,0,0.0,0,0.0,0,0.0
7892,1360,0,0.0,0,0.0,0,0.0,0,0.0
7902,414,0,0.0,0,0.0,0,0.0,0,0.0
7902,91,0,0.0,0,0.0,0,0.0,0,0.0
7902,232,0,0.0,0,0.0,0,0.0,0,0.0
7902,390,0,0.0,0,0.0,0,0.0,0,0.0
7902,457,0,0.0,0,0.0,0,0.0,0,0.0
7912,745,0,0.0,0,0.0,0,0.0,0,0.0
7912,516,0,0.0,0,0.0,0,0.0,0,0.0
7912,638,0,0.0,0,0.0,0,0.0,0,0.0
7912,1223,0,0.0,0,0.0,0,0.0,0,0.0
7912,208,0,0.0,0,0.0,0,0.0,0,0.0
7937,158,0,0.0,0,0.0,0,0.0,0,0.0
7937,328,0,0.0,0,0.0,0,0.0,0,0.0
7937,167,0,0.0,0,0.0,0,0.0,0,0.0
7937,144,0,0.0,0,0.0,0,0.0,0,0.0
7937,135,0,0.0,0,0.0,0,0.0,0,0.0
7973,85,0,0.0,0,0.0,0,0.0,0,0.0
7973,1484,0,0.0,0,0.0,0,0.0,0,0.0
7973,44,0,0.0,0,0.0,0,0.0,1,0.1
7973,34,0,0.0,0,0.0,0,0.0,1,0.1
7973,179,0,0.0,0,0.0,0,0.0,0,0.0
7975,609,0,0.0,0,0.0,0,0.0,0,0.0
7975,1062,0,0.0,0,0.0,0,0.0,0,0.0
7975,561,0,0.0,0,0.0,0,0.0,0,0.0
7975,866,0,0.0,0,0.0,0,0.0,0,0.0
7975,1003,0,0.0,0,0.0,0,0.0,0,0.0
7976,207,0,0.0,0,0.0,0,0.0,0,0.0
7976,90,0,0.0,0,0.0,0,0.0,0,0.0
7976,917,0,0.0,0,0.0,0,0.0,0,0.0
7976,66,0,0.0,0,0.0,0,0.0,0,0.0
7982,236,0,0.0,0,0.0,0,0.0,0,0.0
7982,422,0,0.0,0,0.0,0,0.0,0,0.0
7982,83,0,0.0,0,0.0,0,0.0,0,0.0
7982,68,0,0.0,0,0.0,0,0.0,0,0.0
7983,71,0,0.0,0,0.0,0,0.0,0,0.0
7983,54,0,0.0,0,0.0,0,0.0,0,0.0
7983,401,0,0.0,0,0.0,0,0.0,0,0.0
7983,69,0,0.0,0,0.0,0,0.0,0,0.0
7983,148,0,0.0,0,0.0,0,0.0,0,0.0
7984,1504,0,0.0,0,0.0,0,0.0,0,0.0
7984,921,0,0.0,0,0.0,0,0.0,0,0.0
7984,854,0,0.0,0,0.0,0,0.0,0,0.0
7984,261,0,0.0,0,0.0,0,0.0,0,0.0
7984,776,0,0.0,0,0.0,0,0.0,0,0.0
7993,1029,0,0.0,0,0.0,0,0.0,0,0.0
7993,167,0,0.0,0,0.0,0,0.0,0,0.0
7993,1038,0,0.0,0,0.0,0,0.0,0,0.0
7993,687,0,0.0,0,0.0,0,0.0,0,0.0
7993,942,0,0.0,0,0.0,0,0.0,0,0.0
8014,1278,0,0.0,0,0.0,0,0.0,0,0.0
8014,1149,0,0.0,0,0.0,0,0.0,0,0.0
8014,1077,0,0.0,0,0.0,0,0.0,0,0.0
8014,1222,0,0.0,0,0.0,0,0.0,0,0.0
8014,1756,0,0.0,0,0.0,0,0.0,0,0.0
8025,2068,0,0.0,0,0.0,0,0.0,0,0.0
8025,2162,0,0.0,0,0.0,0,0.0,0,0.0
8025,1112,0,0.0,0,0.0,0,0.0,0,0.0
8025,1281,0,0.0,0,0.0,0,0.0,0,0.0
8025,2922,0,0.0,0,0.0,0,0.0,0,0.0
8033,1601,0,0.0,0,0.0,0,0.0,0,0.0
8033,3362,0,0.0,0,0.0,0,0.0,0,0.0
8033,2773,0,0.0,0,0.0,0,0.0,0,0.0
8033,3138,0,0.0,0,0.0,0,0.0,0,0.0
8033,2456,0,0.0,0,0.0,0,0.0,0,0.0
8035,196,0,0.0,0,0.0,0,0.0,0,0.0
8035,1644,0,0.0,0,0.0,0,0.0,0,0.0
8035,295,0,0.0,0,0.0,0,0.0,0,0.0
8035,74,0,0.0,0,0.0,0,0.0,0,0.0
8035,206,0,0.0,0,0.0,0,0.0,0,0.0
8066,1737,0,0.0,0,0.0,0,0.0,0,0.0
8066,1328,0,0.0,0,0.0,0,0.0,0,0.0
8066,2142,0,0.0,0,0.0,0,0.0,0,0.0
8066,529,0,0.0,0,0.0,0,0.0,0,0.0
8066,874,0,0.0,0,0.0,0,0.0,0,0.0
8068,143,0,0.0,0,0.0,0,0.0,0,0.0
8068,99,0,0.0,0,0.0,0,0.0,0,0.0
8068,10,0,0.0,0,0.0,0,0.0,1,0.1
8068,49,0,0.0,0,0.0,0,0.0,1,0.02
8068,213,0,0.0,0,0.0,0,0.0,0,0.0
8079,153,0,0.0,0,0.0,0,0.0,0,0.0
8079,138,0,0.0,0,0.0,0,0.0,0,0.0
8079,133,0,0.0,0,0.0,0,0.0,0,0.0
8079,193,0,0.0,0,0.0,0,0.0,0,0.0
8079,2679,0,0.0,0,0.0,0,0.0,0,0.0
8108,25,0,0.0,0,0.0,0,0.0,1,0.1
8108,404,0,0.0,0,0.0,0,0.0,0,0.0
8108,360,0,0.0,0,0.0,0,0.0,0,0.0
8108,630,0,0.0,0,0.0,0,0.0,0,0.0
8108,61,0,0.0,0,0.0,0,0.0,0,0.0
8117,2099,0,0.0,0,0.0,0,0.0,0,0.0
8117,38,0,0.0,0,0.0,0,0.0,1,0.1
8117,63,0,0.0,0,0.0,0,0.0,0,0.0
8117,374,0,0.0,0,0.0,0,0.0,0,0.0
8117,715,0,0.0,0,0.0,0,0.0,0,0.0
8125,55,0,0.0,0,0.0,0,0.0,0,0.0
8125,420,0,0.0,0,0.0,0,0.0,0,0.0
8125,315,0,0.0,0,0.0,0,0.0,0,0.0
8125,413,0,0.0,0,0.0,0,0.0,0,0.0
8125,2473,0,0.0,0,0.0,0,0.0,0,0.0
8126,469,0,0.0,0,0.0,0,0.0,0,0.0
8126,594,0,0.0,0,0.0,0,0.0,0,0.0
8126,343,0,0.0,0,0.0,0,0.0,0,0.0
8126,2449,0,0.0,0,0.0,0,0.0,0,0.0
8126,284,0,0.0,0,0.0,0,0.0,0,0.0
8130,127,0,0.0,0,0.0,0,0.0,0,0.0
8130,499,0,0.0,0,0.0,0,0.0,0,0.0
8130,1604,0,0.0,0,0.0,0,0.0,0,0.0
8130,782,0,0.0,0,0.0,0,0.0,0,0.0
8130,1265,0,0.0,0,0.0,0,0.0,0,0.0
8146,287,0,0.0,0,0.0,0,0.0,0,0.0
8146,335,0,0.0,0,0.0,0,0.0,0,0.0
8146,162,0,0.0,0,0.0,0,0.0,0,0.0
8146,141,0,0.0,0,0.0,0,0.0,0,0.0
8146,344,0,0.0,0,0.0,0,0.0,0,0.0
8172,93,0,0.0,0,0.0,0,0.0,0,0.0
8172,50,0,0.0,0,0.0,0,0.0,0,0.0
8172,4,0,0.0,1,0.2,1,0.5,1,0.1
8172,19,0,0.0,0,0.0,0,0.0,1,0.1
8172,120,0,0.0,0,0.0,0,0.0,0,0.0
8174,273,0,0.0,0,0.0,0,0.0,0,0.0
8174,114,0,0.0,0,0.0,0,0.0,0,0.0
8174,390,0,0.0,0,0.0,0,0.0,0,0.0
8174,452,0,0.0,0,0.0,0,0.0,0,0.0
8174,121,0,0.0,0,0.0,0,0.0,0,0.0
8183,86,0,0.0,0,0.0,0,0.0,0,0.0
8183,138,0,0.0,0,0.0,0,0.0,0,0.0
8183,142,0,0.0,0,0.0,0,0.0,0,0.0
8183,201,0,0.0,0,0.0,0,0.0,0,0.0
8183,93,0,0.0,0,0.0,0,0.0,0,0.0
8184,203,0,0.0,0,0.0,0,0.0,0,0.0
8184,446,0,0.0,0,0.0,0,0.0,0,0.0
8184,493,0,0.0,0,0.0,0,0.0,0,0.0
8184,160,0,0.0,0,0.0,0,0.0,0,0.0
8184,474,0,0.0,0,0.0,0,0.0,0,0.0
8187,155,0,0.0,0,0.0,0,0.0,0,0.0
8187,716,0,0.0,0,0.0,0,0.0,0,0.0
8187,347,0,0.0,0,0.0,0,0.0,0,0.0
8187,1420,0,0.0,0,0.0,0,0.0,0,0.0
8192,143,0,0.0,0,0.0,0,0.0,0,0.0
8192,50,0,0.0,0,0.0,0,0.0,0,0.0
8192,64,0,0.0,0,0.0,0,0.0,0,0.0
8197,282,0,0.0,0,0.0,0,0.0,0,0.0
8197,783,0,0.0,0,0.0,0,0.0,0,0.0
8197,1272,0,0.0,0,0.0,0,0.0,0,0.0
8197,580,0,0.0,0,0.0,0,0.0,0,0.0
8197,1287,0,0.0,0,0.0,0,0.0,0,0.0
8201,2540,0,0.0,0,0.0,0,0.0,0,0.0
8201,1288,0,0.0,0,0.0,0,0.0,0,0.0
8201,2991,0,0.0,0,0.0,0,0.0,0,0.0
8201,2662,0,0.0,0,0.0,0,0.0,0,0.0
8201,2954,0,0.0,0,0.0,0,0.0,0,0.0
8215,511,0,0.0,0,0.0,0,0.0,0,0.0
8215,55,0,0.0,0,0.0,0,0.0,0,0.0
8215,1820,0,0.0,0,0.0,0,0.0,0,0.0
8215,769,0,0.0,0,0.0,0,0.0,0,0.0
8215,616,0,0.0,0,0.0,0,0.0,0,0.0
8218,100,0,0.0,0,0.0,0,0.0,0,0.0
8218,15,0,0.0,0,0.0,0,0.0,1,0.1
8218,1307,0,0.0,0,0.0,0,0.0,0,0.0
8218,20,0,0.0,0,0.0,0,0.0,1,0.1
8218,171,0,0.0,0,0.0,0,0.0,0,0.0
8248,63,0,0.0,0,0.0,0,0.0,0,0.0
8248,167,0,0.0,0,0.0,0,0.0,0,0.0
8248,49,0,0.0,0,0.0,0,0.0,1,0.02
8248,972,0,0.0,0,0.0,0,0.0,0,0.0
8249,1883,0,0.0,0,0.0,0,0.0,0,0.0
8249,750,0,0.0,0,0.0,0,0.0,0,0.0
8249,538,0,0.0,0,0.0,0,0.0,0,0.0
8251,231,0,0.0,0,0.0,0,0.0,0,0.0
8251,187,0,0.0,0,0.0,0,0.0,0,0.0
8251,637,0,0.0,0,0.0,0,0.0,0,0.0
8251,144,0,0.0,0,0.0,0,0.0,0,0.0
8251,3527,0,0.0,0,0.0,0,0.0,0,0.0
8255,101,0,0.0,0,0.0,0,0.0,0,0.0
8255,110,0,0.0,0,0.0,0,0.0,0,0.0
8255,1870,0,0.0,0,0.0,0,0.0,0,0.0
8274,39,0,0.0,0,0.0,0,0.0,1,0.1
8274,194,0,0.0,0,0.0,0,0.0,0,0.0
8274,51,0,0.0,0,0.0,0,0.0,0,0.0
8274,199,0,0.0,0,0.0,0,0.0,0,0.0
8274,232,0,0.0,0,0.0,0,0.0,0,0.0
8288,5,0,0.0,0,0.0,1,0.5,1,0.1
8288,0,1,1.0,1,1.0,1,0.5,1,0.1
8288,0,1,1.0,1,1.0,1,0.5,1,0.1
8288,0,1,1.0,1,1.0,1,0.5,1,0.1
8288,10,0,0.0,0,0.0,0,0.0,1,0.1
8308,295,0,0.0,0,0.0,0,0.0,0,0.0
8308,29,0,0.0,0,0.0,0,0.0,1,0.1
8308,1051,0,0.0,0,0.0,0,0.0,0,0.0
8308,2239,0,0.0,0,0.0,0,0.0,0,0.0
8308,141,0,0.0,0,0.0,0,0.0,0,0.0
8310,25,0,0.0,0,0.0,0,0.0,1,0.1
8310,54,0,0.0,0,0.0,0,0.0,0,0.0
8310,130,0,0.0,0,0.0,0,0.0,0,0.0
8310,82,0,0.0,0,0.0,0,0.0,0,0.0
8310,462,0,0.0,0,0.0,0,0.0,0,0.0
8311,211,0,0.0,0,0.0,0,0.0,0,0.0
8311,583,0,0.0,0,0.0,0,0.0,0,0.0
8311,511,0,0.0,0,0.0,0,0.0,0,0.0
8311,65,0,0.0,0,0.0,0,0.0,0,0.0
8311,30,0,0.0,0,0.0,0,0.0,1,0.1
8319,4013,0,0.0,0,0.0,0,0.0,0,0.0
8319,3979,0,0.0,0,0.0,0,0.0,0,0.0
8319,997,0,0.0,0,0.0,0,0.0,0,0.0
8319,3960,0,0.0,0,0.0,0,0.0,0,0.0
8319,286,0,0.0,0,0.0,0,0.0,0,0.0
8323,30,0,0.0,0,0.0,0,0.0,1,0.1
8323,190,0,0.0,0,0.0,0,0.0,0,0.0
8323,785,0,0.0,0,0.0,0,0.0,0,0.0
8323,658,0,0.0,0,0.0,0,0.0,0,0.0
8323,1016,0,0.0,0,0.0,0,0.0,0,0.0
8331,552,0,0.0,0,0.0,0,0.0,0,0.0
8331,592,0,0.0,0,0.0,0,0.0,0,0.0
8331,1383,0,0.0,0,0.0,0,0.0,0,0.0
8331,240,0,0.0,0,0.0,0,0.0,0,0.0
8338,0,1,1.0,1,1.0,1,0.5,1,0.1
8338,5,0,0.0,0,0.0,1,0.5,1,0.1
8338,19,0,0.0,0,0.0,0,0.0,1,0.1
8338,25,0,0.0,0,0.0,0,0.0,1,0.1
8338,75,0,0.0,0,0.0,0,0.0,0,0.0
8358,40,0,0.0,0,0.0,0,0.0,1,0.08
8358,59,0,0.0,0,0.0,0,0.0,0,0.0
8358,29,0,0.0,0,0.0,0,0.0,1,0.08
8358,54,0,0.0,0,0.0,0,0.0,0,0.0
8359,409,0,0.0,0,0.0,0,0.0,0,0.0
8359,200,0,0.0,0,0.0,0,0.0,0,0.0
8359,822,0,0.0,0,0.0,0,0.0,0,0.0
8359,184,0,0.0,0,0.0,0,0.0,0,0.0
8363,193,0,0.0,0,0.0,0,0.0,0,0.0
8363,168,0,0.0,0,0.0,0,0.0,0,0.0
8363,131,0,0.0,0,0.0,0,0.0,0,0.0
8363,163,0,0.0,0,0.0,0,0.0,0,0.0
8363,111,0,0.0,0,0.0,0,0.0,0,0.0
8372,54,0,0.0,0,0.0,0,0.0,0,0.0
8372,3150,0,0.0,0,0.0,0,0.0,0,0.0
8372,49,0,0.0,0,0.0,0,0.0,1,0.02
8372,163,0,0.0,0,0.0,0,0.0,0,0.0
8374,104,0,0.0,0,0.0,0,0.0,0,0.0
8374,242,0,0.0,0,0.0,0,0.0,0,0.0
8374,357,0,0.0,0,0.0,0,0.0,0,0.0
8379,355,0,0.0,0,0.0,0,0.0,0,0.0
8379,312,0,0.0,0,0.0,0,0.0,0,0.0
8381,1583,0,0.0,0,0.0,0,0.0,0,0.0
8381,1011,0,0.0,0,0.0,0,0.0,0,0.0
8381,884,0,0.0,0,0.0,0,0.0,0,0.0
8381,778,0,0.0,0,0.0,0,0.0,0,0.0
8381,2977,0,0.0,0,0.0,0,0.0,0,0.0
8387,15,0,0.0,0,0.0,0,0.0,1,0.1
8387,33,0,0.0,0,0.0,0,0.0,1,0.1
8387,15,0,0.0,0,0.0,0,0.0,1,0.1
8387,93,0,0.0,0,0.0,0,0.0,0,0.0
8387,389,0,0.0,0,0.0,0,0.0,0,0.0
8409,1273,0,0.0,0,0.0,0,0.0,0,0.0
8409,735,0,0.0,0,0.0,0,0.0,0,0.0
8409,2353,0,0.0,0,0.0,0,0.0,0,0.0
8409,532,0,0.0,0,0.0,0,0.0,0,0.0
8409,228,0,0.0,0,0.0,0,0.0,0,0.0
8416,19,0,0.0,0,0.0,0,0.0,1,0.1
8416,0,1,1.0,1,1.0,1,0.5,1,0.1
8416,189,0,0.0,0,0.0,0,0.0,0,0.0
8416,0,1,1.0,1,1.0,1,0.5,1,0.1
8416,194,0,0.0,0,0.0,0,0.0,0,0.0
8434,1885,0,0.0,0,0.0,0,0.0,0,0.0
8434,462,0,0.0,0,0.0,0,0.0,0,0.0
8434,81,0,0.0,0,0.0,0,0.0,0,0.0
8434,2374,0,0.0,0,0.0,0,0.0,0,0.0
8436,518,0,0.0,0,0.0,0,0.0,0,0.0
8436,450,0,0.0,0,0.0,0,0.0,0,0.0
8436,752,0,0.0,0,0.0,0,0.0,0,0.0
8436,411,0,0.0,0,0.0,0,0.0,0,0.0
8436,505,0,0.0,0,0.0,0,0.0,0,0.0
8440,54,0,0.0,0,0.0,0,0.0,0,0.0
8440,25,0,0.0,0,0.0,0,0.0,1,0.08
8440,0,1,1.0,1,0.8,1,0.4,1,0.08
8440,0,1,1.0,1,0.8,1,0.4,1,0.08
8458,1108,0,0.0,0,0.0,0,0.0,0,0.0
8458,1186,0,0.0,0,0.0,0,0.0,0,0.0
8458,857,0,0.0,0,0.0,0,0.0,0,0.0
8458,1258,0,0.0,0,0.0,0,0.0,0,0.0
8458,786,0,0.0,0,0.0,0,0.0,0,0.0
8465,362,0,0.0,0,0.0,0,0.0,0,0.0
8465,286,0,0.0,0,0.0,0,0.0,0,0.0
8465,159,0,0.0,0,0.0,0,0.0,0,0.0
8465,275,0,0.0,0,0.0,0,0.0,0,0.0
8465,378,0,0.0,0,0.0,0,0.0,0,0.0
8488,491,0,0.0,0,0.0,0,0.0,0,0.0
8488,2463,0,0.0,0,0.0,0,0.0,0,0.0
8488,984,0,0.0,0,0.0,0,0.0,0,0.0
8488,1518,0,0.0,0,0.0,0,0.0,0,0.0
8488,20,0,0.0,0,0.0,0,0.0,1,0.1
8493,2491,0,0.0,0,0.0,0,0.0,0,0.0
8493,2155,0,0.0,0,0.0,0,0.0,0,0.0
8493,3329,0,0.0,0,0.0,0,0.0,0,0.0
8493,947,0,0.0,0,0.0,0,0.0,0,0.0
8493,1728,0,0.0,0,0.0,0,0.0,0,0.0
8497,580,0,0.0,0,0.0,0,0.0,0,0.0
8497,44,0,0.0,0,0.0,0,0.0,1,0.1
8497,120,0,0.0,0,0.0,0,0.0,0,0.0
8497,54,0,0.0,0,0.0,0,0.0,0,0.0
8497,77,0,0.0,0,0.0,0,0.0,0,0.0
8499,162,0,0.0,0,0.0,0,0.0,0,0.0
8499,64,0,0.0,0,0.0,0,0.0,0,0.0
8499,123,0,0.0,0,0.0,0,0.0,0,0.0
8499,860,0,0.0,0,0.0,0,0.0,0,0.0
8503,371,0,0.0,0,0.0,0,0.0,0,0.0
8503,624,0,0.0,0,0.0,0,0.0,0,0.0
8503,888,0,0.0,0,0.0,0,0.0,0,0.0
8514,168,0,0.0,0,0.0,0,0.0,0,0.0
8514,200,0,0.0,0,0.0,0,0.0,0,0.0
8514,154,0,0.0,0,0.0,0,0.0,0,0.0
8515,520,0,0.0,0,0.0,0,0.0,0,0.0
8515,338,0,0.0,0,0.0,0,0.0,0,0.0
8515,262,0,0.0,0,0.0,0,0.0,0,0.0
8516,245,0,0.0,0,0.0,0,0.0,0,0.0
8516,555,0,0.0,0,0.0,0,0.0,0,0.0
8516,869,0,0.0,0,0.0,0,0.0,0,0.0
